county_fips,county_name,state,ng_price_per_mcf,ng_price_per_mmbtu,price_source,num_ldcs,primary_ldc,primary_ldc_type,coverage_pct
1001,Autauga,AL,11.236187983731284,11.236187983731284,hifld_spatial,1,ALABAMA GAS CORP,INVESTOR-OWNED,96.57071317455878
1003,Baldwin,AL,10.743166465015548,10.743166465015548,hifld_spatial,6,NORTH BALDWIN UTILITIES,MUNICIPAL,64.9053890300781
1005,Barbour,AL,11.236187983731284,11.236187983731284,hifld_spatial,1,ALABAMA GAS CORP,INVESTOR-OWNED,1.7707483563328874
1007,Bibb,AL,11.236187983731284,11.236187983731284,hifld_spatial,1,ALABAMA GAS CORP,INVESTOR-OWNED,96.94494804792926
1009,Blount,AL,10.094092486504287,10.094092486504287,hifld_spatial,3,ONEONTA UTILITY BOARD,MUNICIPAL,48.38900581145063
1011,Bullock,AL,7.189458165775882,7.189458165775882,hifld_spatial,2,UNION SPRINGS UTIL BOARD,MUNICIPAL,23.867762845607597
1013,Butler,AL,6.483134007973014,6.483134007973014,hifld_spatial,1,WILCOX CTY GAS DIST.,MUNICIPAL,1.4500551651489997
1015,Calhoun,AL,11.121807689120793,11.121807689120793,hifld_spatial,4,ALABAMA GAS CORP,INVESTOR-OWNED,100.01087373452938
1017,Chambers,AL,11.23333640344066,11.23333640344066,hifld_spatial,4,ALABAMA GAS CORP,INVESTOR-OWNED,99.79359471865664
1019,Cherokee,AL,7.376399447812526,7.376399447812526,hifld_spatial,5,DEKALB CHEROKEE-COUNTIES,MUNICIPAL,27.40447761591967
1021,Chilton,AL,11.166588691361923,11.166588691361923,hifld_spatial,2,ALABAMA GAS CORP,INVESTOR-OWNED,1.9774657342466588
1023,Choctaw,AL,11.194214276893826,11.194214276893826,hifld_spatial,2,ALABAMA GAS CORP,INVESTOR-OWNED,1.660588379273936
1025,Clarke,AL,9.887793985677249,9.887793985677249,hifld_spatial,2,ALABAMA GAS CORP,INVESTOR-OWNED,59.28721136105876
1027,Clay,AL,8.963688246798107,8.963688246798107,hifld_spatial,4,EAST CENTRAL ALABAMA GAS DIST,MUNICIPAL,99.39211384806713
1029,Cleburne,AL,11.227556689421313,11.227556689421313,hifld_spatial,4,ALABAMA GAS CORP,INVESTOR-OWNED,99.58131647775042
1031,Coffee,AL,10.904249601005551,10.904249601005551,hifld_spatial,1,GENEVA CTY GAS DIST,MUNICIPAL,0.0003592913368926
1033,Colbert,AL,8.719886358200105,8.719886358200105,hifld_spatial,6,RUSSELLVILLE GAS BOARD,MUNICIPAL,92.65184526363312
1035,Conecuh,AL,5.705971677649091,5.705971677649091,hifld_spatial,2,SOUTH ALABAMA GAS,MUNICIPAL,5.572092018729464
1037,Coosa,AL,7.916657509058327,7.916657509058327,hifld_spatial,4,EAST CENTRAL ALABAMA GAS DIST,MUNICIPAL,39.48494588546678
1039,Covington,AL,4.5983110748033145,4.5983110748033145,hifld_spatial,3,SOUTHEAST ALABAMA GAS DIST,MUNICIPAL,37.03613271622092
1041,Crenshaw,AL,11.236187983731284,11.236187983731284,hifld_spatial,1,ALABAMA GAS CORP,INVESTOR-OWNED,0.0177649502884733
1043,Cullman,AL,6.390005594650987,6.390005594650987,hifld_spatial,3,CULLMAN JEFFERSON GAS,MUNICIPAL,22.11401152444221
1045,Dale,AL,4.533597744022355,4.533597744022355,state_avg_no_coverage,0,,,0.0
1047,Dallas,AL,11.236187983731284,11.236187983731284,hifld_spatial,1,ALABAMA GAS CORP,INVESTOR-OWNED,99.40267318924164
1049,DeKalb,AL,7.288318569406891,7.288318569406891,hifld_spatial,4,DEKALB CHEROKEE-COUNTIES,MUNICIPAL,62.22314413264819
1051,Elmore,AL,11.229650127938513,11.229650127938513,hifld_spatial,3,ALABAMA GAS CORP,INVESTOR-OWNED,99.71199536928168
1053,Escambia,AL,5.183075124581676,5.183075124581676,hifld_spatial,4,"BREWTON, CITY OF",MUNICIPAL,29.72973864182809
1055,Etowah,AL,11.219275718427504,11.219275718427504,hifld_spatial,6,ALABAMA GAS CORP,INVESTOR-OWNED,99.41044439533457
1057,Fayette,AL,5.714446939766245,5.714446939766245,hifld_spatial,3,FAYETTE GAS BOARD,MUNICIPAL,32.03201096547035
1059,Franklin,AL,8.011217351672203,8.011217351672203,hifld_spatial,4,RUSSELLVILLE GAS BOARD,MUNICIPAL,99.2583362363092
1061,Geneva,AL,10.90424960100555,10.90424960100555,hifld_spatial,1,GENEVA CTY GAS DIST,MUNICIPAL,60.636120940796616
1063,Greene,AL,11.236185751912917,11.236185751912917,hifld_spatial,2,ALABAMA GAS CORP,INVESTOR-OWNED,98.37745845910108
1065,Hale,AL,11.236187983731284,11.236187983731284,hifld_spatial,1,ALABAMA GAS CORP,INVESTOR-OWNED,100.00000000000004
1067,Henry,AL,10.575950792688207,10.575950792688207,hifld_spatial,1,"BLAKELY, CITY OF",MUNICIPAL,0.3206011098296271
1069,Houston,AL,10.582862577797451,10.582862577797451,hifld_spatial,2,"BLAKELY, CITY OF",MUNICIPAL,0.1302971408836477
1071,Jackson,AL,7.2966346622962845,7.2966346622962845,hifld_spatial,5,BRIDGEPORT UTIL BOARD,MUNICIPAL,61.59992605774278
1073,Jefferson,AL,6.9686202753923085,6.9686202753923085,hifld_spatial,3,CULLMAN JEFFERSON GAS,MUNICIPAL,21.322338382578028
1075,Lamar,AL,5.889907635558784,5.889907635558784,hifld_spatial,3,NW ALABAMA GAS DIST/FREEBIRD,MUNICIPAL,35.09022962233331
1077,Lauderdale,AL,10.56185459338034,10.56185459338034,hifld_spatial,5,ALABAMA GAS CORP,INVESTOR-OWNED,118.10366970900458
1079,Lawrence,AL,6.938151206956433,6.938151206956433,hifld_spatial,6,NW ALABAMA GAS DIST/FREEBIRD,MUNICIPAL,51.25064590843398
1081,Lee,AL,11.235521582869474,11.235521582869474,hifld_spatial,2,ALABAMA GAS CORP,INVESTOR-OWNED,99.63898926798625
1083,Limestone,AL,7.951238548702845,7.951238548702845,hifld_spatial,5,"ATHENS GAS DEPT, CITY OF",MUNICIPAL,151.38446243016165
1085,Lowndes,AL,11.236187983731284,11.236187983731284,hifld_spatial,1,ALABAMA GAS CORP,INVESTOR-OWNED,6.163404171923462
1087,Macon,AL,11.235932575228643,11.235932575228643,hifld_spatial,3,ALABAMA GAS CORP,INVESTOR-OWNED,99.44591272054798
1089,Madison,AL,7.424398057217856,7.424398057217856,hifld_spatial,3,HUNTSVILLE NAT GAS DEPT,MUNICIPAL,98.40724076203676
1091,Marengo,AL,11.236187983731284,11.236187983731284,hifld_spatial,1,ALABAMA GAS CORP,INVESTOR-OWNED,99.04117788487662
1093,Marion,AL,5.882731330495535,5.882731330495535,hifld_spatial,3,NW ALABAMA GAS DIST/FREEBIRD,MUNICIPAL,85.77623765751206
1095,Marshall,AL,6.858748441175715,6.858748441175715,hifld_spatial,6,MARSHALL CTY GAS DEPT,MUNICIPAL,21.84507525934497
1097,Mobile,AL,11.184385945594446,11.184385945594446,hifld_spatial,3,MOBILE GAS SVC CORP,INVESTOR-OWNED,64.81667139983395
1099,Monroe,AL,5.887163243034424,5.887163243034424,hifld_spatial,2,SOUTH ALABAMA GAS,MUNICIPAL,13.075830792019069
1101,Montgomery,AL,11.236187983731284,11.236187983731284,hifld_spatial,1,ALABAMA GAS CORP,INVESTOR-OWNED,99.54799252537477
1103,Morgan,AL,6.17987935557962,6.17987935557962,hifld_spatial,7,DECATUR UTIL GAS DEPT,MUNICIPAL,35.344496486592135
1105,Perry,AL,11.236187983731284,11.236187983731284,hifld_spatial,1,ALABAMA GAS CORP,INVESTOR-OWNED,97.16198042520196
1107,Pickens,AL,10.989727789530264,10.989727789530264,hifld_spatial,4,ALABAMA GAS CORP,INVESTOR-OWNED,97.58478553110598
1109,Pike,AL,11.236187983731284,11.236187983731284,hifld_spatial,1,ALABAMA GAS CORP,INVESTOR-OWNED,0.0092597040543904
1111,Randolph,AL,6.0240026900144095,6.0240026900144095,hifld_spatial,3,UTILITIES BOARD OF ROANOKE,MUNICIPAL,99.73213600987762
1113,Russell,AL,11.236187983731284,11.236187983731284,hifld_spatial,1,ALABAMA GAS CORP,INVESTOR-OWNED,96.58099637281497
1115,St. Clair,AL,11.234801415760575,11.234801415760575,hifld_spatial,2,ALABAMA GAS CORP,INVESTOR-OWNED,95.10691433109588
1117,Shelby,AL,10.614513773157348,10.614513773157348,hifld_spatial,3,ALABAMA GAS CORP,INVESTOR-OWNED,80.01597890900103
1119,Sumter,AL,11.179332899674238,11.179332899674238,hifld_spatial,2,ALABAMA GAS CORP,INVESTOR-OWNED,57.571626749252815
1121,Talladega,AL,9.099280057246228,9.099280057246228,hifld_spatial,3,ALABAMA GAS CORP,INVESTOR-OWNED,94.90965242160804
1123,Tallapoosa,AL,10.599074754467605,10.599074754467605,hifld_spatial,4,ALEXANDER CITY MUN GAS CO,MUNICIPAL,81.05858665784382
1125,Tuscaloosa,AL,11.235989371551636,11.235989371551636,hifld_spatial,2,ALABAMA GAS CORP,INVESTOR-OWNED,99.7507043074393
1127,Walker,AL,10.898729937868062,10.898729937868062,hifld_spatial,4,ALABAMA GAS CORP,INVESTOR-OWNED,88.50220112557436
1129,Washington,AL,13.256279757018552,13.256279757018552,hifld_spatial,1,CITRONELLE UTILITY BOARD,MUNICIPAL,36.03274641736213
1131,Wilcox,AL,8.722684950246174,8.722684950246174,hifld_spatial,2,WILCOX CTY GAS DIST.,MUNICIPAL,99.69219913725384
1133,Winston,AL,10.352055175432245,10.352055175432245,hifld_spatial,2,ALABAMA GAS CORP,INVESTOR-OWNED,94.82597464432156
4001,Apache,AZ,6.260088436936107,6.260088436936107,hifld_spatial,1,UNISOURCE ENERGY SERVICES (UNS),INVESTOR-OWNED,99.85171596954368
4003,Cochise,AZ,8.921831857522395,8.921831857522395,hifld_spatial,2,SOUTHWEST GAS CORP,INVESTOR-OWNED,100.51229400112516
4005,Coconino,AZ,6.260088436936108,6.260088436936108,hifld_spatial,1,UNISOURCE ENERGY SERVICES (UNS),INVESTOR-OWNED,99.85982361493068
4007,Gila,AZ,7.414318516890771,7.414318516890771,hifld_spatial,2,UNISOURCE ENERGY SERVICES (UNS),INVESTOR-OWNED,0.8964085206679411
4009,Graham,AZ,11.341245241644751,11.341245241644751,hifld_spatial,3,CITY OF SAFFORD,MUNICIPAL,62.416679291402
4011,Greenlee,AZ,8.907668890594735,8.907668890594735,hifld_spatial,2,SOUTHWEST GAS CORP,INVESTOR-OWNED,22.941394298558983
4012,La Paz,AZ,8.910809478302891,8.910809478302891,hifld_spatial,3,SOUTHWEST GAS CORP,INVESTOR-OWNED,80.28086192346984
4013,Maricopa,AZ,8.882126941283538,8.882126941283538,hifld_spatial,3,SOUTHWEST GAS CORP,INVESTOR-OWNED,101.385665197825
4015,Mohave,AZ,6.270812858433579,6.270812858433579,hifld_spatial,4,UNISOURCE ENERGY SERVICES (UNS),INVESTOR-OWNED,99.95248229130448
4017,Navajo,AZ,6.260088436936107,6.260088436936107,hifld_spatial,1,UNISOURCE ENERGY SERVICES (UNS),INVESTOR-OWNED,99.97173022869364
4019,Pima,AZ,8.922159783458671,8.922159783458671,hifld_spatial,2,SOUTHWEST GAS CORP,INVESTOR-OWNED,44.464195415122326
4021,Pinal,AZ,8.72854781801124,8.72854781801124,hifld_spatial,2,SOUTHWEST GAS CORP,INVESTOR-OWNED,107.64404777847892
4023,Santa Cruz,AZ,6.268190472089012,6.268190472089012,hifld_spatial,2,UNISOURCE ENERGY SERVICES (UNS),INVESTOR-OWNED,99.18092494472378
4025,Yavapai,AZ,6.261217588247463,6.261217588247463,hifld_spatial,2,UNISOURCE ENERGY SERVICES (UNS),INVESTOR-OWNED,99.77130833671865
4027,Yuma,AZ,8.917316067937973,8.917316067937973,hifld_spatial,2,SOUTHWEST GAS CORP,INVESTOR-OWNED,11.423212505895922
5001,Arkansas,AR,7.980240480313303,7.980240480313303,hifld_spatial,1,CENTERPOINT ENERGY - ARKLA,INVESTOR-OWNED,99.99999999999984
5003,Ashley,AR,8.039468482873001,8.039468482873001,hifld_spatial,2,CENTERPOINT ENERGY - ARKLA,INVESTOR-OWNED,101.06377496507402
5005,Baxter,AR,9.454149569173754,9.454149569173754,state_avg_ldc_no_price,1,BLACK HILLS ENERGY,INVESTOR-OWNED,98.61015662076942
5007,Benton,AR,9.929034667867972,9.929034667867972,hifld_spatial,3,JAY UTIL ITY AUTHORITY,MUNICIPAL,99.78777525861562
5009,Boone,AR,9.454149569173754,9.454149569173754,state_avg_ldc_no_price,1,BLACK HILLS ENERGY,INVESTOR-OWNED,97.87203629252642
5011,Bradley,AR,7.980240480313303,7.980240480313303,hifld_spatial,1,CENTERPOINT ENERGY - ARKLA,INVESTOR-OWNED,99.99999999999996
5013,Calhoun,AR,7.980240480313304,7.980240480313304,hifld_spatial,1,CENTERPOINT ENERGY - ARKLA,INVESTOR-OWNED,99.99999999999986
5015,Carroll,AR,9.454149569173754,9.454149569173754,state_avg_ldc_no_price,1,BLACK HILLS ENERGY,INVESTOR-OWNED,99.9246769895024
5017,Chicot,AR,7.9792303162571585,7.9792303162571585,hifld_spatial,2,CENTERPOINT ENERGY - ARKLA,INVESTOR-OWNED,99.963467955297
5019,Clark,AR,7.980240480313305,7.980240480313305,hifld_spatial,1,CENTERPOINT ENERGY - ARKLA,INVESTOR-OWNED,99.99999999999996
5021,Clay,AR,7.903878148090653,7.903878148090653,hifld_spatial,2,CENTERPOINT ENERGY - ARKLA,INVESTOR-OWNED,104.16004734319176
5023,Cleburne,AR,7.980240480313304,7.980240480313304,hifld_spatial,1,CENTERPOINT ENERGY - ARKLA,INVESTOR-OWNED,99.0382386925985
5025,Cleveland,AR,7.980240480313305,7.980240480313305,hifld_spatial,1,CENTERPOINT ENERGY - ARKLA,INVESTOR-OWNED,100.00000000000016
5027,Columbia,AR,7.980240480313304,7.980240480313304,hifld_spatial,1,CENTERPOINT ENERGY - ARKLA,INVESTOR-OWNED,87.16969718219464
5029,Conway,AR,7.980240480313304,7.980240480313304,hifld_spatial,1,CENTERPOINT ENERGY - ARKLA,INVESTOR-OWNED,99.99999999999991
5031,Craighead,AR,7.980240480313303,7.980240480313303,hifld_spatial,1,CENTERPOINT ENERGY - ARKLA,INVESTOR-OWNED,99.99999999999996
5033,Crawford,AR,6.735036875945537,6.735036875945537,hifld_spatial,1,ARKANSAS OKLAHOMA GAS CORP,OTHER,95.76270339541917
5035,Crittenden,AR,7.900989629385768,7.900989629385768,hifld_spatial,3,CENTERPOINT ENERGY - ARKLA,INVESTOR-OWNED,103.38100904165783
5037,Cross,AR,7.980240480313304,7.980240480313304,hifld_spatial,1,CENTERPOINT ENERGY - ARKLA,INVESTOR-OWNED,100.00000000000004
5039,Dallas,AR,7.980240480313304,7.980240480313304,hifld_spatial,1,CENTERPOINT ENERGY - ARKLA,INVESTOR-OWNED,99.99999999999996
5041,Desha,AR,7.979601363212819,7.979601363212819,hifld_spatial,2,CENTERPOINT ENERGY - ARKLA,INVESTOR-OWNED,99.96546945041824
5043,Drew,AR,7.980240480313304,7.980240480313304,hifld_spatial,1,CENTERPOINT ENERGY - ARKLA,INVESTOR-OWNED,99.99999999999991
5045,Faulkner,AR,7.980240480313304,7.980240480313304,hifld_spatial,1,CENTERPOINT ENERGY - ARKLA,INVESTOR-OWNED,99.99999999999996
5047,Franklin,AR,9.454149569173754,9.454149569173754,state_avg_ldc_no_price,1,BLACK HILLS ENERGY,INVESTOR-OWNED,86.21595467896297
5049,Fulton,AR,9.454149569173754,9.454149569173754,state_avg_ldc_no_price,1,BLACK HILLS ENERGY,INVESTOR-OWNED,0.209891645316846
5051,Garland,AR,7.980240480313304,7.980240480313304,hifld_spatial,1,CENTERPOINT ENERGY - ARKLA,INVESTOR-OWNED,100.00000000000004
5053,Grant,AR,7.980240480313304,7.980240480313304,hifld_spatial,1,CENTERPOINT ENERGY - ARKLA,INVESTOR-OWNED,100.0
5055,Greene,AR,7.980240480313303,7.980240480313303,hifld_spatial,1,CENTERPOINT ENERGY - ARKLA,INVESTOR-OWNED,99.96478744102028
5057,Hempstead,AR,7.980240480313304,7.980240480313304,hifld_spatial,1,CENTERPOINT ENERGY - ARKLA,INVESTOR-OWNED,98.68304984425696
5059,Hot Spring,AR,7.980240480313304,7.980240480313304,hifld_spatial,1,CENTERPOINT ENERGY - ARKLA,INVESTOR-OWNED,100.00000000000004
5061,Howard,AR,7.980240480313304,7.980240480313304,hifld_spatial,1,CENTERPOINT ENERGY - ARKLA,INVESTOR-OWNED,96.41947311299008
5063,Independence,AR,7.980240480313304,7.980240480313304,hifld_spatial,1,CENTERPOINT ENERGY - ARKLA,INVESTOR-OWNED,98.49988909913968
5065,Izard,AR,7.980240480313303,7.980240480313303,hifld_spatial,1,CENTERPOINT ENERGY - ARKLA,INVESTOR-OWNED,0.7277936629923821
5067,Jackson,AR,7.980240480313305,7.980240480313305,hifld_spatial,1,CENTERPOINT ENERGY - ARKLA,INVESTOR-OWNED,100.00000000000004
5069,Jefferson,AR,7.980240480313303,7.980240480313303,hifld_spatial,1,CENTERPOINT ENERGY - ARKLA,INVESTOR-OWNED,99.9999999999999
5071,Johnson,AR,7.980240480313303,7.980240480313303,hifld_spatial,1,CENTERPOINT ENERGY - ARKLA,INVESTOR-OWNED,28.332014339624248
5073,Lafayette,AR,7.980240480313304,7.980240480313304,hifld_spatial,1,CENTERPOINT ENERGY - ARKLA,INVESTOR-OWNED,99.84850650504472
5075,Lawrence,AR,7.980240480313304,7.980240480313304,hifld_spatial,1,CENTERPOINT ENERGY - ARKLA,INVESTOR-OWNED,97.08019511351796
5077,Lee,AR,7.979576383875601,7.979576383875601,hifld_spatial,2,CENTERPOINT ENERGY - ARKLA,INVESTOR-OWNED,100.0017627234219
5079,Lincoln,AR,7.980240480313304,7.980240480313304,hifld_spatial,1,CENTERPOINT ENERGY - ARKLA,INVESTOR-OWNED,99.99999999999996
5081,Little River,AR,7.98053656188018,7.98053656188018,hifld_spatial,3,CENTERPOINT ENERGY - ARKLA,INVESTOR-OWNED,94.91978318316512
5083,Logan,AR,7.269813068985728,7.269813068985728,hifld_spatial,2,ARKANSAS OKLAHOMA GAS CORP,OTHER,7.404091603329213
5085,Lonoke,AR,8.081427575548199,8.081427575548199,hifld_spatial,2,CENTERPOINT ENERGY - ARKLA,INVESTOR-OWNED,100.00000000000009
5087,Madison,AR,9.454149569173754,9.454149569173754,state_avg_ldc_no_price,1,BLACK HILLS ENERGY,INVESTOR-OWNED,99.73911284705856
5089,Marion,AR,9.454149569173754,9.454149569173754,state_avg_ldc_no_price,1,BLACK HILLS ENERGY,INVESTOR-OWNED,97.50548374842596
5091,Miller,AR,7.980193744479908,7.980193744479908,hifld_spatial,2,CENTERPOINT ENERGY - ARKLA,INVESTOR-OWNED,99.95146033242403
5093,Mississippi,AR,7.9106419241105455,7.9106419241105455,hifld_spatial,2,CENTERPOINT ENERGY - ARKLA,INVESTOR-OWNED,100.10954014220796
5095,Monroe,AR,7.980240480313304,7.980240480313304,hifld_spatial,1,CENTERPOINT ENERGY - ARKLA,INVESTOR-OWNED,99.99999999999996
5097,Montgomery,AR,7.980240480313304,7.980240480313304,hifld_spatial,1,CENTERPOINT ENERGY - ARKLA,INVESTOR-OWNED,99.82574586140696
5099,Nevada,AR,7.980240480313305,7.980240480313305,hifld_spatial,1,CENTERPOINT ENERGY - ARKLA,INVESTOR-OWNED,100.00000000000004
5101,Newton,AR,9.454149569173754,9.454149569173754,state_avg_ldc_no_price,1,BLACK HILLS ENERGY,INVESTOR-OWNED,0.8780676624056847
5103,Ouachita,AR,7.980240480313305,7.980240480313305,hifld_spatial,1,CENTERPOINT ENERGY - ARKLA,INVESTOR-OWNED,100.00000000000009
5105,Perry,AR,7.980240480313303,7.980240480313303,hifld_spatial,1,CENTERPOINT ENERGY - ARKLA,INVESTOR-OWNED,100.0
5107,Phillips,AR,7.979568572142934,7.979568572142934,hifld_spatial,2,CENTERPOINT ENERGY - ARKLA,INVESTOR-OWNED,99.92333384289826
5109,Pike,AR,7.980240480313304,7.980240480313304,hifld_spatial,1,CENTERPOINT ENERGY - ARKLA,INVESTOR-OWNED,100.00000000000009
5111,Poinsett,AR,7.977466774810225,7.977466774810225,hifld_spatial,2,CENTERPOINT ENERGY - ARKLA,INVESTOR-OWNED,100.4954473685716
5113,Polk,AR,7.979525497509583,7.979525497509583,hifld_spatial,3,CENTERPOINT ENERGY - ARKLA,INVESTOR-OWNED,98.65047043810908
5115,Pope,AR,7.980240480313304,7.980240480313304,hifld_spatial,1,CENTERPOINT ENERGY - ARKLA,INVESTOR-OWNED,98.927821811724
5117,Prairie,AR,8.103533746495584,8.103533746495584,hifld_spatial,2,CENTERPOINT ENERGY - ARKLA,INVESTOR-OWNED,100.16093525703404
5119,Pulaski,AR,7.980240480313304,7.980240480313304,hifld_spatial,1,CENTERPOINT ENERGY - ARKLA,INVESTOR-OWNED,99.99999999999984
5121,Randolph,AR,7.980240480313304,7.980240480313304,hifld_spatial,1,CENTERPOINT ENERGY - ARKLA,INVESTOR-OWNED,59.30802138318912
5123,St. Francis,AR,7.980240480313304,7.980240480313304,hifld_spatial,1,CENTERPOINT ENERGY - ARKLA,INVESTOR-OWNED,100.0
5125,Saline,AR,7.980240480313304,7.980240480313304,hifld_spatial,1,CENTERPOINT ENERGY - ARKLA,INVESTOR-OWNED,99.99999999999996
5127,Scott,AR,7.919082585870376,7.919082585870376,hifld_spatial,3,CENTERPOINT ENERGY - ARKLA,INVESTOR-OWNED,10.474770824374666
5129,Searcy,AR,9.454149569173754,9.454149569173754,state_avg_ldc_no_price,1,BLACK HILLS ENERGY,INVESTOR-OWNED,0.1844921409192182
5131,Sebastian,AR,6.745319147521649,6.745319147521649,hifld_spatial,3,ARKANSAS OKLAHOMA GAS CORP,OTHER,23.210968216685792
5133,Sevier,AR,7.980443288842233,7.980443288842233,hifld_spatial,3,CENTERPOINT ENERGY - ARKLA,INVESTOR-OWNED,97.27438883949422
5135,Sharp,AR,7.980240480313303,7.980240480313303,hifld_spatial,1,CENTERPOINT ENERGY - ARKLA,INVESTOR-OWNED,0.200143582060326
5137,Stone,AR,7.980240480313304,7.980240480313304,hifld_spatial,1,CENTERPOINT ENERGY - ARKLA,INVESTOR-OWNED,0.7618710704345486
5139,Union,AR,7.980240480313304,7.980240480313304,hifld_spatial,1,CENTERPOINT ENERGY - ARKLA,INVESTOR-OWNED,99.99890411782656
5141,Van Buren,AR,7.980240480313304,7.980240480313304,hifld_spatial,1,CENTERPOINT ENERGY - ARKLA,INVESTOR-OWNED,89.90944480048276
5143,Washington,AR,9.454149569173754,9.454149569173754,state_avg_ldc_no_price,1,BLACK HILLS ENERGY,INVESTOR-OWNED,99.99035704256453
5145,White,AR,7.980240480313304,7.980240480313304,hifld_spatial,1,CENTERPOINT ENERGY - ARKLA,INVESTOR-OWNED,99.99999999999976
5147,Woodruff,AR,7.980240480313304,7.980240480313304,hifld_spatial,1,CENTERPOINT ENERGY - ARKLA,INVESTOR-OWNED,100.0
5149,Yell,AR,7.980158364456618,7.980158364456618,hifld_spatial,2,CENTERPOINT ENERGY - ARKLA,INVESTOR-OWNED,99.49374535667992
6001,Alameda,CA,9.105685259577983,9.105685259577983,hifld_spatial,1,PACIFIC GAS & ELECTRIC CO,INVESTOR-OWNED,99.2266328660088
6003,Alpine,CA,9.059082619605109,9.059082619605109,hifld_spatial,2,PACIFIC GAS & ELECTRIC CO,INVESTOR-OWNED,45.95577493269395
6005,Amador,CA,9.105685259577982,9.105685259577982,hifld_spatial,1,PACIFIC GAS & ELECTRIC CO,INVESTOR-OWNED,100.00141153056695
6007,Butte,CA,9.105685259577982,9.105685259577982,hifld_spatial,1,PACIFIC GAS & ELECTRIC CO,INVESTOR-OWNED,100.00000000000016
6009,Calaveras,CA,9.105685259577982,9.105685259577982,hifld_spatial,1,PACIFIC GAS & ELECTRIC CO,INVESTOR-OWNED,99.9999999999998
6011,Colusa,CA,9.105685259577982,9.105685259577982,hifld_spatial,1,PACIFIC GAS & ELECTRIC CO,INVESTOR-OWNED,100.00000000000011
6013,Contra Costa,CA,9.105685259577982,9.105685259577982,hifld_spatial,1,PACIFIC GAS & ELECTRIC CO,INVESTOR-OWNED,98.24216620346064
6015,Del Norte,CA,14.067575456722526,14.067575456722526,state_avg_no_coverage,0,,,0.0
6017,El Dorado,CA,9.105334209999103,9.105334209999103,hifld_spatial,2,PACIFIC GAS & ELECTRIC CO,INVESTOR-OWNED,86.88006965657667
6019,Fresno,CA,8.688225549241043,8.688225549241043,hifld_spatial,2,PACIFIC GAS & ELECTRIC CO,INVESTOR-OWNED,85.8280093059321
6021,Glenn,CA,9.105685259577982,9.105685259577982,hifld_spatial,1,PACIFIC GAS & ELECTRIC CO,INVESTOR-OWNED,100.00000000000009
6023,Humboldt,CA,9.105685259577982,9.105685259577982,hifld_spatial,1,PACIFIC GAS & ELECTRIC CO,INVESTOR-OWNED,99.05402240324396
6025,Imperial,CA,7.148230195890824,7.148230195890824,hifld_spatial,2,SOUTHERN CALIFORNIA GAS COMPANY,INVESTOR-OWNED,100.03673127417996
6027,Inyo,CA,7.8006293216718365,7.8006293216718365,hifld_spatial,3,SOUTHWEST GAS CORP,INVESTOR-OWNED,5.858084619415611
6029,Kern,CA,7.147573249507127,7.147573249507127,hifld_spatial,1,SOUTHERN CALIFORNIA GAS COMPANY,INVESTOR-OWNED,91.59455654922206
6031,Kings,CA,7.147804128782463,7.147804128782463,hifld_spatial,2,SOUTHERN CALIFORNIA GAS COMPANY,INVESTOR-OWNED,100.00000526276332
6033,Lake,CA,9.105685259577982,9.105685259577982,hifld_spatial,1,PACIFIC GAS & ELECTRIC CO,INVESTOR-OWNED,99.99999999999989
6035,Lassen,CA,9.0957440116226,9.0957440116226,hifld_spatial,2,PACIFIC GAS & ELECTRIC CO,INVESTOR-OWNED,123.13679783067158
6037,Los Angeles,CA,7.1407280339081405,7.1407280339081405,hifld_spatial,3,SOUTHERN CALIFORNIA GAS COMPANY,INVESTOR-OWNED,98.21719895420097
6039,Madera,CA,9.105685259577982,9.105685259577982,hifld_spatial,1,PACIFIC GAS & ELECTRIC CO,INVESTOR-OWNED,99.9222969790864
6041,Marin,CA,9.105685259577982,9.105685259577982,hifld_spatial,1,PACIFIC GAS & ELECTRIC CO,INVESTOR-OWNED,96.07385417407156
6043,Mariposa,CA,9.105685259577982,9.105685259577982,hifld_spatial,1,PACIFIC GAS & ELECTRIC CO,INVESTOR-OWNED,100.02987949583924
6045,Mendocino,CA,9.105685259577982,9.105685259577982,hifld_spatial,1,PACIFIC GAS & ELECTRIC CO,INVESTOR-OWNED,99.82243875877526
6047,Merced,CA,9.105685259577982,9.105685259577982,hifld_spatial,1,PACIFIC GAS & ELECTRIC CO,INVESTOR-OWNED,199.5231803734037
6049,Modoc,CA,9.105685259577982,9.105685259577982,hifld_spatial,1,PACIFIC GAS & ELECTRIC CO,INVESTOR-OWNED,88.33558987032308
6051,Mono,CA,7.810557333926366,7.810557333926366,hifld_spatial,2,SOUTHWEST GAS CORP,INVESTOR-OWNED,10.64307888072654
6053,Monterey,CA,9.104585968060832,9.104585968060832,hifld_spatial,2,PACIFIC GAS & ELECTRIC CO,INVESTOR-OWNED,99.93258952261289
6055,Napa,CA,9.105685259577982,9.105685259577982,hifld_spatial,1,PACIFIC GAS & ELECTRIC CO,INVESTOR-OWNED,99.99999999999991
6057,Nevada,CA,9.105685259577982,9.105685259577982,hifld_spatial,1,PACIFIC GAS & ELECTRIC CO,INVESTOR-OWNED,82.0243937592807
6059,Orange,CA,7.147572517664228,7.147572517664228,hifld_spatial,2,SOUTHERN CALIFORNIA GAS COMPANY,INVESTOR-OWNED,99.97317111413292
6061,Placer,CA,9.105685259577982,9.105685259577982,hifld_spatial,1,PACIFIC GAS & ELECTRIC CO,INVESTOR-OWNED,82.22599816355343
6063,Plumas,CA,9.105685259577982,9.105685259577982,hifld_spatial,1,PACIFIC GAS & ELECTRIC CO,INVESTOR-OWNED,65.52053914112273
6065,Riverside,CA,7.149382143611474,7.149382143611474,hifld_spatial,2,SOUTHERN CALIFORNIA GAS COMPANY,INVESTOR-OWNED,100.210396795404
6067,Sacramento,CA,9.105685259577982,9.105685259577982,hifld_spatial,1,PACIFIC GAS & ELECTRIC CO,INVESTOR-OWNED,199.8585085744602
6069,San Benito,CA,9.105685259577982,9.105685259577982,hifld_spatial,1,PACIFIC GAS & ELECTRIC CO,INVESTOR-OWNED,100.0078733848975
6071,San Bernardino,CA,7.150380285177008,7.150380285177008,hifld_spatial,4,SOUTHERN CALIFORNIA GAS COMPANY,INVESTOR-OWNED,108.00195675060814
6073,San Diego,CA,7.147573249507127,7.147573249507127,hifld_spatial,1,SOUTHERN CALIFORNIA GAS COMPANY,INVESTOR-OWNED,99.6492630949121
6075,San Francisco,CA,9.105685259577982,9.105685259577982,hifld_spatial,1,PACIFIC GAS & ELECTRIC CO,INVESTOR-OWNED,92.25903581597586
6077,San Joaquin,CA,9.105685259577982,9.105685259577982,hifld_spatial,1,PACIFIC GAS & ELECTRIC CO,INVESTOR-OWNED,100.1346622219958
6079,San Luis Obispo,CA,7.151665603624653,7.151665603624653,hifld_spatial,2,SOUTHERN CALIFORNIA GAS COMPANY,INVESTOR-OWNED,99.87785165598127
6081,San Mateo,CA,9.108321794927182,9.108321794927182,hifld_spatial,2,PACIFIC GAS & ELECTRIC CO,INVESTOR-OWNED,98.4582061723142
6083,Santa Barbara,CA,7.147573249507127,7.147573249507127,hifld_spatial,1,SOUTHERN CALIFORNIA GAS COMPANY,INVESTOR-OWNED,99.71514622345867
6085,Santa Clara,CA,9.1762360713821,9.1762360713821,hifld_spatial,2,PACIFIC GAS & ELECTRIC CO,INVESTOR-OWNED,99.84353511030707
6087,Santa Cruz,CA,9.10586191920361,9.10586191920361,hifld_spatial,2,PACIFIC GAS & ELECTRIC CO,INVESTOR-OWNED,99.98979516376276
6089,Shasta,CA,9.105685259577982,9.105685259577982,hifld_spatial,1,PACIFIC GAS & ELECTRIC CO,INVESTOR-OWNED,90.56385930652026
6091,Sierra,CA,9.105685259577982,9.105685259577982,hifld_spatial,1,PACIFIC GAS & ELECTRIC CO,INVESTOR-OWNED,50.484390707519935
6093,Siskiyou,CA,7.889092123136636,7.889092123136636,hifld_spatial,2,PACIFIC GAS & ELECTRIC CO,INVESTOR-OWNED,1.2101315551629763
6095,Solano,CA,9.105685259577982,9.105685259577982,hifld_spatial,1,PACIFIC GAS & ELECTRIC CO,INVESTOR-OWNED,95.36789985649376
6097,Sonoma,CA,9.105685259577982,9.105685259577982,hifld_spatial,1,PACIFIC GAS & ELECTRIC CO,INVESTOR-OWNED,99.87240487119828
6099,Stanislaus,CA,9.105685259577982,9.105685259577982,hifld_spatial,1,PACIFIC GAS & ELECTRIC CO,INVESTOR-OWNED,100.01452242605978
6101,Sutter,CA,9.105685259577982,9.105685259577982,hifld_spatial,1,PACIFIC GAS & ELECTRIC CO,INVESTOR-OWNED,100.00134304589318
6103,Tehama,CA,9.105685259577982,9.105685259577982,hifld_spatial,1,PACIFIC GAS & ELECTRIC CO,INVESTOR-OWNED,99.98610146889062
6105,Trinity,CA,9.105685259577982,9.105685259577982,hifld_spatial,1,PACIFIC GAS & ELECTRIC CO,INVESTOR-OWNED,0.1381652178123542
6107,Tulare,CA,7.147573249507127,7.147573249507127,hifld_spatial,1,SOUTHERN CALIFORNIA GAS COMPANY,INVESTOR-OWNED,99.92094459690584
6109,Tuolumne,CA,9.105685259577982,9.105685259577982,hifld_spatial,1,PACIFIC GAS & ELECTRIC CO,INVESTOR-OWNED,99.8412875891239
6111,Ventura,CA,7.147573249507127,7.147573249507127,hifld_spatial,1,SOUTHERN CALIFORNIA GAS COMPANY,INVESTOR-OWNED,99.87150108220064
6113,Yolo,CA,9.105685259577982,9.105685259577982,hifld_spatial,1,PACIFIC GAS & ELECTRIC CO,INVESTOR-OWNED,100.0331391117088
6115,Yuba,CA,9.105685259577982,9.105685259577982,hifld_spatial,1,PACIFIC GAS & ELECTRIC CO,INVESTOR-OWNED,100.0
8001,Adams,CO,6.915553787329498,6.915553787329498,hifld_spatial,2,PUBLIC SERVICE CO OF COLORADO,INVESTOR-OWNED,104.63888822190928
8003,Alamosa,CO,6.993448765324772,6.993448765324772,hifld_spatial,2,PUBLIC SERVICE CO OF COLORADO,INVESTOR-OWNED,48.203315181943125
8005,Arapahoe,CO,6.904422575674192,6.904422575674192,hifld_spatial,2,PUBLIC SERVICE CO OF COLORADO,INVESTOR-OWNED,123.09781646125953
8007,Archuleta,CO,6.915494142428059,6.915494142428059,hifld_spatial,1,PUBLIC SERVICE CO OF COLORADO,INVESTOR-OWNED,128.91665396089658
8009,Baca,CO,7.383110932041552,7.383110932041552,hifld_spatial,2,ATMOS ENERGY CORPORATION,INVESTOR-OWNED,59.40394834059887
8011,Bent,CO,7.383081213555311,7.383081213555311,hifld_spatial,1,ATMOS ENERGY CORPORATION,INVESTOR-OWNED,55.63130871542019
8013,Boulder,CO,6.915494142428059,6.915494142428059,hifld_spatial,1,PUBLIC SERVICE CO OF COLORADO,INVESTOR-OWNED,99.99999999999996
8014,Broomfield,CO,6.9154941424280585,6.9154941424280585,hifld_spatial,1,PUBLIC SERVICE CO OF COLORADO,INVESTOR-OWNED,99.99999999999991
8015,Chaffee,CO,7.3829137311530735,7.3829137311530735,hifld_spatial,2,ATMOS ENERGY CORPORATION,INVESTOR-OWNED,99.35832251836985
8017,Cheyenne,CO,5.32174662878236,5.32174662878236,hifld_spatial,3,BLACK HILLS ENERGY,INVESTOR-OWNED,99.32767643559148
8019,Clear Creek,CO,6.915494142428059,6.915494142428059,hifld_spatial,1,PUBLIC SERVICE CO OF COLORADO,INVESTOR-OWNED,99.98393284395732
8021,Conejos,CO,6.9154941424280585,6.9154941424280585,hifld_spatial,1,PUBLIC SERVICE CO OF COLORADO,INVESTOR-OWNED,38.91846153444386
8023,Costilla,CO,6.915494142428059,6.915494142428059,hifld_spatial,1,PUBLIC SERVICE CO OF COLORADO,INVESTOR-OWNED,0.3604026713765486
8025,Crowley,CO,8.48874451428327,8.48874451428327,state_avg_ldc_no_price,2,COLORADO NATURAL GAS,INVESTOR-OWNED,199.42172153401637
8027,Custer,CO,6.945463004457201,6.945463004457201,hifld_spatial,2,PUBLIC SERVICE CO OF COLORADO,INVESTOR-OWNED,1.295212932125669
8029,Delta,CO,7.38308121355531,7.38308121355531,hifld_spatial,1,ATMOS ENERGY CORPORATION,INVESTOR-OWNED,82.5413869416739
8031,Denver,CO,6.915494142428059,6.915494142428059,hifld_spatial,1,PUBLIC SERVICE CO OF COLORADO,INVESTOR-OWNED,100.00000000000009
8033,Dolores,CO,7.383081213555311,7.383081213555311,hifld_spatial,1,ATMOS ENERGY CORPORATION,INVESTOR-OWNED,29.62676117391049
8035,Douglas,CO,5.796863221998597,5.796863221998597,hifld_spatial,2,BLACK HILLS ENERGY,INVESTOR-OWNED,99.9305903584662
8037,Eagle,CO,6.915500377327848,6.915500377327848,hifld_spatial,2,PUBLIC SERVICE CO OF COLORADO,INVESTOR-OWNED,99.9975773699776
8039,Elbert,CO,5.32248696085473,5.32248696085473,hifld_spatial,2,BLACK HILLS ENERGY,INVESTOR-OWNED,100.21960060297718
8041,El Paso,CO,5.330284215445055,5.330284215445055,hifld_spatial,3,BLACK HILLS ENERGY,INVESTOR-OWNED,108.2639176950571
8043,Fremont,CO,7.380789921874115,7.380789921874115,hifld_spatial,3,ATMOS ENERGY CORPORATION,INVESTOR-OWNED,99.00828817182654
8045,Garfield,CO,6.9154941424280585,6.9154941424280585,hifld_spatial,1,PUBLIC SERVICE CO OF COLORADO,INVESTOR-OWNED,99.72868221797714
8047,Gilpin,CO,6.915494142428059,6.915494142428059,hifld_spatial,1,PUBLIC SERVICE CO OF COLORADO,INVESTOR-OWNED,100.00000000000004
8049,Grand,CO,6.915906897511281,6.915906897511281,hifld_spatial,2,PUBLIC SERVICE CO OF COLORADO,INVESTOR-OWNED,99.90963882783566
8051,Gunnison,CO,7.383081213555311,7.383081213555311,hifld_spatial,1,ATMOS ENERGY CORPORATION,INVESTOR-OWNED,95.90116910263782
8053,Hinsdale,CO,7.383081213555312,7.383081213555312,hifld_spatial,1,ATMOS ENERGY CORPORATION,INVESTOR-OWNED,0.1800447164676413
8055,Huerfano,CO,6.915494142428059,6.915494142428059,hifld_spatial,1,PUBLIC SERVICE CO OF COLORADO,INVESTOR-OWNED,48.14074309751005
8057,Jackson,CO,7.180018279525221,7.180018279525221,hifld_spatial,2,ATMOS ENERGY CORPORATION,INVESTOR-OWNED,99.57373579398772
8059,Jefferson,CO,6.915494142428059,6.915494142428059,hifld_spatial,1,PUBLIC SERVICE CO OF COLORADO,INVESTOR-OWNED,54.54158356329851
8061,Kiowa,CO,5.908251933202781,5.908251933202781,hifld_spatial,2,BLACK HILLS ENERGY,INVESTOR-OWNED,34.44070373722727
8063,Kit Carson,CO,5.317257739627375,5.317257739627375,hifld_spatial,2,BLACK HILLS ENERGY,INVESTOR-OWNED,99.53546582575608
8065,Lake,CO,6.915555474645776,6.915555474645776,hifld_spatial,2,PUBLIC SERVICE CO OF COLORADO,INVESTOR-OWNED,98.88608225232858
8067,La Plata,CO,7.383081213555311,7.383081213555311,hifld_spatial,1,ATMOS ENERGY CORPORATION,INVESTOR-OWNED,82.70388548226214
8069,Larimer,CO,6.917178902234403,6.917178902234403,hifld_spatial,2,PUBLIC SERVICE CO OF COLORADO,INVESTOR-OWNED,42.71325755419272
8071,Las Animas,CO,7.383081213555311,7.383081213555311,hifld_spatial,1,ATMOS ENERGY CORPORATION,INVESTOR-OWNED,28.53907562727702
8073,Lincoln,CO,5.321580821079126,5.321580821079126,hifld_spatial,1,BLACK HILLS ENERGY,INVESTOR-OWNED,88.861711220609
8075,Logan,CO,6.915863942581706,6.915863942581706,hifld_spatial,2,PUBLIC SERVICE CO OF COLORADO,INVESTOR-OWNED,70.93118116972842
8077,Mesa,CO,6.929624546445856,6.929624546445856,hifld_spatial,2,PUBLIC SERVICE CO OF COLORADO,INVESTOR-OWNED,52.17596210088234
8079,Mineral,CO,7.804349884451082,7.804349884451082,hifld_spatial,2,CENTER MUNICIPAL GAS SYSTEM,MUNICIPAL,0.1792674445867007
8081,Moffat,CO,7.38298419604509,7.38298419604509,hifld_spatial,2,ATMOS ENERGY CORPORATION,INVESTOR-OWNED,100.38636464078974
8083,Montezuma,CO,7.383081213555311,7.383081213555311,hifld_spatial,1,ATMOS ENERGY CORPORATION,INVESTOR-OWNED,99.69819311170508
8085,Montrose,CO,7.383081213555311,7.383081213555311,hifld_spatial,1,ATMOS ENERGY CORPORATION,INVESTOR-OWNED,99.37147625443733
8087,Morgan,CO,6.915855779310822,6.915855779310822,hifld_spatial,2,PUBLIC SERVICE CO OF COLORADO,INVESTOR-OWNED,87.09425402528247
8089,Otero,CO,8.48874451428327,8.48874451428327,state_avg_ldc_no_price,2,CITIZENS UTIL CO,INVESTOR-OWNED,52.23757087804379
8091,Ouray,CO,7.383081213555311,7.383081213555311,hifld_spatial,1,ATMOS ENERGY CORPORATION,INVESTOR-OWNED,1.22339644887372
8093,Park,CO,7.099665693183777,7.099665693183777,hifld_spatial,2,PUBLIC SERVICE CO OF COLORADO,INVESTOR-OWNED,0.5553725462764165
8095,Phillips,CO,8.48874451428327,8.48874451428327,state_avg_ldc_no_price,1,ROCKY MOUNTAIN NATURAL GAS,OTHER,100.0
8097,Pitkin,CO,7.1985542989636055,7.1985542989636055,hifld_spatial,2,ATMOS ENERGY CORPORATION,INVESTOR-OWNED,99.99999995448648
8099,Prowers,CO,7.383081213555311,7.383081213555311,hifld_spatial,1,ATMOS ENERGY CORPORATION,INVESTOR-OWNED,68.01179543406046
8101,Pueblo,CO,6.916658648532352,6.916658648532352,hifld_spatial,2,PUBLIC SERVICE CO OF COLORADO,INVESTOR-OWNED,30.73285832176407
8103,Rio Blanco,CO,7.376116811300607,7.376116811300607,hifld_spatial,2,ATMOS ENERGY CORPORATION,INVESTOR-OWNED,38.059466056890905
8105,Rio Grande,CO,6.915543866858287,6.915543866858287,hifld_spatial,2,PUBLIC SERVICE CO OF COLORADO,INVESTOR-OWNED,88.46008836223919
8107,Routt,CO,7.383080500748683,7.383080500748683,hifld_spatial,2,ATMOS ENERGY CORPORATION,INVESTOR-OWNED,99.95150212631329
8109,Saguache,CO,7.796262702097889,7.796262702097889,hifld_spatial,3,CENTER MUNICIPAL GAS SYSTEM,MUNICIPAL,12.748109286175678
8111,San Juan,CO,7.383081213555311,7.383081213555311,hifld_spatial,1,ATMOS ENERGY CORPORATION,INVESTOR-OWNED,0.2543392734294991
8113,San Miguel,CO,8.48874451428327,8.48874451428327,state_avg_ldc_no_price,1,ROCKY MOUNTAIN NATURAL GAS,OTHER,58.58283716103361
8115,Sedgwick,CO,8.48874451428327,8.48874451428327,state_avg_ldc_no_price,2,ROCKY MOUNTAIN NATURAL GAS,OTHER,25.0294519590062
8117,Summit,CO,6.915494142428059,6.915494142428059,hifld_spatial,1,PUBLIC SERVICE CO OF COLORADO,INVESTOR-OWNED,98.92104101714256
8119,Teller,CO,5.727622962826476,5.727622962826476,hifld_spatial,2,BLACK HILLS ENERGY,INVESTOR-OWNED,9.115749911976478
8121,Washington,CO,6.915494142428059,6.915494142428059,hifld_spatial,1,PUBLIC SERVICE CO OF COLORADO,INVESTOR-OWNED,43.07354590681032
8123,Weld,CO,7.340890043914355,7.340890043914355,hifld_spatial,2,ATMOS ENERGY CORPORATION,INVESTOR-OWNED,99.85174072805724
8125,Yuma,CO,5.0901242793061785,5.0901242793061785,hifld_spatial,2,BLACK HILLS ENERGY,INVESTOR-OWNED,75.12639254030837
9001,Fairfield,CT,8.859145451493593,8.859145451493593,hifld_spatial,5,YANKEE GAS SERVICE CO.,PRIVATE,90.42634945820276
9003,Hartford,CT,7.331029382674564,7.331029382674564,hifld_spatial,3,CONNETICUT NATURAL GAS CORP,INVESTOR-OWNED,97.92840084628662
9005,Litchfield,CT,9.287400239450632,9.287400239450632,hifld_spatial,2,YANKEE GAS SERVICE CO.,PRIVATE,32.59485961410941
9007,Middlesex,CT,8.290071668948823,8.290071668948823,hifld_spatial,3,YANKEE GAS SERVICE CO.,PRIVATE,34.636345399702364
9009,New Haven,CT,8.789197361176312,8.789197361176312,hifld_spatial,3,YANKEE GAS SERVICE CO.,PRIVATE,99.058327532493
9011,New London,CT,9.879728446626729,9.879728446626729,hifld_spatial,4,YANKEE GAS SERVICE CO.,PRIVATE,41.32014776153195
9013,Tolland,CT,7.571645146380595,7.571645146380595,hifld_spatial,3,CONNETICUT NATURAL GAS CORP,INVESTOR-OWNED,66.5798599709672
9015,Windham,CT,8.985713705252017,8.985713705252017,hifld_spatial,3,YANKEE GAS SERVICE CO.,PRIVATE,39.50046327495875
10001,Kent,DE,11.93547713146578,11.93547713146578,hifld_spatial,1,CHESAPEAKE UTILITIES CORPORATION,INVESTOR-OWNED,77.88316059111935
10003,New Castle,DE,10.55459843078501,10.55459843078501,hifld_spatial,6,DELMARVA POWER,INVESTOR-OWNED,98.67636254838168
10005,Sussex,DE,11.93547713146578,11.93547713146578,hifld_spatial,1,CHESAPEAKE UTILITIES CORPORATION,INVESTOR-OWNED,99.64773133301428
11001,District of Columbia,DC,,,state_avg_ldc_no_price,3,WASHINGTON GAS,INVESTOR-OWNED,97.33823118264796
12001,Alachua,FL,7.472902682809527,7.472902682809527,hifld_spatial,1,GAINESVILLE REGIONAL UTILITY,MUNICIPAL,28.154416625811145
12003,Baker,FL,7.250157430730479,7.250157430730479,hifld_spatial,1,"PEOPLES GAS SYSTEMS, INC",INVESTOR-OWNED,0.3791155606958932
12005,Bay,FL,7.873579902816996,7.873579902816996,hifld_spatial,2,"PEOPLES GAS SYSTEMS, INC",INVESTOR-OWNED,44.42102157475516
12007,Bradford,FL,7.163985251256734,7.163985251256734,state_avg_ldc_no_price,2,"STARKE, CITY OF",MUNICIPAL,51.9101754503868
12009,Brevard,FL,7.250157430730479,7.250157430730479,hifld_spatial,1,"PEOPLES GAS SYSTEMS, INC",INVESTOR-OWNED,48.92552503152172
12011,Broward,FL,7.279530183221724,7.279530183221724,hifld_spatial,2,"PEOPLES GAS SYSTEMS, INC",INVESTOR-OWNED,36.812529889935234
12013,Calhoun,FL,7.250157430730479,7.250157430730479,hifld_spatial,1,"PEOPLES GAS SYSTEMS, INC",INVESTOR-OWNED,42.01358032894059
12015,Charlotte,FL,7.163985251256734,7.163985251256734,state_avg_no_coverage,0,,,0.0
12017,Citrus,FL,7.250157430730479,7.250157430730479,hifld_spatial,1,"PEOPLES GAS SYSTEMS, INC",INVESTOR-OWNED,45.39678135861006
12019,Clay,FL,7.250157430730479,7.250157430730479,hifld_spatial,1,"PEOPLES GAS SYSTEMS, INC",INVESTOR-OWNED,9.110671018641062
12021,Collier,FL,7.163985251256734,7.163985251256734,state_avg_no_coverage,0,,,0.0
12023,Columbia,FL,11.435,11.435,hifld_spatial,1,"JASPER, CITY OF",MUNICIPAL,71.62606763820231
12027,DeSoto,FL,7.163985251256734,7.163985251256734,state_avg_no_coverage,0,,,0.0
12029,Dixie,FL,7.163985251256734,7.163985251256734,state_avg_ldc_no_price,1,FLORIDA GAS TRANSMISSION CO,INVESTOR-OWNED,0.3324635289130321
12031,Duval,FL,7.250157430730479,7.250157430730479,hifld_spatial,1,"PEOPLES GAS SYSTEMS, INC",INVESTOR-OWNED,100.2238576940482
12033,Escambia,FL,6.060872169244624,6.060872169244624,hifld_spatial,5,ENERGY SERVICES OF PENSACOLA,MUNICIPAL,95.848234387668
12035,Flagler,FL,7.250157430730479,7.250157430730479,hifld_spatial,1,"PEOPLES GAS SYSTEMS, INC",INVESTOR-OWNED,0.1362879455017639
12037,Franklin,FL,7.163985251256734,7.163985251256734,state_avg_no_coverage,0,,,0.0
12039,Gadsden,FL,6.056712466008301,6.056712466008301,hifld_spatial,1,"QUINCY, CITY OF",MUNICIPAL,88.31994483581833
12041,Gilchrist,FL,7.163985251256734,7.163985251256734,state_avg_no_coverage,0,,,0.0
12043,Glades,FL,7.163985251256734,7.163985251256734,state_avg_ldc_no_price,2,FLORIDA GAS TRANSMISSION CO,INVESTOR-OWNED,1.4722667639228075
12045,Gulf,FL,10.011104465852634,10.011104465852634,hifld_spatial,2,ST. JOE NATURAL GAS CO.,INVESTOR-OWNED,0.9645686416552096
12047,Hamilton,FL,11.43325273780089,11.43325273780089,hifld_spatial,3,"JASPER, CITY OF",MUNICIPAL,59.65900948440535
12049,Hardee,FL,7.250157430730479,7.250157430730479,hifld_spatial,1,"PEOPLES GAS SYSTEMS, INC",INVESTOR-OWNED,0.1158081197574605
12051,Hendry,FL,7.163985251256734,7.163985251256734,state_avg_ldc_no_price,2,FLORIDA GAS TRANSMISSION CO,INVESTOR-OWNED,0.0088663271852036
12053,Hernando,FL,7.250157430730479,7.250157430730479,hifld_spatial,1,"PEOPLES GAS SYSTEMS, INC",INVESTOR-OWNED,0.0620273164120814
12055,Highlands,FL,7.250157430730479,7.250157430730479,hifld_spatial,1,"PEOPLES GAS SYSTEMS, INC",INVESTOR-OWNED,39.07845166992048
12057,Hillsborough,FL,7.250157430730479,7.250157430730479,hifld_spatial,1,"PEOPLES GAS SYSTEMS, INC",INVESTOR-OWNED,55.13044452414052
12059,Holmes,FL,9.98763570566948,9.98763570566948,hifld_spatial,1,"CHIPLEY, CITY OF",MUNICIPAL,0.0165925036501726
12061,Indian River,FL,7.163985251256734,7.163985251256734,state_avg_no_coverage,0,,,0.0
12063,Jackson,FL,9.98763570566948,9.98763570566948,hifld_spatial,1,"CHIPLEY, CITY OF",MUNICIPAL,9.65051525593565
12065,Jefferson,FL,7.035556693602653,7.035556693602653,hifld_spatial,1,THOMASVILLE UTILITIES,MUNICIPAL,7.0689438674191
12067,Lafayette,FL,8.855026861089792,8.855026861089792,hifld_spatial,1,"MADISON, CITY OF",MUNICIPAL,14.903843342733568
12069,Lake,FL,7.126256244561259,7.126256244561259,hifld_spatial,3,"PEOPLES GAS SYSTEMS, INC",INVESTOR-OWNED,55.15213937794852
12071,Lee,FL,7.163985251256734,7.163985251256734,state_avg_no_coverage,0,,,0.0
12073,Leon,FL,6.991427113059236,6.991427113059236,hifld_spatial,2,THOMASVILLE UTILITIES,MUNICIPAL,171.7601492071341
12075,Levy,FL,7.163985251256734,7.163985251256734,state_avg_ldc_no_price,1,"WILLISTON, CITY OF",MUNICIPAL,0.4625912729224278
12077,Liberty,FL,6.056712466008301,6.056712466008301,hifld_spatial,1,"QUINCY, CITY OF",MUNICIPAL,3.8578797680807466
12079,Madison,FL,8.855026861089792,8.855026861089792,hifld_spatial,1,"MADISON, CITY OF",MUNICIPAL,104.56186160300096
12081,Manatee,FL,7.250157430730479,7.250157430730479,hifld_spatial,1,"PEOPLES GAS SYSTEMS, INC",INVESTOR-OWNED,20.196006733507417
12083,Marion,FL,7.250157430730479,7.250157430730479,hifld_spatial,1,"PEOPLES GAS SYSTEMS, INC",INVESTOR-OWNED,13.64241860348982
12085,Martin,FL,7.163985251256734,7.163985251256734,state_avg_ldc_no_price,2,FLORIDA PUBLIC UTILITIES INDIANTOWN,INVESTOR-OWNED,129.5055031347982
12086,Miami-Dade,FL,7.250157430730479,7.250157430730479,hifld_spatial,1,"PEOPLES GAS SYSTEMS, INC",INVESTOR-OWNED,20.103298113534905
12087,Monroe,FL,7.163985251256734,7.163985251256734,state_avg_no_coverage,0,,,0.0
12089,Nassau,FL,7.250157430730479,7.250157430730479,hifld_spatial,1,"PEOPLES GAS SYSTEMS, INC",INVESTOR-OWNED,1.6698929757070125
12091,Okaloosa,FL,6.570599493733408,6.570599493733408,hifld_spatial,1,OKALOOSA COUNTY GAS DISTRICT,MUNICIPAL,37.989484277282834
12093,Okeechobee,FL,7.250157430730478,7.250157430730478,hifld_spatial,1,"PEOPLES GAS SYSTEMS, INC",INVESTOR-OWNED,5.691942027608279
12095,Orange,FL,7.252526324396116,7.252526324396116,hifld_spatial,2,"PEOPLES GAS SYSTEMS, INC",INVESTOR-OWNED,59.835267155509406
12097,Osceola,FL,7.250157430730479,7.250157430730479,hifld_spatial,1,"PEOPLES GAS SYSTEMS, INC",INVESTOR-OWNED,27.076571453218826
12099,Palm Beach,FL,11.070328209670286,11.070328209670286,hifld_spatial,2,FLORIDA PUBLIC UTILITIES CO,INVESTOR-OWNED,14.0252192173192
12101,Pasco,FL,7.250157430730479,7.250157430730479,hifld_spatial,1,"PEOPLES GAS SYSTEMS, INC",INVESTOR-OWNED,20.362042862211208
12103,Pinellas,FL,7.317345444911275,7.317345444911275,hifld_spatial,2,"PEOPLES GAS SYSTEMS, INC",INVESTOR-OWNED,68.19704818549903
12105,Polk,FL,7.250157430730479,7.250157430730479,hifld_spatial,1,"PEOPLES GAS SYSTEMS, INC",INVESTOR-OWNED,99.85128561017017
12107,Putnam,FL,7.163985251256734,7.163985251256734,state_avg_ldc_no_price,3,FLORIDA GAS TRANSMISSION CO,INVESTOR-OWNED,66.677230628191
12109,St. Johns,FL,7.250157430730479,7.250157430730479,hifld_spatial,1,"PEOPLES GAS SYSTEMS, INC",INVESTOR-OWNED,0.4280739972300523
12111,St. Lucie,FL,7.625937233663814,7.625937233663814,hifld_spatial,1,FT. PIERCE UTILITY AUTHORITY,MUNICIPAL,19.28742614160881
12113,Santa Rosa,FL,9.00114170315332,9.00114170315332,hifld_spatial,3,"MILTON, CITY OF",MUNICIPAL,53.17275339038535
12115,Sarasota,FL,7.250157430730479,7.250157430730479,hifld_spatial,1,"PEOPLES GAS SYSTEMS, INC",INVESTOR-OWNED,17.1696343789764
12117,Seminole,FL,8.778397050013437,8.778397050013437,hifld_spatial,2,"PEOPLES GAS SYSTEMS, INC",INVESTOR-OWNED,111.42904731253012
12119,Sumter,FL,7.206676152745741,7.206676152745741,hifld_spatial,2,"PEOPLES GAS SYSTEMS, INC",INVESTOR-OWNED,0.8215480894131241
12121,Suwannee,FL,7.12366678030478,7.12366678030478,hifld_spatial,3,"LIVE OAK, CITY OF",MUNICIPAL,41.69543757987309
12123,Taylor,FL,8.855026861089792,8.855026861089792,hifld_spatial,1,"MADISON, CITY OF",MUNICIPAL,137.37393805760942
12125,Union,FL,7.163985251256734,7.163985251256734,state_avg_ldc_no_price,3,FLORIDA GAS TRANSMISSION CO,INVESTOR-OWNED,5.954771585518908
12127,Volusia,FL,8.277702780181682,8.277702780181682,hifld_spatial,2,"PEOPLES GAS SYSTEMS, INC",INVESTOR-OWNED,55.920259682758704
12129,Wakulla,FL,7.163985251256734,7.163985251256734,state_avg_ldc_no_price,2,FLORIDA GAS TRANSMISSION CO,INVESTOR-OWNED,0.7303133009499871
12131,Walton,FL,6.570599493733407,6.570599493733407,hifld_spatial,1,OKALOOSA COUNTY GAS DISTRICT,MUNICIPAL,25.414683825476672
12133,Washington,FL,9.987635705669485,9.987635705669485,hifld_spatial,1,"CHIPLEY, CITY OF",MUNICIPAL,13.672034586899825
13001,Appling,GA,5.35544244646742,5.35544244646742,state_avg_ldc_no_price,1,ATLANTA GAS LIGHT CO.,PRIVATE,53.67064426510794
13003,Atkinson,GA,5.239926689404382,5.239926689404382,hifld_spatial,2,DOUGLAS GAS SYSTEM,MUNICIPAL,0.7014591300034091
13005,Bacon,GA,5.35544244646742,5.35544244646742,state_avg_ldc_no_price,1,ATLANTA GAS LIGHT CO.,PRIVATE,34.015655616825114
13007,Baker,GA,5.596810762617161,5.596810762617161,hifld_spatial,1,"CAMILLA, CITY OF",MUNICIPAL,0.0154529226493573
13009,Baldwin,GA,5.35544244646742,5.35544244646742,state_avg_ldc_no_price,1,ATLANTA GAS LIGHT CO.,PRIVATE,19.964299390334737
13011,Banks,GA,5.724045843559248,5.724045843559248,hifld_spatial,1,"COMMERCE, CITY OF",MUNICIPAL,56.38303474079781
13013,Barrow,GA,6.054134669817126,6.054134669817126,hifld_spatial,1,"WINDER, CITY OF",MUNICIPAL,77.1687991408256
13015,Bartow,GA,6.283257799828813,6.283257799828813,hifld_spatial,2,CARTERSVILLE GAS SYSTEM,MUNICIPAL,114.59172493210916
13017,Ben Hill,GA,6.257538527969404,6.257538527969404,hifld_spatial,1,FITZGERALD WTR LT & BOND COM,MUNICIPAL,61.76835146051036
13019,Berrien,GA,10.400586866336132,10.400586866336132,hifld_spatial,1,NASHVILLE NAT GAS SYSTEM,MUNICIPAL,58.37704105707566
13021,Bibb,GA,15.596954358016864,15.596954358016864,hifld_spatial,2,"WARNER ROBINS, CITY OF",MUNICIPAL,11.083827502432912
13023,Bleckley,GA,5.35544244646742,5.35544244646742,state_avg_outlier_filter,1,"COCHRAN, CITY OF",MUNICIPAL,118.2717752899808
13025,Brantley,GA,5.35544244646742,5.35544244646742,state_avg_ldc_no_price,1,ATLANTA GAS LIGHT CO.,PRIVATE,48.834446261015394
13027,Brooks,GA,7.223242881498051,7.223242881498051,hifld_spatial,2,"QUITMAN, CITY OF",MUNICIPAL,30.90286282987996
13029,Bryan,GA,6.571795468201818,6.571795468201818,hifld_spatial,1,"CLAXTON, CITY OF",MUNICIPAL,55.05872882958485
13031,Bulloch,GA,5.843603432897607,5.843603432897607,hifld_spatial,1,"STATESBORO, CITY OF",MUNICIPAL,31.12328553388454
13033,Burke,GA,10.757656639340194,10.757656639340194,hifld_spatial,3,WAYNESBORO GAS DEPARTMENT,MUNICIPAL,37.47284485099097
13035,Butts,GA,5.916323901675163,5.916323901675163,hifld_spatial,1,"MONTICELLO, CITY OF",MUNICIPAL,100.00000000000004
13037,Calhoun,GA,8.200188811128935,8.200188811128935,hifld_spatial,2,EDISON GAS SYSTEM,MUNICIPAL,20.811885821486776
13039,Camden,GA,5.35544244646742,5.35544244646742,state_avg_ldc_no_price,1,ATLANTA GAS LIGHT CO.,PRIVATE,96.83383157938536
13043,Candler,GA,5.843603432897607,5.843603432897607,hifld_spatial,1,"STATESBORO, CITY OF",MUNICIPAL,67.24757526806911
13045,Carroll,GA,9.615518531111867,9.615518531111867,hifld_spatial,1,TALLAPOOSA NATURAL GAS SYSTEM,MUNICIPAL,96.8985510415848
13047,Catoosa,GA,7.399700203884939,7.399700203884939,hifld_spatial,3,LAFAYETTE NATURAL GAS SYSTEM,MUNICIPAL,68.14636910644714
13049,Charlton,GA,5.35544244646742,5.35544244646742,state_avg_ldc_no_price,1,ATLANTA GAS LIGHT CO.,PRIVATE,65.38226604029195
13051,Chatham,GA,5.35544244646742,5.35544244646742,state_avg_ldc_no_price,1,ATLANTA GAS LIGHT CO.,PRIVATE,97.13546642067348
13053,Chattahoochee,GA,11.236187983731284,11.236187983731284,hifld_spatial,1,ALABAMA GAS CORP,INVESTOR-OWNED,1.0074367320327955
13055,Chattooga,GA,5.889394870294907,5.889394870294907,hifld_spatial,4,SUMMERVILLE NATURAL GAS SYSTEM,MUNICIPAL,100.47101512029391
13057,Cherokee,GA,6.272242095345524,6.272242095345524,hifld_spatial,1,CARTERSVILLE GAS SYSTEM,MUNICIPAL,99.99999999999991
13059,Clarke,GA,5.35544244646742,5.35544244646742,state_avg_ldc_no_price,2,ATLANTA GAS LIGHT CO.,PRIVATE,99.93390122256918
13061,Clay,GA,8.70079598025689,8.70079598025689,hifld_spatial,2,EDISON GAS SYSTEM,MUNICIPAL,3.5124620162138807
13063,Clayton,GA,5.35544244646742,5.35544244646742,state_avg_ldc_no_price,1,ATLANTA GAS LIGHT CO.,PRIVATE,100.00000000000004
13065,Clinch,GA,5.35544244646742,5.35544244646742,state_avg_ldc_no_price,1,ATLANTA GAS LIGHT CO.,PRIVATE,95.03123409109304
13067,Cobb,GA,5.302897554254489,5.302897554254489,hifld_spatial,2,AUSTELL NATURAL GAS SYSTEM,MUNICIPAL,141.24949097274413
13069,Coffee,GA,4.939357083348134,4.939357083348134,hifld_spatial,2,DOUGLAS GAS SYSTEM,MUNICIPAL,21.403508395426705
13071,Colquitt,GA,7.413131255843647,7.413131255843647,hifld_spatial,3,MOULTRIE NATURAL GAS SYSTEM,MUNICIPAL,39.10749875991868
13073,Columbia,GA,6.281384655649745,6.281384655649745,hifld_spatial,2,SOUTH CAROLINA ELECTRIC & GAS,INVESTOR-OWNED,65.7107411613347
13075,Cook,GA,7.365751081569482,7.365751081569482,hifld_spatial,2,ADEL NATURAL GAS SYS,MUNICIPAL,10.976710345192243
13077,Coweta,GA,6.548096340442299,6.548096340442299,hifld_spatial,1,"HOGANSVILLE, CITY OF",MUNICIPAL,82.0855416659075
13079,Crawford,GA,7.648303223636225,7.648303223636225,hifld_spatial,3,FORT VALLEY UTILITY COMMISSION,MUNICIPAL,49.76940531004483
13081,Crisp,GA,7.211115347389105,7.211115347389105,hifld_spatial,3,"CORDELE NATURAL GAS SYSTEM, CITY OF",MUNICIPAL,78.02373656561485
13083,Dade,GA,5.35544244646742,5.35544244646742,state_avg_ldc_no_price,1,ATLANTA GAS LIGHT CO.,PRIVATE,56.939003498982345
13085,Dawson,GA,5.35544244646742,5.35544244646742,state_avg_ldc_no_price,1,ATLANTA GAS LIGHT CO.,PRIVATE,87.03701979983234
13087,Decatur,GA,5.955271483446471,5.955271483446471,hifld_spatial,3,"BAINBRIDGE, CITY OF",MUNICIPAL,10.533504169703004
13089,DeKalb,GA,5.35544244646742,5.35544244646742,state_avg_ldc_no_price,1,ATLANTA GAS LIGHT CO.,PRIVATE,96.21591835484725
13091,Dodge,GA,5.35544244646742,5.35544244646742,state_avg_outlier_filter,1,"COCHRAN, CITY OF",MUNICIPAL,15.295017388912326
13093,Dooly,GA,7.378230987197451,7.378230987197451,hifld_spatial,3,"VIENNA, CITY OF",MUNICIPAL,42.19104879831353
13095,Dougherty,GA,5.9853421949717465,5.9853421949717465,hifld_spatial,2,"ALBANY WATER, GAS & LIGHT",MUNICIPAL,17.41055243572865
13097,Douglas,GA,5.302525884099039,5.302525884099039,hifld_spatial,1,AUSTELL NATURAL GAS SYSTEM,MUNICIPAL,134.40085716431625
13099,Early,GA,10.575777593137133,10.575777593137133,hifld_spatial,2,"BLAKELY, CITY OF",MUNICIPAL,48.20548322992254
13101,Echols,GA,5.35544244646742,5.35544244646742,state_avg_ldc_no_price,1,ATLANTA GAS LIGHT CO.,PRIVATE,0.8436300845385186
13103,Effingham,GA,6.11526270761945,6.11526270761945,hifld_spatial,2,SOUTH CAROLINA ELECTRIC & GAS,INVESTOR-OWNED,69.26045286158009
13105,Elbert,GA,6.773643551726448,6.773643551726448,hifld_spatial,3,"ELBERTON UTILITIES, NATURAL GAS DIVISION",MUNICIPAL,68.222854914044
13107,Emanuel,GA,5.35544244646742,5.35544244646742,state_avg_ldc_no_price,2,ATLANTA GAS LIGHT CO.,PRIVATE,86.25550955556578
13109,Evans,GA,6.571795468201818,6.571795468201818,hifld_spatial,1,"CLAXTON, CITY OF",MUNICIPAL,60.72866268514014
13111,Fannin,GA,5.35544244646742,5.35544244646742,state_avg_ldc_no_price,1,ATLANTA GAS LIGHT CO.,PRIVATE,97.60180595401862
13113,Fayette,GA,5.35544244646742,5.35544244646742,state_avg_ldc_no_price,1,ATLANTA GAS LIGHT CO.,PRIVATE,100.0000000000002
13115,Floyd,GA,6.272205577168097,6.272205577168097,hifld_spatial,3,CARTERSVILLE GAS SYSTEM,MUNICIPAL,100.00241150341304
13117,Forsyth,GA,5.35544244646742,5.35544244646742,state_avg_ldc_no_price,1,ATLANTA GAS LIGHT CO.,PRIVATE,71.75031817641326
13119,Franklin,GA,13.129906920275191,13.129906920275191,hifld_spatial,1,"ROYSTON GAS DEPARTMENT, CITY OF",MUNICIPAL,13.95215099725147
13121,Fulton,GA,5.302525884099039,5.302525884099039,hifld_spatial,1,AUSTELL NATURAL GAS SYSTEM,MUNICIPAL,100.00788838652912
13123,Gilmer,GA,5.35544244646742,5.35544244646742,state_avg_ldc_no_price,1,ATLANTA GAS LIGHT CO.,PRIVATE,100.00000000000011
13125,Glascock,GA,5.35544244646742,5.35544244646742,state_avg_ldc_no_price,2,ATLANTA GAS LIGHT CO.,PRIVATE,97.3279641303834
13127,Glynn,GA,5.35544244646742,5.35544244646742,state_avg_ldc_no_price,1,ATLANTA GAS LIGHT CO.,PRIVATE,97.3458850352914
13129,Gordon,GA,6.7261343121916335,6.7261343121916335,hifld_spatial,3,DALTON UTILITY,MUNICIPAL,103.4291086216557
13131,Grady,GA,7.405709687014488,7.405709687014488,hifld_spatial,3,CAIRO NATURAL GAS SYSTEM,MUNICIPAL,29.48015676522974
13133,Greene,GA,5.718858476524799,5.718858476524799,hifld_spatial,3,"GREENSBORO, CITY OF",MUNICIPAL,140.81590489808804
13135,Gwinnett,GA,9.071757978232798,9.071757978232798,hifld_spatial,1,"LAWRENCEVILLE, CITY OF",MUNICIPAL,74.52701331077822
13137,Habersham,GA,6.04945711980745,6.04945711980745,hifld_spatial,1,TOCCA NATURAL GAS SYSTEM,MUNICIPAL,84.28705563227497
13139,Hall,GA,5.35544244646742,5.35544244646742,state_avg_ldc_no_price,2,ATLANTA GAS LIGHT CO.,PRIVATE,71.63980749165646
13141,Hancock,GA,8.921308230528448,8.921308230528448,hifld_spatial,1,"SPARTA, CITY OF",MUNICIPAL,46.07046981829898
13143,Haralson,GA,9.615518531111867,9.615518531111867,hifld_spatial,1,TALLAPOOSA NATURAL GAS SYSTEM,MUNICIPAL,100.00003900779254
13145,Harris,GA,6.988366896370295,6.988366896370295,hifld_spatial,3,LIBERTY UTILITIES,INVESTOR-OWNED,101.17156768453876
13147,Hart,GA,12.188863819952854,12.188863819952854,hifld_spatial,3,"ROYSTON GAS DEPARTMENT, CITY OF",MUNICIPAL,17.197981472013616
13149,Heard,GA,5.35544244646742,5.35544244646742,state_avg_ldc_no_price,2,ATLANTA GAS LIGHT CO.,PRIVATE,0.7007541946742379
13151,Henry,GA,5.35544244646742,5.35544244646742,state_avg_ldc_no_price,1,ATLANTA GAS LIGHT CO.,PRIVATE,99.84206513717034
13153,Houston,GA,12.028627444112272,12.028627444112272,hifld_spatial,6,"WARNER ROBINS, CITY OF",MUNICIPAL,48.46527504768129
13155,Irwin,GA,6.2575385279694045,6.2575385279694045,hifld_spatial,1,FITZGERALD WTR LT & BOND COM,MUNICIPAL,41.71012698965124
13157,Jackson,GA,5.724533453399879,5.724533453399879,hifld_spatial,2,"COMMERCE, CITY OF",MUNICIPAL,75.13627724694699
13159,Jasper,GA,5.922221941908501,5.922221941908501,hifld_spatial,2,"MONTICELLO, CITY OF",MUNICIPAL,78.76358791060119
13161,Jeff Davis,GA,5.35544244646742,5.35544244646742,state_avg_ldc_no_price,1,ATLANTA GAS LIGHT CO.,PRIVATE,43.25694609678496
13163,Jefferson,GA,5.051966800232909,5.051966800232909,hifld_spatial,1,"WRENS, CITY OF",MUNICIPAL,90.5336530300044
13165,Jenkins,GA,5.195798413477299,5.195798413477299,hifld_spatial,3,"MILLEN, CITY OF",MUNICIPAL,2.2206084711277785
13167,Johnson,GA,5.35544244646742,5.35544244646742,state_avg_ldc_no_price,1,ATLANTA GAS LIGHT CO.,PRIVATE,99.41531175854452
13169,Jones,GA,15.625804856168012,15.625804856168012,hifld_spatial,2,"EATONTON, CITY OF",MUNICIPAL,128.38058021635115
13171,Lamar,GA,5.35544244646742,5.35544244646742,state_avg_ldc_no_price,1,ATLANTA GAS LIGHT CO.,PRIVATE,100.0
13173,Lanier,GA,10.400586866336132,10.400586866336132,hifld_spatial,1,NASHVILLE NAT GAS SYSTEM,MUNICIPAL,98.93086815118669
13175,Laurens,GA,6.174687567433135,6.174687567433135,hifld_spatial,1,DUBLIN NATURAL GAS SYSTEM,MUNICIPAL,71.99812517855594
13177,Lee,GA,6.534538299898469,6.534538299898469,hifld_spatial,2,AMERICUS UTILITY COMM.,MUNICIPAL,0.0204035529148225
13179,Liberty,GA,6.571795468201818,6.571795468201818,hifld_spatial,1,"CLAXTON, CITY OF",MUNICIPAL,92.6588788434358
13181,Lincoln,GA,6.609597712880582,6.609597712880582,hifld_spatial,2,"ELBERTON UTILITIES, NATURAL GAS DIVISION",MUNICIPAL,5.1142513982469575
13183,Long,GA,5.35544244646742,5.35544244646742,state_avg_ldc_no_price,1,ATLANTA GAS LIGHT CO.,PRIVATE,99.99328300699388
13185,Lowndes,GA,7.223527213517337,7.223527213517337,hifld_spatial,1,"QUITMAN, CITY OF",MUNICIPAL,61.355089072896526
13187,Lumpkin,GA,5.35544244646742,5.35544244646742,state_avg_ldc_no_price,1,ATLANTA GAS LIGHT CO.,PRIVATE,100.00000000000004
13189,McDuffie,GA,5.566567880085191,5.566567880085191,hifld_spatial,2,"THOMSON, CITY OF",MUNICIPAL,99.17432552682531
13191,McIntosh,GA,5.35544244646742,5.35544244646742,state_avg_ldc_no_price,1,ATLANTA GAS LIGHT CO.,PRIVATE,99.24717252649523
13193,Macon,GA,7.262200014059059,7.262200014059059,hifld_spatial,2,FORT VALLEY UTILITY COMMISSION,MUNICIPAL,0.0742019560971501
13195,Madison,GA,9.859127543241458,9.859127543241458,hifld_spatial,2,"ELBERTON UTILITIES, NATURAL GAS DIVISION",MUNICIPAL,163.79353828851671
13197,Marion,GA,5.35544244646742,5.35544244646742,state_avg_no_coverage,0,,,0.0
13199,Meriwether,GA,11.3630128309725,11.3630128309725,hifld_spatial,3,MANCHESTER NATURAL GAS SYSTEM,MUNICIPAL,47.23342006259335
13201,Miller,GA,6.7903484627992245,6.7903484627992245,hifld_spatial,2,"COLQUITT GAS SYS, CITY OF",MUNICIPAL,32.39803869032504
13205,Mitchell,GA,6.777810113704817,6.777810113704817,hifld_spatial,3,"CAMILLA, CITY OF",MUNICIPAL,50.106591216530376
13207,Monroe,GA,15.626289723483286,15.626289723483286,hifld_spatial,1,"EATONTON, CITY OF",MUNICIPAL,95.82163671285704
13209,Montgomery,GA,5.35544244646742,5.35544244646742,state_avg_ldc_no_price,1,ATLANTA GAS LIGHT CO.,PRIVATE,99.99999999999991
13211,Morgan,GA,9.248068070335544,9.248068070335544,hifld_spatial,4,"MADISON, CITY OF",MUNICIPAL,21.726237354905766
13213,Murray,GA,7.135935567936752,7.135935567936752,hifld_spatial,2,DALTON UTILITY,MUNICIPAL,77.44220797699654
13215,Muscogee,GA,11.11377524556421,11.11377524556421,hifld_spatial,2,ALABAMA GAS CORP,INVESTOR-OWNED,1.353372095180044
13217,Newton,GA,6.129546032218248,6.129546032218248,hifld_spatial,3,COVINGTON NATURAL GAS SYSTEM,MUNICIPAL,51.34784226710916
13219,Oconee,GA,5.35544244646742,5.35544244646742,state_avg_ldc_no_price,2,ATLANTA GAS LIGHT CO.,PRIVATE,74.36311464703056
13221,Oglethorpe,GA,6.772972190034762,6.772972190034762,hifld_spatial,1,"ELBERTON UTILITIES, NATURAL GAS DIVISION",MUNICIPAL,100.13073684515322
13223,Paulding,GA,5.598663842598867,5.598663842598867,hifld_spatial,2,AUSTELL NATURAL GAS SYSTEM,MUNICIPAL,100.05175440338992
13225,Peach,GA,7.68931842793656,7.68931842793656,hifld_spatial,4,FORT VALLEY UTILITY COMMISSION,MUNICIPAL,99.91852157983658
13227,Pickens,GA,5.35544244646742,5.35544244646742,state_avg_ldc_no_price,1,ATLANTA GAS LIGHT CO.,PRIVATE,99.99999999999996
13229,Pierce,GA,5.35544244646742,5.35544244646742,state_avg_ldc_no_price,1,ATLANTA GAS LIGHT CO.,PRIVATE,62.016449321160216
13231,Pike,GA,5.35544244646742,5.35544244646742,state_avg_ldc_no_price,1,ATLANTA GAS LIGHT CO.,PRIVATE,99.96348900099105
13233,Polk,GA,6.272242095345524,6.272242095345524,hifld_spatial,1,CARTERSVILLE GAS SYSTEM,MUNICIPAL,100.00067525760392
13235,Pulaski,GA,6.341791836747697,6.341791836747697,hifld_spatial,3,HAWKINSVILLE NATURAL GAS SYSTEM,MUNICIPAL,26.267033101635143
13237,Putnam,GA,15.612294721526547,15.612294721526547,hifld_spatial,4,"EATONTON, CITY OF",MUNICIPAL,34.43171726238627
13239,Quitman,GA,5.35544244646742,5.35544244646742,state_avg_ldc_no_price,1,"LUMPKIN, CITY OF",MUNICIPAL,0.0785083755434221
13241,Rabun,GA,6.177422182583328,6.177422182583328,hifld_spatial,2,TOCCOA NATURAL GAS,MUNICIPAL,0.0151192602410207
13243,Randolph,GA,9.880992739975548,9.880992739975548,hifld_spatial,2,"SHELLMAN, CITY OF",MUNICIPAL,1.1558096670200138
13245,Richmond,GA,5.762057093900509,5.762057093900509,hifld_spatial,2,SOUTH CAROLINA ELECTRIC & GAS,INVESTOR-OWNED,93.77989911894244
13247,Rockdale,GA,9.071757978232798,9.071757978232798,hifld_spatial,1,"LAWRENCEVILLE, CITY OF",MUNICIPAL,21.729827153535552
13249,Schley,GA,6.169130399825414,6.169130399825414,hifld_spatial,1,AMERICUS UTILITY COMM.,MUNICIPAL,0.0240572547970833
13251,Screven,GA,4.873894494916303,4.873894494916303,hifld_spatial,3,"SYLVANIA, CITY OF",MUNICIPAL,30.07720876819113
13253,Seminole,GA,9.404371996342414,9.404371996342414,hifld_spatial,2,"DONALSONVILLE, CITY OF",MUNICIPAL,49.73621560715616
13255,Spalding,GA,5.35544244646742,5.35544244646742,state_avg_ldc_no_price,1,ATLANTA GAS LIGHT CO.,PRIVATE,100.0
13257,Stephens,GA,6.050119161257775,6.050119161257775,hifld_spatial,2,TOCCA NATURAL GAS SYSTEM,MUNICIPAL,51.60949148456592
13259,Stewart,GA,11.236187983731284,11.236187983731284,hifld_spatial,1,ALABAMA GAS CORP,INVESTOR-OWNED,40.51316974716183
13261,Sumter,GA,6.170448308257449,6.170448308257449,hifld_spatial,3,AMERICUS UTILITY COMM.,MUNICIPAL,47.38045604986469
13263,Talbot,GA,10.65090863756853,10.65090863756853,hifld_spatial,2,MANCHESTER NATURAL GAS SYSTEM,MUNICIPAL,0.0949375208911238
13265,Taliaferro,GA,5.35544244646742,5.35544244646742,state_avg_ldc_no_price,3,TRI-COUNTY NATURAL GAS,MUNICIPAL,134.84100811991448
13267,Tattnall,GA,6.571795468201817,6.571795468201817,hifld_spatial,1,"CLAXTON, CITY OF",MUNICIPAL,78.89723011159545
13269,Taylor,GA,7.214509170791096,7.214509170791096,hifld_spatial,1,FORT VALLEY UTILITY COMMISSION,MUNICIPAL,5.634145972026733
13271,Telfair,GA,6.257538527969404,6.257538527969404,hifld_spatial,1,FITZGERALD WTR LT & BOND COM,MUNICIPAL,19.76960495423208
13273,Terrell,GA,5.979728169800782,5.979728169800782,hifld_spatial,1,"DAWSON, CITY OF",MUNICIPAL,34.45378090729501
13275,Thomas,GA,7.035885866709132,7.035885866709132,hifld_spatial,4,THOMASVILLE UTILITIES,MUNICIPAL,37.689754891641805
13277,Tift,GA,7.886373688962137,7.886373688962137,hifld_spatial,1,TIFTON NATURAL GAS SYSTEM,MUNICIPAL,11.212700723112984
13279,Toombs,GA,5.35544244646742,5.35544244646742,state_avg_ldc_no_price,1,ATLANTA GAS LIGHT CO.,PRIVATE,99.99999999999991
13281,Towns,GA,5.35544244646742,5.35544244646742,state_avg_no_coverage,0,,,0.0
13283,Treutlen,GA,5.35544244646742,5.35544244646742,state_avg_ldc_no_price,1,ATLANTA GAS LIGHT CO.,PRIVATE,97.8225606292016
13285,Troup,GA,7.549249985760919,7.549249985760919,hifld_spatial,5,"LAGRANGE, CITY OF",MUNICIPAL,64.23873243421185
13287,Turner,GA,16.5,16.5,hifld_spatial,1,ASHBURN NATURAL GAS SYSTEM,MUNICIPAL,42.61191827825614
13289,Twiggs,GA,16.498176461988205,16.498176461988205,hifld_spatial,3,"WARNER ROBINS, CITY OF",MUNICIPAL,62.56864160715677
13291,Union,GA,5.35544244646742,5.35544244646742,state_avg_ldc_no_price,1,ATLANTA GAS LIGHT CO.,PRIVATE,25.022288857373727
13293,Upson,GA,11.371042532779022,11.371042532779022,hifld_spatial,1,MANCHESTER NATURAL GAS SYSTEM,MUNICIPAL,95.68797106310532
13295,Walker,GA,7.676649670567183,7.676649670567183,hifld_spatial,2,LAFAYETTE NATURAL GAS SYSTEM,MUNICIPAL,93.31282429511649
13297,Walton,GA,9.064471022373688,9.064471022373688,hifld_spatial,3,"LAWRENCEVILLE, CITY OF",MUNICIPAL,48.02014447538132
13299,Ware,GA,5.35544244646742,5.35544244646742,state_avg_ldc_no_price,1,ATLANTA GAS LIGHT CO.,PRIVATE,49.12070184062056
13301,Warren,GA,5.565222232720344,5.565222232720344,hifld_spatial,2,"THOMSON, CITY OF",MUNICIPAL,99.71004069394344
13303,Washington,GA,8.921308230528448,8.921308230528448,hifld_spatial,1,"SPARTA, CITY OF",MUNICIPAL,100.0041713554913
13305,Wayne,GA,5.35544244646742,5.35544244646742,state_avg_ldc_no_price,1,ATLANTA GAS LIGHT CO.,PRIVATE,96.81261256552897
13307,Webster,GA,5.35544244646742,5.35544244646742,state_avg_no_coverage,0,,,0.0
13309,Wheeler,GA,5.35544244646742,5.35544244646742,state_avg_ldc_no_price,1,ATLANTA GAS LIGHT CO.,PRIVATE,99.72792298615929
13311,White,GA,5.35544244646742,5.35544244646742,state_avg_ldc_no_price,1,ATLANTA GAS LIGHT CO.,PRIVATE,81.9072011635394
13313,Whitfield,GA,7.190249209598218,7.190249209598218,hifld_spatial,3,DALTON UTILITY,MUNICIPAL,62.6223222335137
13315,Wilcox,GA,7.261346436579676,7.261346436579676,hifld_spatial,2,"CORDELE NATURAL GAS SYSTEM, CITY OF",MUNICIPAL,0.0020716524789679
13317,Wilkes,GA,6.251430880992487,6.251430880992487,hifld_spatial,2,"ELBERTON UTILITIES, NATURAL GAS DIVISION",MUNICIPAL,96.9164332915548
13319,Wilkinson,GA,15.605959115789942,15.605959115789942,hifld_spatial,2,"EATONTON, CITY OF",MUNICIPAL,100.0028161191362
13321,Worth,GA,7.610016718277585,7.610016718277585,hifld_spatial,3,"SYLVESTER, CITY OF",MUNICIPAL,22.16053106668208
16001,Ada,ID,6.653192406854207,6.653192406854207,state_avg_ldc_no_price,1,INTERMOUNTAIN GAS CO,MUNICIPAL,94.38447579838184
16003,Adams,ID,6.653192406854207,6.653192406854207,state_avg_no_coverage,0,,,0.0
16005,Bannock,ID,6.653192406854207,6.653192406854207,state_avg_ldc_no_price,2,INTERMOUNTAIN GAS CO,MUNICIPAL,90.99738113273222
16007,Bear Lake,ID,6.653192406854207,6.653192406854207,state_avg_ldc_no_price,1,QUESTAR GAS CO,INVESTOR-OWNED,0.0760761230316699
16009,Benewah,ID,7.144468152566047,7.144468152566047,hifld_spatial,1,AVISTA CORP,INVESTOR-OWNED,50.31693706655129
16011,Bingham,ID,6.653192406854207,6.653192406854207,state_avg_ldc_no_price,1,INTERMOUNTAIN GAS CO,MUNICIPAL,38.00786118174791
16013,Blaine,ID,6.653192406854207,6.653192406854207,state_avg_ldc_no_price,1,INTERMOUNTAIN GAS CO,MUNICIPAL,7.774755390503298
16015,Boise,ID,6.653192406854207,6.653192406854207,state_avg_ldc_no_price,1,INTERMOUNTAIN GAS CO,MUNICIPAL,48.39024173166734
16017,Bonner,ID,7.144468152566047,7.144468152566047,hifld_spatial,1,AVISTA CORP,INVESTOR-OWNED,19.57651944558626
16019,Bonneville,ID,6.653192406854207,6.653192406854207,state_avg_ldc_no_price,1,INTERMOUNTAIN GAS CO,MUNICIPAL,15.970412581959636
16021,Boundary,ID,7.144468152566047,7.144468152566047,hifld_spatial,1,AVISTA CORP,INVESTOR-OWNED,13.55978744802176
16023,Butte,ID,6.653192406854207,6.653192406854207,state_avg_no_coverage,0,,,0.0
16025,Camas,ID,6.653192406854207,6.653192406854207,state_avg_ldc_no_price,1,INTERMOUNTAIN GAS CO,MUNICIPAL,51.05771702741488
16027,Canyon,ID,7.93795499046089,7.93795499046089,hifld_spatial,1,CASCADE NATURAL GAS,OTHER,100.17773172028998
16029,Caribou,ID,6.653192406854207,6.653192406854207,state_avg_ldc_no_price,1,INTERMOUNTAIN GAS CO,MUNICIPAL,0.4253930923784448
16031,Cassia,ID,7.802039199259116,7.802039199259116,hifld_spatial,1,SOUTHWEST GAS CORP,INVESTOR-OWNED,9.987054426061238
16033,Clark,ID,6.653192406854207,6.653192406854207,state_avg_no_coverage,0,,,0.0
16035,Clearwater,ID,7.167785559063815,7.167785559063815,hifld_spatial,2,AVISTA CORP,INVESTOR-OWNED,1.9893076664821965
16037,Custer,ID,6.653192406854207,6.653192406854207,state_avg_no_coverage,0,,,0.0
16039,Elmore,ID,6.653192406854207,6.653192406854207,state_avg_ldc_no_price,1,INTERMOUNTAIN GAS CO,MUNICIPAL,28.37196520308163
16041,Franklin,ID,5.860893301351191,5.860893301351191,hifld_spatial,1,QUESTAR GAS CO,INVESTOR-OWNED,58.601366369658976
16043,Fremont,ID,6.653192406854207,6.653192406854207,state_avg_ldc_no_price,1,INTERMOUNTAIN GAS CO,MUNICIPAL,6.500519815202878
16045,Gem,ID,6.653192406854207,6.653192406854207,state_avg_ldc_no_price,1,INTERMOUNTAIN GAS CO,MUNICIPAL,69.80831627045228
16047,Gooding,ID,6.653192406854207,6.653192406854207,state_avg_ldc_no_price,1,INTERMOUNTAIN GAS CO,MUNICIPAL,98.28932288703857
16049,Idaho,ID,9.198074598389187,9.198074598389187,hifld_spatial,1,NORTHWESTERN ENERGY,INVESTOR-OWNED,0.3321148147923597
16051,Jefferson,ID,6.653192406854207,6.653192406854207,state_avg_ldc_no_price,1,INTERMOUNTAIN GAS CO,MUNICIPAL,17.13317178317584
16053,Jerome,ID,6.653192406854207,6.653192406854207,state_avg_ldc_no_price,1,INTERMOUNTAIN GAS CO,MUNICIPAL,100.00000000000009
16055,Kootenai,ID,7.144468152566046,7.144468152566046,hifld_spatial,1,AVISTA CORP,INVESTOR-OWNED,99.3217922530203
16057,Latah,ID,7.144468152566047,7.144468152566047,hifld_spatial,1,AVISTA CORP,INVESTOR-OWNED,99.8967853748525
16059,Lemhi,ID,6.653192406854207,6.653192406854207,state_avg_no_coverage,0,,,0.0
16061,Lewis,ID,6.653192406854207,6.653192406854207,state_avg_no_coverage,0,,,0.0
16063,Lincoln,ID,6.653192406854207,6.653192406854207,state_avg_ldc_no_price,1,INTERMOUNTAIN GAS CO,MUNICIPAL,48.61905900231743
16065,Madison,ID,6.653192406854207,6.653192406854207,state_avg_ldc_no_price,1,INTERMOUNTAIN GAS CO,MUNICIPAL,47.68459118436075
16067,Minidoka,ID,6.653192406854207,6.653192406854207,state_avg_ldc_no_price,1,INTERMOUNTAIN GAS CO,MUNICIPAL,38.53025875168748
16069,Nez Perce,ID,7.1445154903564125,7.1445154903564125,hifld_spatial,2,AVISTA CORP,INVESTOR-OWNED,32.83421282658397
16071,Oneida,ID,5.860893301351191,5.860893301351191,hifld_spatial,1,QUESTAR GAS CO,INVESTOR-OWNED,0.3125006236998448
16073,Owyhee,ID,7.8020391992591165,7.8020391992591165,hifld_spatial,1,SOUTHWEST GAS CORP,INVESTOR-OWNED,4.596561438834376
16075,Payette,ID,7.93795499046089,7.93795499046089,hifld_spatial,1,CASCADE NATURAL GAS,OTHER,99.99621844232163
16077,Power,ID,6.653192406854207,6.653192406854207,state_avg_ldc_no_price,1,INTERMOUNTAIN GAS CO,MUNICIPAL,50.12914793756617
16079,Shoshone,ID,7.144468152566047,7.144468152566047,hifld_spatial,1,AVISTA CORP,INVESTOR-OWNED,12.892040306901931
16081,Teton,ID,6.653192406854207,6.653192406854207,state_avg_no_coverage,0,,,0.0
16083,Twin Falls,ID,7.802039199259115,7.802039199259115,hifld_spatial,1,SOUTHWEST GAS CORP,INVESTOR-OWNED,37.15594450071674
16085,Valley,ID,6.653192406854207,6.653192406854207,state_avg_ldc_no_price,1,INTERMOUNTAIN GAS CO,MUNICIPAL,0.0008065210087641
16087,Washington,ID,7.93795499046089,7.93795499046089,hifld_spatial,1,CASCADE NATURAL GAS,OTHER,0.3360659307536482
17001,Adams,IL,7.264359960282452,7.264359960282452,hifld_spatial,2,NICOR GAS COMPANY,INVESTOR-OWNED,205.659780468214
17003,Alexander,IL,6.790401113890184,6.790401113890184,hifld_spatial,2,CAIRO PUBLIC UTILITY COMM,MUNICIPAL,106.52132060575777
17005,Bond,IL,7.487575459320261,7.487575459320261,state_avg_ldc_no_price,1,AMEREN ILLINOIS,INVESTOR-OWNED,99.99999999999996
17007,Boone,IL,7.296757487029206,7.296757487029206,hifld_spatial,3,NICOR GAS COMPANY,INVESTOR-OWNED,104.8154893460281
17009,Brown,IL,7.250719913641825,7.250719913641825,hifld_spatial,1,NICOR GAS COMPANY,INVESTOR-OWNED,108.53323370476498
17011,Bureau,IL,7.250719913641825,7.250719913641825,hifld_spatial,1,NICOR GAS COMPANY,INVESTOR-OWNED,185.7565326574808
17013,Calhoun,IL,7.25688541645575,7.25688541645575,hifld_spatial,2,NICOR GAS COMPANY,INVESTOR-OWNED,112.05827293214662
17015,Carroll,IL,7.250719913641825,7.250719913641825,hifld_spatial,1,NICOR GAS COMPANY,INVESTOR-OWNED,96.30919700106476
17017,Cass,IL,7.487575459320261,7.487575459320261,state_avg_ldc_no_price,1,AMEREN ILLINOIS,INVESTOR-OWNED,99.99999999999996
17019,Champaign,IL,7.250719913641824,7.250719913641824,hifld_spatial,1,NICOR GAS COMPANY,INVESTOR-OWNED,196.2783330110066
17021,Christian,IL,10.356341498983127,10.356341498983127,hifld_spatial,2,"PAWNEE GAS SYSTEM, VILLAGE OF",MUNICIPAL,100.94655275318108
17023,Clark,IL,8.435592873452052,8.435592873452052,hifld_spatial,5,MARTINSVILLE GAS DEPT,MUNICIPAL,116.07861496451068
17025,Clay,IL,7.968870423892099,7.968870423892099,hifld_spatial,1,"FLORA MUNICIPAL GAS UTILITY, CITY OF",MUNICIPAL,101.46275484354004
17027,Clinton,IL,7.487575459320261,7.487575459320261,state_avg_ldc_no_price,1,AMEREN ILLINOIS,INVESTOR-OWNED,100.00000000000016
17029,Coles,IL,7.487575459320261,7.487575459320261,state_avg_ldc_no_price,1,AMEREN ILLINOIS,INVESTOR-OWNED,100.00000000000004
17031,Cook,IL,7.9312256370227185,7.9312256370227185,hifld_spatial,4,NICOR GAS COMPANY,INVESTOR-OWNED,127.08955292314933
17033,Crawford,IL,10.72217974688201,10.72217974688201,hifld_spatial,2,FLAT ROCK MUNICIPAL GAS CO.,MUNICIPAL,99.85805750854064
17035,Cumberland,IL,5.115112888070198,5.115112888070198,hifld_spatial,2,"GREENUP, VILLAGE OF",MUNICIPAL,100.72608813695577
17037,DeKalb,IL,7.250719913641825,7.250719913641825,hifld_spatial,1,NICOR GAS COMPANY,INVESTOR-OWNED,99.99999999999996
17039,De Witt,IL,7.250719913641825,7.250719913641825,hifld_spatial,1,NICOR GAS COMPANY,INVESTOR-OWNED,195.09694748866545
17041,Douglas,IL,7.250719913641825,7.250719913641825,hifld_spatial,1,NICOR GAS COMPANY,INVESTOR-OWNED,113.61463052022674
17043,DuPage,IL,7.250719913641825,7.250719913641825,hifld_spatial,1,NICOR GAS COMPANY,INVESTOR-OWNED,100.00000000000004
17045,Edgar,IL,7.24946592017495,7.24946592017495,hifld_spatial,2,NICOR GAS COMPANY,INVESTOR-OWNED,107.44713360762968
17047,Edwards,IL,6.590456692524945,6.590456692524945,hifld_spatial,1,CONSUMERS GAS CO,INVESTOR-OWNED,128.58303278860888
17049,Effingham,IL,7.487575459320261,7.487575459320261,state_avg_ldc_no_price,1,AMEREN ILLINOIS,INVESTOR-OWNED,99.99999999999991
17051,Fayette,IL,7.487575459320261,7.487575459320261,state_avg_ldc_no_price,1,AMEREN ILLINOIS,INVESTOR-OWNED,100.00000000000011
17053,Ford,IL,7.250719913641825,7.250719913641825,hifld_spatial,1,NICOR GAS COMPANY,INVESTOR-OWNED,192.1294855322836
17055,Franklin,IL,7.487575459320261,7.487575459320261,state_avg_ldc_no_price,1,AMEREN ILLINOIS,INVESTOR-OWNED,99.99999999999996
17057,Fulton,IL,7.852822509911235,7.852822509911235,hifld_spatial,1,BUSHNELL MUNICIPAL GAS UTILITY,MUNICIPAL,100.5061312232044
17059,Gallatin,IL,6.590456692524945,6.590456692524945,hifld_spatial,1,CONSUMERS GAS CO,INVESTOR-OWNED,139.29772329432527
17061,Greene,IL,7.250719913641826,7.250719913641826,hifld_spatial,1,NICOR GAS COMPANY,INVESTOR-OWNED,195.43688203159388
17063,Grundy,IL,7.250719913641825,7.250719913641825,hifld_spatial,1,NICOR GAS COMPANY,INVESTOR-OWNED,99.99999999999989
17065,Hamilton,IL,7.487575459320261,7.487575459320261,state_avg_ldc_no_price,3,AMEREN ILLINOIS,INVESTOR-OWNED,100.74441814475672
17067,Hancock,IL,7.257858125517691,7.257858125517691,hifld_spatial,5,NICOR GAS COMPANY,INVESTOR-OWNED,200.1806364867255
17069,Hardin,IL,7.7221823725150625,7.7221823725150625,hifld_spatial,1,ATMOS ENERGY CORPORATION,INVESTOR-OWNED,105.55459016269508
17071,Henderson,IL,7.250670201266453,7.250670201266453,hifld_spatial,2,NICOR GAS COMPANY,INVESTOR-OWNED,193.12055994031903
17073,Henry,IL,7.299614132525792,7.299614132525792,hifld_spatial,2,NICOR GAS COMPANY,INVESTOR-OWNED,158.3668126927359
17075,Iroquois,IL,7.252021869007168,7.252021869007168,hifld_spatial,3,NICOR GAS COMPANY,INVESTOR-OWNED,195.568346918642
17077,Jackson,IL,7.487575459320261,7.487575459320261,state_avg_ldc_no_price,2,AMEREN ILLINOIS,INVESTOR-OWNED,103.47118799855524
17079,Jasper,IL,7.487575459320261,7.487575459320261,state_avg_ldc_no_price,1,AMEREN ILLINOIS,INVESTOR-OWNED,99.99999999999989
17081,Jefferson,IL,7.487575459320261,7.487575459320261,state_avg_ldc_no_price,3,AMEREN ILLINOIS,INVESTOR-OWNED,100.42881079824126
17083,Jersey,IL,7.25155812888068,7.25155812888068,hifld_spatial,2,NICOR GAS COMPANY,INVESTOR-OWNED,103.85738614174817
17085,Jo Daviess,IL,7.250991023698829,7.250991023698829,hifld_spatial,3,NICOR GAS COMPANY,INVESTOR-OWNED,98.86892672533696
17087,Johnson,IL,7.487575459320261,7.487575459320261,state_avg_ldc_no_price,2,AMEREN ILLINOIS,INVESTOR-OWNED,105.2788724098888
17089,Kane,IL,7.250719913641825,7.250719913641825,hifld_spatial,1,NICOR GAS COMPANY,INVESTOR-OWNED,99.99999999999996
17091,Kankakee,IL,7.250719913641825,7.250719913641825,hifld_spatial,1,NICOR GAS COMPANY,INVESTOR-OWNED,99.95890783544571
17093,Kendall,IL,7.250719913641825,7.250719913641825,hifld_spatial,1,NICOR GAS COMPANY,INVESTOR-OWNED,111.72943938574684
17095,Knox,IL,7.250719913641825,7.250719913641825,hifld_spatial,1,NICOR GAS COMPANY,INVESTOR-OWNED,106.5426935337013
17097,Lake,IL,8.296292845160924,8.296292845160924,hifld_spatial,4,NICOR GAS COMPANY,INVESTOR-OWNED,184.36158269996875
17099,LaSalle,IL,7.250719913641825,7.250719913641825,hifld_spatial,1,NICOR GAS COMPANY,INVESTOR-OWNED,154.41837181471087
17101,Lawrence,IL,7.487575459320261,7.487575459320261,state_avg_ldc_no_price,2,AMEREN ILLINOIS,INVESTOR-OWNED,101.22009232083327
17103,Lee,IL,7.250719913641825,7.250719913641825,hifld_spatial,1,NICOR GAS COMPANY,INVESTOR-OWNED,100.0253826005523
17105,Livingston,IL,7.250719913641825,7.250719913641825,hifld_spatial,1,NICOR GAS COMPANY,INVESTOR-OWNED,131.74332165571178
17107,Logan,IL,7.250719913641825,7.250719913641825,hifld_spatial,1,NICOR GAS COMPANY,INVESTOR-OWNED,107.86059285249232
17109,McDonough,IL,7.384267697317167,7.384267697317167,hifld_spatial,2,NICOR GAS COMPANY,INVESTOR-OWNED,110.55269755134736
17111,McHenry,IL,7.250916683100275,7.250916683100275,hifld_spatial,3,NICOR GAS COMPANY,INVESTOR-OWNED,100.01660733851956
17113,McLean,IL,7.250719913641825,7.250719913641825,hifld_spatial,1,NICOR GAS COMPANY,INVESTOR-OWNED,199.8917592387568
17115,Macon,IL,7.250719913641824,7.250719913641824,hifld_spatial,1,NICOR GAS COMPANY,INVESTOR-OWNED,107.33906554617216
17117,Macoupin,IL,7.349884777481026,7.349884777481026,hifld_spatial,2,NICOR GAS COMPANY,INVESTOR-OWNED,103.59845520686112
17119,Madison,IL,8.216047194992226,8.216047194992226,hifld_spatial,1,LACLEDE GAS CO,MUNICIPAL,93.34702984092736
17121,Marion,IL,6.53413974900193,6.53413974900193,hifld_spatial,1,"SALEM, CITY OF",MUNICIPAL,101.08641989295975
17123,Marshall,IL,7.250719913641825,7.250719913641825,hifld_spatial,1,NICOR GAS COMPANY,INVESTOR-OWNED,104.90880806879804
17125,Mason,IL,7.250719913641825,7.250719913641825,hifld_spatial,1,NICOR GAS COMPANY,INVESTOR-OWNED,104.95307644483418
17127,Massac,IL,7.722182372515062,7.722182372515062,hifld_spatial,1,ATMOS ENERGY CORPORATION,INVESTOR-OWNED,106.39252471387272
17129,Menard,IL,7.487575459320261,7.487575459320261,state_avg_ldc_no_price,1,AMEREN ILLINOIS,INVESTOR-OWNED,99.99999999999996
17131,Mercer,IL,6.9150410380987735,6.9150410380987735,hifld_spatial,2,ALEDO GAS DEPARTMENT,MUNICIPAL,82.32741633872725
17133,Monroe,IL,8.216047194992226,8.216047194992226,hifld_spatial,1,LACLEDE GAS CO,MUNICIPAL,101.57192891700116
17135,Montgomery,IL,6.616784975805248,6.616784975805248,hifld_spatial,1,"DIVERNON GAS DEPT, VILLAGE OF",MUNICIPAL,101.84833813504244
17137,Morgan,IL,7.756303529980529,7.756303529980529,hifld_spatial,2,FRANKLIN GAS DEPT,MUNICIPAL,107.5023488204984
17139,Moultrie,IL,9.982600617640411,9.982600617640411,hifld_spatial,1,"SULLIVAN GAS DEPARTMENT, CITY OF",MUNICIPAL,101.80672270211352
17141,Ogle,IL,7.250719913641825,7.250719913641825,hifld_spatial,1,NICOR GAS COMPANY,INVESTOR-OWNED,99.99999999999996
17143,Peoria,IL,7.487575459320261,7.487575459320261,state_avg_ldc_no_price,1,AMEREN ILLINOIS,INVESTOR-OWNED,99.99999999999991
17145,Perry,IL,9.054841917706046,9.054841917706046,hifld_spatial,1,PINCKNEYVILLE MUNICIPAL GAS DEPT,MUNICIPAL,100.38974915954756
17147,Piatt,IL,7.250719913641825,7.250719913641825,hifld_spatial,1,NICOR GAS COMPANY,INVESTOR-OWNED,112.44863546815536
17149,Pike,IL,7.271284902035603,7.271284902035603,hifld_spatial,3,NICOR GAS COMPANY,INVESTOR-OWNED,204.0298377562999
17151,Pope,IL,7.722182372515062,7.722182372515062,hifld_spatial,1,ATMOS ENERGY CORPORATION,INVESTOR-OWNED,102.876310207714
17153,Pulaski,IL,6.07368038229762,6.07368038229762,hifld_spatial,2,CAIRO PUBLIC UTILITY COMM,MUNICIPAL,131.7939481426057
17155,Putnam,IL,7.250719913641825,7.250719913641825,hifld_spatial,1,NICOR GAS COMPANY,INVESTOR-OWNED,110.828446848558
17157,Randolph,IL,7.007180682917543,7.007180682917543,hifld_spatial,3,"RED BUD UTILITIES, CITY OF",MUNICIPAL,110.12812673332746
17159,Richland,IL,7.487575459320261,7.487575459320261,state_avg_ldc_no_price,1,AMEREN ILLINOIS,INVESTOR-OWNED,100.0
17161,Rock Island,IL,7.408804507066904,7.408804507066904,hifld_spatial,2,MIDAMERICAN ENERGY,INVESTOR-OWNED,86.56539615957445
17163,St. Clair,IL,10.085284076448504,10.085284076448504,hifld_spatial,2,"DUPO GAS SYSTEM, VILLAGE OF",MUNICIPAL,100.65435611766074
17165,Saline,IL,7.487575459320261,7.487575459320261,state_avg_ldc_no_price,1,AMEREN ILLINOIS,INVESTOR-OWNED,100.0
17167,Sangamon,IL,8.774571432545455,8.774571432545455,hifld_spatial,3,"PAWNEE GAS SYSTEM, VILLAGE OF",MUNICIPAL,104.1478523795414
17169,Schuyler,IL,7.250719913641825,7.250719913641825,hifld_spatial,1,NICOR GAS COMPANY,INVESTOR-OWNED,104.19728268703484
17171,Scott,IL,7.253057878127631,7.253057878127631,hifld_spatial,2,NICOR GAS COMPANY,INVESTOR-OWNED,114.30188480922052
17173,Shelby,IL,7.487575459320261,7.487575459320261,state_avg_ldc_no_price,2,AMEREN ILLINOIS,INVESTOR-OWNED,100.12137250159846
17175,Stark,IL,7.250719913641825,7.250719913641825,hifld_spatial,1,NICOR GAS COMPANY,INVESTOR-OWNED,111.3511311560163
17177,Stephenson,IL,7.256077995497404,7.256077995497404,hifld_spatial,3,NICOR GAS COMPANY,INVESTOR-OWNED,100.50415595700466
17179,Tazewell,IL,7.191929693364324,7.191929693364324,hifld_spatial,2,NICOR GAS COMPANY,INVESTOR-OWNED,195.08397776081895
17181,Union,IL,5.692246579976525,5.692246579976525,hifld_spatial,1,CAIRO PUBLIC UTILITY COMM,MUNICIPAL,128.69623734111545
17183,Vermilion,IL,7.251901061484188,7.251901061484188,hifld_spatial,3,NICOR GAS COMPANY,INVESTOR-OWNED,200.01513200898123
17185,Wabash,IL,6.590456692524944,6.590456692524944,hifld_spatial,1,CONSUMERS GAS CO,INVESTOR-OWNED,77.70301355756222
17187,Warren,IL,7.250719913641825,7.250719913641825,hifld_spatial,1,NICOR GAS COMPANY,INVESTOR-OWNED,107.33338158901684
17189,Washington,IL,5.8725712414019,5.8725712414019,hifld_spatial,1,"NASHVILLE, CITY OF",MUNICIPAL,106.17581426758768
17191,Wayne,IL,7.469729942494305,7.469729942494305,hifld_spatial,3,FAIRFIELD MUNICIPAL GAS UTILITY,MUNICIPAL,101.14348124665815
17193,White,IL,6.638766483099646,6.638766483099646,hifld_spatial,2,CONSUMERS GAS CO,INVESTOR-OWNED,111.90210230779584
17195,Whiteside,IL,7.250974847414889,7.250974847414889,hifld_spatial,2,NICOR GAS COMPANY,INVESTOR-OWNED,92.04176605875524
17197,Will,IL,7.250719913641825,7.250719913641825,hifld_spatial,1,NICOR GAS COMPANY,INVESTOR-OWNED,99.99878844132228
17199,Williamson,IL,7.487575459320261,7.487575459320261,state_avg_ldc_no_price,3,AMEREN ILLINOIS,INVESTOR-OWNED,100.69928717539936
17201,Winnebago,IL,7.344799507725751,7.344799507725751,hifld_spatial,2,NICOR GAS COMPANY,INVESTOR-OWNED,110.36131037439094
17203,Woodford,IL,7.250719913641824,7.250719913641824,hifld_spatial,1,NICOR GAS COMPANY,INVESTOR-OWNED,173.32196961400973
18001,Adams,IN,7.372496619392839,7.372496619392839,hifld_spatial,1,NORTHERN INDIANA PUB SVC CO,INVESTOR-OWNED,63.49189060013926
18003,Allen,IN,7.372496619392839,7.372496619392839,hifld_spatial,1,NORTHERN INDIANA PUB SVC CO,INVESTOR-OWNED,58.53540670701354
18005,Bartholomew,IN,6.275375133939432,6.275375133939432,hifld_spatial,2,INDIANA GAS AND ELECTRIC,INVESTOR-OWNED,47.01286217745879
18007,Benton,IN,7.372496619392839,7.372496619392839,hifld_spatial,1,NORTHERN INDIANA PUB SVC CO,INVESTOR-OWNED,99.95228458296894
18009,Blackford,IN,6.156679450462625,6.156679450462625,hifld_spatial,1,INDIANA GAS AND ELECTRIC,INVESTOR-OWNED,59.20965776746343
18011,Boone,IN,6.156679450462625,6.156679450462625,hifld_spatial,1,INDIANA GAS AND ELECTRIC,INVESTOR-OWNED,27.935329043867046
18013,Brown,IN,6.156679450462625,6.156679450462625,hifld_spatial,1,INDIANA GAS AND ELECTRIC,INVESTOR-OWNED,0.0184409870809948
18015,Carroll,IN,7.372172888000862,7.372172888000862,hifld_spatial,2,NORTHERN INDIANA PUB SVC CO,INVESTOR-OWNED,97.72106866628964
18017,Cass,IN,7.372496619392839,7.372496619392839,hifld_spatial,1,NORTHERN INDIANA PUB SVC CO,INVESTOR-OWNED,86.95641035056312
18019,Clark,IN,6.523278057587744,6.523278057587744,hifld_spatial,3,INDIANA GAS AND ELECTRIC,INVESTOR-OWNED,42.53255057275357
18021,Clay,IN,6.156681027780729,6.156681027780729,hifld_spatial,2,INDIANA GAS AND ELECTRIC,INVESTOR-OWNED,99.89833100582436
18023,Clinton,IN,6.307689234923867,6.307689234923867,hifld_spatial,2,INDIANA GAS AND ELECTRIC,INVESTOR-OWNED,42.60704741537101
18025,Crawford,IN,8.219935381976983,8.219935381976983,hifld_spatial,1,LOUISVILLE GAS & ELECTRIC,INVESTOR-OWNED,2.963804722686453
18027,Daviess,IN,6.156679450462625,6.156679450462625,hifld_spatial,1,INDIANA GAS AND ELECTRIC,INVESTOR-OWNED,99.64545121935625
18029,Dearborn,IN,8.25393798763313,8.25393798763313,hifld_spatial,3,SYCAMORE GAS CO,PRIVATE,37.33459082378246
18031,Decatur,IN,6.343152952700054,6.343152952700054,hifld_spatial,2,INDIANA GAS AND ELECTRIC,INVESTOR-OWNED,62.068265297193285
18033,DeKalb,IN,6.807472925955568,6.807472925955568,state_avg_ldc_no_price,1,OHIO GAS CO,PRIVATE,0.6815066656980601
18035,Delaware,IN,6.156679450462625,6.156679450462625,hifld_spatial,1,INDIANA GAS AND ELECTRIC,INVESTOR-OWNED,66.14440847101895
18037,Dubois,IN,7.813993135383755,7.813993135383755,hifld_spatial,4,COMMUNITY NAT GAS CO,INVESTOR-OWNED,75.81883704655982
18039,Elkhart,IN,7.372496619392839,7.372496619392839,hifld_spatial,1,NORTHERN INDIANA PUB SVC CO,INVESTOR-OWNED,100.0
18041,Fayette,IN,6.156679450462625,6.156679450462625,hifld_spatial,1,INDIANA GAS AND ELECTRIC,INVESTOR-OWNED,3.478972490844708
18043,Floyd,IN,6.179858807712493,6.179858807712493,hifld_spatial,3,INDIANA GAS AND ELECTRIC,INVESTOR-OWNED,25.93518680017605
18045,Fountain,IN,6.156679450462625,6.156679450462625,hifld_spatial,1,INDIANA GAS AND ELECTRIC,INVESTOR-OWNED,24.522944500745385
18047,Franklin,IN,8.191653802632047,8.191653802632047,hifld_spatial,3,SYCAMORE GAS CO,PRIVATE,4.280092198527311
18049,Fulton,IN,7.372496619392839,7.372496619392839,hifld_spatial,1,NORTHERN INDIANA PUB SVC CO,INVESTOR-OWNED,100.0
18051,Gibson,IN,7.095593664888205,7.095593664888205,hifld_spatial,2,COMMUNITY NAT GAS CO,INVESTOR-OWNED,100.13757157273758
18053,Grant,IN,6.156679450462625,6.156679450462625,hifld_spatial,1,INDIANA GAS AND ELECTRIC,INVESTOR-OWNED,72.07622755031389
18055,Greene,IN,6.5022473795310844,6.5022473795310844,hifld_spatial,2,INDIANA GAS AND ELECTRIC,INVESTOR-OWNED,11.55876584720904
18057,Hamilton,IN,6.278845755667365,6.278845755667365,hifld_spatial,2,INDIANA GAS AND ELECTRIC,INVESTOR-OWNED,69.29415996030524
18059,Hancock,IN,6.342326218479565,6.342326218479565,hifld_spatial,3,INDIANA GAS AND ELECTRIC,INVESTOR-OWNED,76.56401298366313
18061,Harrison,IN,7.675149379925633,7.675149379925633,hifld_spatial,3,INDIANA UTILITIES CORP,INVESTOR-OWNED,12.39154282282522
18063,Hendricks,IN,6.1568354051701375,6.1568354051701375,hifld_spatial,2,INDIANA GAS AND ELECTRIC,INVESTOR-OWNED,47.92718160372024
18065,Henry,IN,6.26411634535891,6.26411634535891,hifld_spatial,2,INDIANA GAS AND ELECTRIC,INVESTOR-OWNED,73.07758265334787
18067,Howard,IN,6.156679450462625,6.156679450462625,hifld_spatial,1,INDIANA GAS AND ELECTRIC,INVESTOR-OWNED,4.166891787241892
18069,Huntington,IN,6.798855562175435,6.798855562175435,hifld_spatial,2,NORTHERN INDIANA PUB SVC CO,INVESTOR-OWNED,28.25431762104582
18071,Jackson,IN,6.156679450462625,6.156679450462625,hifld_spatial,1,INDIANA GAS AND ELECTRIC,INVESTOR-OWNED,43.7159131063209
18073,Jasper,IN,7.333155690984679,7.333155690984679,hifld_spatial,2,NORTHERN INDIANA PUB SVC CO,INVESTOR-OWNED,16.821656397695996
18075,Jay,IN,6.184175040449218,6.184175040449218,hifld_spatial,3,INDIANA GAS AND ELECTRIC,INVESTOR-OWNED,21.599756838207533
18077,Jefferson,IN,6.172725315182459,6.172725315182459,hifld_spatial,2,INDIANA GAS AND ELECTRIC,INVESTOR-OWNED,14.576873423989792
18079,Jennings,IN,6.807472925955568,6.807472925955568,state_avg_ldc_no_price,1,MIDWEST NATURAL GAS,INVESTOR-OWNED,22.082922431794515
18081,Johnson,IN,6.181623213186304,6.181623213186304,hifld_spatial,3,INDIANA GAS AND ELECTRIC,INVESTOR-OWNED,86.66081541901255
18083,Knox,IN,6.807472925955568,6.807472925955568,state_avg_ldc_no_price,3,SOUTHERN INDIANA GAS & ELEC,INVESTOR-OWNED,98.0142313302814
18085,Kosciusko,IN,7.372496619392839,7.372496619392839,hifld_spatial,1,NORTHERN INDIANA PUB SVC CO,INVESTOR-OWNED,99.91431236957794
18087,LaGrange,IN,7.372495144395711,7.372495144395711,hifld_spatial,2,NORTHERN INDIANA PUB SVC CO,INVESTOR-OWNED,95.06710051101835
18089,Lake,IN,7.372455491701561,7.372455491701561,hifld_spatial,2,NORTHERN INDIANA PUB SVC CO,INVESTOR-OWNED,99.00788001040938
18091,LaPorte,IN,7.37249661939284,7.37249661939284,hifld_spatial,1,NORTHERN INDIANA PUB SVC CO,INVESTOR-OWNED,99.99719266493616
18093,Lawrence,IN,6.156679450462625,6.156679450462625,hifld_spatial,1,INDIANA GAS AND ELECTRIC,INVESTOR-OWNED,49.006675523940174
18095,Madison,IN,6.156679450462625,6.156679450462625,hifld_spatial,1,INDIANA GAS AND ELECTRIC,INVESTOR-OWNED,65.66660465665528
18097,Marion,IN,9.465848430208377,9.465848430208377,hifld_spatial,2,CITIZENS ENERGY GROUP,MUNICIPAL,99.98249615098362
18099,Marshall,IN,7.372496619392839,7.372496619392839,hifld_spatial,1,NORTHERN INDIANA PUB SVC CO,INVESTOR-OWNED,100.00000000000004
18101,Martin,IN,6.156679450462625,6.156679450462625,hifld_spatial,1,INDIANA GAS AND ELECTRIC,INVESTOR-OWNED,65.05967119979447
18103,Miami,IN,7.368453084806657,7.368453084806657,hifld_spatial,2,NORTHERN INDIANA PUB SVC CO,INVESTOR-OWNED,76.12221898230841
18105,Monroe,IN,6.226697835334533,6.226697835334533,hifld_spatial,2,INDIANA GAS AND ELECTRIC,INVESTOR-OWNED,61.26522859510705
18107,Montgomery,IN,6.156679450462625,6.156679450462625,hifld_spatial,1,INDIANA GAS AND ELECTRIC,INVESTOR-OWNED,29.509253176445
18109,Morgan,IN,6.1593452591645805,6.1593452591645805,hifld_spatial,2,INDIANA GAS AND ELECTRIC,INVESTOR-OWNED,44.17499763535668
18111,Newton,IN,7.372496619392839,7.372496619392839,hifld_spatial,1,NORTHERN INDIANA PUB SVC CO,INVESTOR-OWNED,99.67769587295662
18113,Noble,IN,7.372496619392839,7.372496619392839,hifld_spatial,1,NORTHERN INDIANA PUB SVC CO,INVESTOR-OWNED,29.27374945399913
18115,Ohio,IN,8.210155948009211,8.210155948009211,hifld_spatial,2,SYCAMORE GAS CO,PRIVATE,19.484893819374037
18117,Orange,IN,6.156679450462625,6.156679450462625,hifld_spatial,1,INDIANA GAS AND ELECTRIC,INVESTOR-OWNED,0.148868373987
18119,Owen,IN,7.094920842303199,7.094920842303199,hifld_spatial,2,COMMUNITY NAT GAS CO,INVESTOR-OWNED,19.243952745453303
18121,Parke,IN,6.1618467415767455,6.1618467415767455,hifld_spatial,2,INDIANA GAS AND ELECTRIC,INVESTOR-OWNED,40.52957214769671
18123,Perry,IN,8.61554894429203,8.61554894429203,hifld_spatial,4,OHIO VALLEY GAS CORP.,INVESTOR-OWNED,67.95326643619188
18125,Pike,IN,8.277193596483803,8.277193596483803,hifld_spatial,2,COMMUNITY NAT GAS CO,INVESTOR-OWNED,99.99083024479638
18127,Porter,IN,7.372496619392839,7.372496619392839,hifld_spatial,1,NORTHERN INDIANA PUB SVC CO,INVESTOR-OWNED,99.9770384213319
18129,Posey,IN,7.055963474909409,7.055963474909409,hifld_spatial,3,COMMUNITY NAT GAS CO,INVESTOR-OWNED,94.75320620382352
18131,Pulaski,IN,7.372496619392839,7.372496619392839,hifld_spatial,1,NORTHERN INDIANA PUB SVC CO,INVESTOR-OWNED,99.9793733020096
18133,Putnam,IN,6.201390721143902,6.201390721143902,hifld_spatial,2,INDIANA GAS AND ELECTRIC,INVESTOR-OWNED,19.05818295234292
18135,Randolph,IN,6.199932512029253,6.199932512029253,hifld_spatial,3,INDIANA GAS AND ELECTRIC,INVESTOR-OWNED,33.01382954041862
18137,Ripley,IN,7.920672855488646,7.920672855488646,hifld_spatial,2,BATESVILLE GAS UTILITY,MUNICIPAL,19.822463647614715
18139,Rush,IN,6.396975267046922,6.396975267046922,hifld_spatial,2,INDIANA GAS AND ELECTRIC,INVESTOR-OWNED,73.83869147274658
18141,St. Joseph,IN,7.372496619392838,7.372496619392838,hifld_spatial,1,NORTHERN INDIANA PUB SVC CO,INVESTOR-OWNED,99.99999999999996
18143,Scott,IN,6.807472925955568,6.807472925955568,state_avg_ldc_no_price,1,MIDWEST NATURAL GAS,INVESTOR-OWNED,49.17015203490365
18145,Shelby,IN,6.536288467894199,6.536288467894199,hifld_spatial,3,FOUNTAINTOWN GAS CO. INC,INVESTOR-OWNED,92.05296181154348
18147,Spencer,IN,8.034349300674725,8.034349300674725,hifld_spatial,5,OHIO VALLEY GAS CORP.,INVESTOR-OWNED,99.30618885962669
18149,Starke,IN,7.372496619392839,7.372496619392839,hifld_spatial,1,NORTHERN INDIANA PUB SVC CO,INVESTOR-OWNED,99.9977555404658
18151,Steuben,IN,7.201797509018057,7.201797509018057,hifld_spatial,2,MICHIGAN GAS UTILITIES COMPANY,INVESTOR-OWNED,0.8819798415651029
18153,Sullivan,IN,9.422839565292458,9.422839565292458,hifld_spatial,3,OHIO VALLEY GAS INC.,INVESTOR-OWNED,69.02133210411847
18155,Switzerland,IN,7.049019700070524,7.049019700070524,hifld_spatial,3,DUKE ENERGY KENTUCKY,INVESTOR-OWNED,14.195824430277067
18157,Tippecanoe,IN,6.26413002226452,6.26413002226452,hifld_spatial,2,INDIANA GAS AND ELECTRIC,INVESTOR-OWNED,66.06291804937355
18159,Tipton,IN,6.156679450462625,6.156679450462625,hifld_spatial,1,INDIANA GAS AND ELECTRIC,INVESTOR-OWNED,19.331985340273626
18161,Union,IN,7.0825305749780805,7.0825305749780805,hifld_spatial,2,VECTREN ENERGY DELIVERY OF OHIO,INVESTOR-OWNED,0.8084757025351286
18163,Vanderburgh,IN,6.022685901650484,6.022685901650484,hifld_spatial,2,HENDERSON MUNICIPAL GAS,MUNICIPAL,96.673570933175
18165,Vermillion,IN,6.1635913308412285,6.1635913308412285,hifld_spatial,2,INDIANA GAS AND ELECTRIC,INVESTOR-OWNED,24.54704460525841
18167,Vigo,IN,6.700604833678876,6.700604833678876,hifld_spatial,2,INDIANA GAS AND ELECTRIC,INVESTOR-OWNED,104.67395925330852
18169,Wabash,IN,7.347316518358554,7.347316518358554,hifld_spatial,2,NORTHERN INDIANA PUB SVC CO,INVESTOR-OWNED,88.54078078483053
18171,Warren,IN,7.0978824458029175,7.0978824458029175,hifld_spatial,3,NORTHERN INDIANA PUB SVC CO,INVESTOR-OWNED,21.30042867568917
18173,Warrick,IN,7.096222159774612,7.096222159774612,hifld_spatial,1,COMMUNITY NAT GAS CO,INVESTOR-OWNED,99.87045148923038
18175,Washington,IN,6.807472925955568,6.807472925955568,state_avg_ldc_no_price,1,MIDWEST NATURAL GAS,INVESTOR-OWNED,63.173654752120655
18177,Wayne,IN,6.180992379605283,6.180992379605283,hifld_spatial,3,INDIANA GAS AND ELECTRIC,INVESTOR-OWNED,23.91479898139692
18179,Wells,IN,7.222560732647348,7.222560732647348,hifld_spatial,2,NORTHERN INDIANA PUB SVC CO,INVESTOR-OWNED,43.67680620994774
18181,White,IN,7.368443288665025,7.368443288665025,hifld_spatial,2,NORTHERN INDIANA PUB SVC CO,INVESTOR-OWNED,99.98350465842292
18183,Whitley,IN,7.372496619392838,7.372496619392838,hifld_spatial,1,NORTHERN INDIANA PUB SVC CO,INVESTOR-OWNED,71.43747653859299
19001,Adair,IA,7.832802597441683,7.832802597441683,hifld_spatial,2,MIDAMERICAN ENERGY,INVESTOR-OWNED,6.243242643256156
19003,Adams,IA,6.977204731147354,6.977204731147354,hifld_spatial,1,BLACK HILLS ENERGY,INVESTOR-OWNED,25.07227181477824
19005,Allamakee,IA,5.998737304505442,5.998737304505442,hifld_spatial,1,MINNESOTA ENERGY RESOURCES,INVESTOR-OWNED,0.0430366149741572
19007,Appanoose,IA,6.977204731147353,6.977204731147353,hifld_spatial,1,BLACK HILLS ENERGY,INVESTOR-OWNED,106.98237834381383
19009,Audubon,IA,7.833409191202334,7.833409191202334,hifld_spatial,1,MIDAMERICAN ENERGY,INVESTOR-OWNED,42.73962021126726
19011,Benton,IA,6.977204731147354,6.977204731147354,hifld_spatial,1,BLACK HILLS ENERGY,INVESTOR-OWNED,0.0009655679578938
19013,Black Hawk,IA,7.273590090388566,7.273590090388566,hifld_spatial,1,CEDAR FALLS UTILITY,MUNICIPAL,7.899834691071393
19015,Boone,IA,7.833409191202334,7.833409191202334,hifld_spatial,1,MIDAMERICAN ENERGY,INVESTOR-OWNED,0.0006916630275714
19017,Bremer,IA,7.062472253341608,7.062472253341608,state_avg_no_coverage,0,,,0.0
19019,Buchanan,IA,9.127001656543346,9.127001656543346,hifld_spatial,1,FAIRBANK MUNICIPAL UTILITY,MUNICIPAL,0.0767132727272323
19021,Buena Vista,IA,7.833409191202334,7.833409191202334,hifld_spatial,1,MIDAMERICAN ENERGY,INVESTOR-OWNED,6.188842176802661
19023,Butler,IA,7.062472253341608,7.062472253341608,state_avg_no_coverage,0,,,0.0
19025,Calhoun,IA,7.833409191202334,7.833409191202334,hifld_spatial,1,MIDAMERICAN ENERGY,INVESTOR-OWNED,19.880791565117985
19027,Carroll,IA,9.170601712339831,9.170601712339831,hifld_spatial,2,MANNING MUNICIPAL NATURAL GAS,MUNICIPAL,6.7501984961084585
19029,Cass,IA,7.83335195249128,7.83335195249128,hifld_spatial,2,MIDAMERICAN ENERGY,INVESTOR-OWNED,12.541423176506722
19031,Cedar,IA,6.977204731147354,6.977204731147354,hifld_spatial,1,BLACK HILLS ENERGY,INVESTOR-OWNED,11.402894139851997
19033,Cerro Gordo,IA,7.062472253341608,7.062472253341608,state_avg_ldc_no_price,1,INTERSTATE PWR&LIGHT CO (ALLIANT ENERGY),INVESTOR-OWNED,14.400084988906652
19035,Cherokee,IA,7.833909792978163,7.833909792978163,hifld_spatial,2,MIDAMERICAN ENERGY,INVESTOR-OWNED,25.0652188225997
19037,Chickasaw,IA,7.062472253341608,7.062472253341608,state_avg_no_coverage,0,,,0.0
19039,Clarke,IA,6.977204731147354,6.977204731147354,hifld_spatial,1,BLACK HILLS ENERGY,INVESTOR-OWNED,99.99999999999989
19041,Clay,IA,8.884151010960286,8.884151010960286,hifld_spatial,2,EVERLY MUNICIPAL UTILITIES,MUNICIPAL,0.2163802483440975
19043,Clayton,IA,7.062472253341608,7.062472253341608,state_avg_no_coverage,0,,,0.0
19045,Clinton,IA,7.293395257604611,7.293395257604611,hifld_spatial,3,BLACK HILLS ENERGY,INVESTOR-OWNED,8.913348630408787
19047,Crawford,IA,9.896525040888449,9.896525040888449,hifld_spatial,2,"MANILLA, CITY OF",MUNICIPAL,5.063886137674705
19049,Dallas,IA,8.020044859787266,8.020044859787266,hifld_spatial,3,MIDAMERICAN ENERGY,INVESTOR-OWNED,51.13339913720585
19051,Davis,IA,6.979002215253346,6.979002215253346,hifld_spatial,2,BLACK HILLS ENERGY,INVESTOR-OWNED,100.41441620038776
19053,Decatur,IA,6.977204731147354,6.977204731147354,hifld_spatial,1,BLACK HILLS ENERGY,INVESTOR-OWNED,100.59736685228526
19055,Delaware,IA,7.062472253341608,7.062472253341608,state_avg_no_coverage,0,,,0.0
19057,Des Moines,IA,6.982798199478543,6.982798199478543,hifld_spatial,2,BLACK HILLS ENERGY,INVESTOR-OWNED,102.07494742442287
19059,Dickinson,IA,8.213771885167887,8.213771885167887,hifld_spatial,1,LAKE PARK MUNICIPAL UTILITIES,MUNICIPAL,0.2714811766457246
19061,Dubuque,IA,7.191706504677828,7.191706504677828,hifld_spatial,2,WISCONSIN POWER AND LIGHT,INVESTOR-OWNED,6.281499271124436
19063,Emmet,IA,7.833286961994114,7.833286961994114,hifld_spatial,3,MIDAMERICAN ENERGY,INVESTOR-OWNED,8.792449367549441
19065,Fayette,IA,9.127001656543346,9.127001656543346,hifld_spatial,1,FAIRBANK MUNICIPAL UTILITY,MUNICIPAL,0.017048337231939
19067,Floyd,IA,7.062472253341608,7.062472253341608,state_avg_ldc_no_price,1,INTERSTATE PWR&LIGHT CO (ALLIANT ENERGY),INVESTOR-OWNED,7.633236511049929
19069,Franklin,IA,7.062472253341608,7.062472253341608,state_avg_no_coverage,0,,,0.0
19071,Fremont,IA,7.828485702260227,7.828485702260227,hifld_spatial,4,MIDAMERICAN ENERGY,INVESTOR-OWNED,8.652263252045389
19073,Greene,IA,7.833409191202334,7.833409191202334,hifld_spatial,1,MIDAMERICAN ENERGY,INVESTOR-OWNED,0.0104369858439317
19075,Grundy,IA,7.273590090388565,7.273590090388565,hifld_spatial,1,CEDAR FALLS UTILITY,MUNICIPAL,0.0008428511723065
19077,Guthrie,IA,7.89301065166757,7.89301065166757,hifld_spatial,3,MIDAMERICAN ENERGY,INVESTOR-OWNED,41.22319974086522
19079,Hamilton,IA,7.062472253341608,7.062472253341608,state_avg_no_coverage,0,,,0.0
19081,Hancock,IA,7.67421802473321,7.67421802473321,hifld_spatial,2,MIDAMERICAN ENERGY,INVESTOR-OWNED,0.1678941090348555
19083,Hardin,IA,7.062472253341608,7.062472253341608,state_avg_no_coverage,0,,,0.0
19085,Harrison,IA,8.756907470320558,8.756907470320558,hifld_spatial,3,MIDAMERICAN ENERGY,INVESTOR-OWNED,22.96290045098128
19087,Henry,IA,7.159602505620849,7.159602505620849,hifld_spatial,2,BLACK HILLS ENERGY,INVESTOR-OWNED,124.87311785184316
19089,Howard,IA,6.085975669427374,6.085975669427374,hifld_spatial,2,MINNESOTA ENERGY RESOURCES,INVESTOR-OWNED,0.0355752032053716
19091,Humboldt,IA,6.925683351920343,6.925683351920343,hifld_spatial,4,MIDAMERICAN ENERGY,INVESTOR-OWNED,17.86465346849944
19093,Ida,IA,7.833409191202334,7.833409191202334,hifld_spatial,1,MIDAMERICAN ENERGY,INVESTOR-OWNED,41.568350631996864
19095,Iowa,IA,6.977217452353744,6.977217452353744,hifld_spatial,2,BLACK HILLS ENERGY,INVESTOR-OWNED,99.97836955385525
19097,Jackson,IA,9.843007135791616,9.843007135791616,hifld_spatial,2,"PRESTON, CITY OF",MUNICIPAL,9.196126336339592
19099,Jasper,IA,7.832954944750164,7.832954944750164,hifld_spatial,2,MIDAMERICAN ENERGY,INVESTOR-OWNED,23.50297544996677
19101,Jefferson,IA,6.977880456432745,6.977880456432745,hifld_spatial,3,BLACK HILLS ENERGY,INVESTOR-OWNED,100.01133586494866
19103,Johnson,IA,6.977204731147354,6.977204731147354,hifld_spatial,1,BLACK HILLS ENERGY,INVESTOR-OWNED,99.99255242657816
19105,Jones,IA,7.062472253341608,7.062472253341608,state_avg_ldc_no_price,1,CASCADE MUNICIPAL UTILITY,MUNICIPAL,0.0003385810767837
19107,Keokuk,IA,6.97728293205846,6.97728293205846,hifld_spatial,3,BLACK HILLS ENERGY,INVESTOR-OWNED,100.0091215957006
19109,Kossuth,IA,7.284374223016757,7.284374223016757,hifld_spatial,4,BLACK HILLS ENERGY,INVESTOR-OWNED,122.93322196511993
19111,Lee,IA,7.174978150271542,7.174978150271542,hifld_spatial,5,BLACK HILLS ENERGY,INVESTOR-OWNED,138.7453896754145
19113,Linn,IA,6.977204731147354,6.977204731147354,hifld_spatial,1,BLACK HILLS ENERGY,INVESTOR-OWNED,0.0128828526035711
19115,Louisa,IA,6.977204731147354,6.977204731147354,hifld_spatial,1,BLACK HILLS ENERGY,INVESTOR-OWNED,109.0095718696658
19117,Lucas,IA,6.977253391827957,6.977253391827957,hifld_spatial,2,BLACK HILLS ENERGY,INVESTOR-OWNED,100.00568362448044
19119,Lyon,IA,7.811592847165374,7.811592847165374,hifld_spatial,4,MIDAMERICAN ENERGY,INVESTOR-OWNED,12.496689705167457
19121,Madison,IA,7.071094959820265,7.071094959820265,hifld_spatial,2,BLACK HILLS ENERGY,INVESTOR-OWNED,112.29935834715356
19123,Mahaska,IA,7.176338030600521,7.176338030600521,hifld_spatial,3,BLACK HILLS ENERGY,INVESTOR-OWNED,130.27373184189798
19125,Marion,IA,7.202807889566175,7.202807889566175,hifld_spatial,2,BLACK HILLS ENERGY,INVESTOR-OWNED,135.7646979931106
19127,Marshall,IA,6.977204731147354,6.977204731147354,hifld_spatial,1,BLACK HILLS ENERGY,INVESTOR-OWNED,9.75883308301471e-07
19129,Mills,IA,7.832021448293946,7.832021448293946,hifld_spatial,3,MIDAMERICAN ENERGY,INVESTOR-OWNED,37.1330036761645
19131,Mitchell,IA,9.766225966287609,9.766225966287609,hifld_spatial,1,OSAGE MUNICIPAL GAS UTILITY,MUNICIPAL,10.922194517872605
19133,Monona,IA,7.857478142079732,7.857478142079732,hifld_spatial,3,MIDAMERICAN ENERGY,INVESTOR-OWNED,17.93301893950327
19135,Monroe,IA,7.042473571522393,7.042473571522393,hifld_spatial,2,BLACK HILLS ENERGY,INVESTOR-OWNED,108.25210532324388
19137,Montgomery,IA,7.0998428528859705,7.0998428528859705,hifld_spatial,2,BLACK HILLS ENERGY,INVESTOR-OWNED,116.66482722598616
19139,Muscatine,IA,6.977458887749595,6.977458887749595,hifld_spatial,2,BLACK HILLS ENERGY,INVESTOR-OWNED,99.96590135625652
19141,O'Brien,IA,7.452020566381766,7.452020566381766,hifld_spatial,3,MIDAMERICAN ENERGY,INVESTOR-OWNED,31.687874506031463
19143,Osceola,IA,7.557076023983614,7.557076023983614,hifld_spatial,2,MIDAMERICAN ENERGY,INVESTOR-OWNED,0.0074144009230119
19145,Page,IA,7.078428079757194,7.078428079757194,hifld_spatial,3,BLACK HILLS ENERGY,INVESTOR-OWNED,113.38726667850015
19147,Palo Alto,IA,8.593711678969884,8.593711678969884,hifld_spatial,5,EMMETSBURG MUNICIPAL UTILITIES,MUNICIPAL,37.30469177958357
19149,Plymouth,IA,8.160152489030757,8.160152489030757,hifld_spatial,4,MIDAMERICAN ENERGY,INVESTOR-OWNED,25.347687789399803
19151,Pocahontas,IA,5.920005769705658,5.920005769705658,hifld_spatial,4,"GILMORE CITY, CITY OF",MUNICIPAL,6.409565249358673
19153,Polk,IA,7.8334986306349235,7.8334986306349235,hifld_spatial,3,MIDAMERICAN ENERGY,INVESTOR-OWNED,82.28455439257652
19155,Pottawattamie,IA,7.759513790905232,7.759513790905232,hifld_spatial,4,MIDAMERICAN ENERGY,INVESTOR-OWNED,42.52289869379215
19157,Poweshiek,IA,7.219616123561348,7.219616123561348,hifld_spatial,4,BLACK HILLS ENERGY,INVESTOR-OWNED,108.82798580362648
19159,Ringgold,IA,6.977204731147355,6.977204731147355,hifld_spatial,1,BLACK HILLS ENERGY,INVESTOR-OWNED,100.09228025372676
19161,Sac,IA,8.14089369144455,8.14089369144455,hifld_spatial,3,MIDAMERICAN ENERGY,INVESTOR-OWNED,31.594161399456624
19163,Scott,IA,6.9926570145401215,6.9926570145401215,hifld_spatial,2,BLACK HILLS ENERGY,INVESTOR-OWNED,103.65329830974488
19165,Shelby,IA,7.817909646113778,7.817909646113778,hifld_spatial,3,MIDAMERICAN ENERGY,INVESTOR-OWNED,44.49818945631105
19167,Sioux,IA,7.662345522352338,7.662345522352338,hifld_spatial,5,MIDAMERICAN ENERGY,INVESTOR-OWNED,46.103357290274005
19169,Story,IA,7.833409191202334,7.833409191202334,hifld_spatial,1,MIDAMERICAN ENERGY,INVESTOR-OWNED,0.0066257801364921
19171,Tama,IA,6.977204731147354,6.977204731147354,hifld_spatial,1,BLACK HILLS ENERGY,INVESTOR-OWNED,0.0038740578299158
19173,Taylor,IA,6.97741235538775,6.97741235538775,hifld_spatial,2,BLACK HILLS ENERGY,INVESTOR-OWNED,113.38422208765738
19175,Union,IA,7.042920986698808,7.042920986698808,hifld_spatial,2,BLACK HILLS ENERGY,INVESTOR-OWNED,108.40375929701138
19177,Van Buren,IA,6.977304391739351,6.977304391739351,hifld_spatial,2,BLACK HILLS ENERGY,INVESTOR-OWNED,100.00587821538228
19179,Wapello,IA,6.977204731147354,6.977204731147354,hifld_spatial,1,BLACK HILLS ENERGY,INVESTOR-OWNED,100.00000000000009
19181,Warren,IA,7.254487546190998,7.254487546190998,hifld_spatial,2,BLACK HILLS ENERGY,INVESTOR-OWNED,147.8193464640869
19183,Washington,IA,7.511454301456771,7.511454301456771,hifld_spatial,4,BLACK HILLS ENERGY,INVESTOR-OWNED,114.18584577830626
19185,Wayne,IA,6.97611783333596,6.97611783333596,hifld_spatial,2,BLACK HILLS ENERGY,INVESTOR-OWNED,104.89248712951876
19187,Webster,IA,7.52009156264349,7.52009156264349,hifld_spatial,2,MIDAMERICAN ENERGY,INVESTOR-OWNED,0.0186753395612879
19189,Winnebago,IA,6.977204731147354,6.977204731147354,hifld_spatial,1,BLACK HILLS ENERGY,INVESTOR-OWNED,0.2699792276927193
19191,Winneshiek,IA,7.062472253341608,7.062472253341608,state_avg_no_coverage,0,,,0.0
19193,Woodbury,IA,7.830528660107873,7.830528660107873,hifld_spatial,4,MIDAMERICAN ENERGY,INVESTOR-OWNED,30.16957289459083
19195,Worth,IA,7.062472253341608,7.062472253341608,state_avg_ldc_no_price,1,INTERSTATE PWR&LIGHT CO (ALLIANT ENERGY),INVESTOR-OWNED,10.73648518498931
19197,Wright,IA,7.833409188339358,7.833409188339358,hifld_spatial,2,MIDAMERICAN ENERGY,INVESTOR-OWNED,31.24089312912381
20001,Allen,KS,7.530328292363329,7.530328292363329,hifld_spatial,3,ATMOS ENERGY CORPORATION,INVESTOR-OWNED,121.11520816583028
20003,Anderson,KS,7.312557977176286,7.312557977176286,hifld_spatial,3,"GARNETT, CITY OF",MUNICIPAL,1.0670000512818556
20005,Atchison,KS,10.365688765518335,10.365688765518335,hifld_spatial,2,KANSAS GAS SERVICE CO.,INVESTOR-OWNED,27.219720296256884
20007,Barber,KS,5.870706369882578,5.870706369882578,hifld_spatial,3,ATMOS ENERGY CORPORATION,INVESTOR-OWNED,186.5035930582933
20009,Barton,KS,6.594083618935612,6.594083618935612,hifld_spatial,3,MIDWEST ENERGY INC.,COOPERATIVE,109.27019440727736
20011,Bourbon,KS,6.81727072174988,6.81727072174988,hifld_spatial,2,ATMOS ENERGY CORPORATION,INVESTOR-OWNED,99.89413982253303
20013,Brown,KS,10.365802653166297,10.365802653166297,hifld_spatial,2,KANSAS GAS SERVICE CO.,INVESTOR-OWNED,27.57707015811959
20015,Butler,KS,6.817206929346619,6.817206929346619,hifld_spatial,1,ATMOS ENERGY CORPORATION,INVESTOR-OWNED,0.6335671606404621
20017,Chase,KS,6.817206929346619,6.817206929346619,hifld_spatial,1,ATMOS ENERGY CORPORATION,INVESTOR-OWNED,99.5207991267402
20019,Chautauqua,KS,6.794905005693388,6.794905005693388,hifld_spatial,2,ATMOS ENERGY CORPORATION,INVESTOR-OWNED,104.84419604911542
20021,Cherokee,KS,7.002308976856625,7.002308976856625,hifld_spatial,2,ATMOS ENERGY CORPORATION,INVESTOR-OWNED,105.50175307540022
20023,Cheyenne,KS,5.89506852378637,5.89506852378637,hifld_spatial,2,MIDWEST ENERGY INC.,COOPERATIVE,57.096476392606206
20025,Clark,KS,5.966203694659417,5.966203694659417,hifld_spatial,2,BLACK HILLS ENERGY,INVESTOR-OWNED,117.74661069298642
20027,Clay,KS,10.366061216973268,10.366061216973268,hifld_spatial,1,KANSAS GAS SERVICE CO.,INVESTOR-OWNED,51.257550600404
20029,Cloud,KS,10.31659349881424,10.31659349881424,hifld_spatial,2,KANSAS GAS SERVICE CO.,INVESTOR-OWNED,0.6637325320493738
20031,Coffey,KS,6.8919528729295285,6.8919528729295285,hifld_spatial,2,ATMOS ENERGY CORPORATION,INVESTOR-OWNED,104.12634058935323
20033,Comanche,KS,5.101460613067546,5.101460613067546,hifld_spatial,3,BLACK HILLS ENERGY,INVESTOR-OWNED,95.72718696010116
20035,Cowley,KS,5.185316260271693,5.185316260271693,hifld_spatial,4,BLACK HILLS ENERGY,INVESTOR-OWNED,99.75961102153568
20037,Crawford,KS,6.817224395233079,6.817224395233079,hifld_spatial,2,ATMOS ENERGY CORPORATION,INVESTOR-OWNED,100.08892755199236
20039,Decatur,KS,6.21914336029666,6.21914336029666,hifld_spatial,1,MIDWEST ENERGY INC.,COOPERATIVE,18.644197640866377
20041,Dickinson,KS,8.324518383581658,8.324518383581658,hifld_spatial,2,ATMOS ENERGY CORPORATION,INVESTOR-OWNED,110.56931249533528
20043,Doniphan,KS,10.32189689767174,10.32189689767174,hifld_spatial,3,KANSAS GAS SERVICE CO.,INVESTOR-OWNED,1.141875822522746
20045,Douglas,KS,6.345855415656976,6.345855415656976,hifld_spatial,3,ATMOS ENERGY CORPORATION,INVESTOR-OWNED,271.7156184436498
20047,Edwards,KS,4.94468890428395,4.94468890428395,hifld_spatial,2,BLACK HILLS ENERGY,INVESTOR-OWNED,66.60944658270988
20049,Elk,KS,6.8116384749082215,6.8116384749082215,hifld_spatial,2,ATMOS ENERGY CORPORATION,INVESTOR-OWNED,107.39780257172312
20051,Ellis,KS,6.21914336029666,6.21914336029666,hifld_spatial,1,MIDWEST ENERGY INC.,COOPERATIVE,100.00000000000009
20053,Ellsworth,KS,8.041093641013237,8.041093641013237,hifld_spatial,3,MIDWEST ENERGY INC.,COOPERATIVE,22.241950322500408
20055,Finney,KS,5.362847707494383,5.362847707494383,hifld_spatial,2,BLACK HILLS ENERGY,INVESTOR-OWNED,87.43578008189915
20057,Ford,KS,5.869004165450413,5.869004165450413,hifld_spatial,3,BLACK HILLS ENERGY,INVESTOR-OWNED,121.19929114730202
20059,Franklin,KS,10.097638081675196,10.097638081675196,hifld_spatial,3,KANSAS GAS SERVICE CO.,INVESTOR-OWNED,87.49841594411448
20061,Geary,KS,7.911140746924666,7.911140746924666,hifld_spatial,2,ATMOS ENERGY CORPORATION,INVESTOR-OWNED,2.162429698429599
20063,Gove,KS,6.21914336029666,6.21914336029666,hifld_spatial,1,MIDWEST ENERGY INC.,COOPERATIVE,42.58505747957591
20065,Graham,KS,6.21914336029666,6.21914336029666,hifld_spatial,1,MIDWEST ENERGY INC.,COOPERATIVE,39.28844535852017
20067,Grant,KS,4.941206423941016,4.941206423941016,hifld_spatial,2,BLACK HILLS ENERGY,INVESTOR-OWNED,80.88013147679933
20069,Gray,KS,5.739453868631742,5.739453868631742,hifld_spatial,3,BLACK HILLS ENERGY,INVESTOR-OWNED,152.52756431383153
20071,Greeley,KS,6.231340703868232,6.231340703868232,hifld_spatial,2,MIDWEST ENERGY INC.,COOPERATIVE,53.16889828625254
20073,Greenwood,KS,6.817206929346619,6.817206929346619,hifld_spatial,1,ATMOS ENERGY CORPORATION,INVESTOR-OWNED,99.98746264364468
20075,Hamilton,KS,6.837034494819401,6.837034494819401,hifld_spatial,3,ATMOS ENERGY CORPORATION,INVESTOR-OWNED,104.56674874418052
20077,Harper,KS,5.891898352102316,5.891898352102316,hifld_spatial,3,ATMOS ENERGY CORPORATION,INVESTOR-OWNED,187.6754083916387
20079,Harvey,KS,5.623897334700054,5.623897334700054,hifld_spatial,5,BLACK HILLS ENERGY,INVESTOR-OWNED,109.0880117218776
20081,Haskell,KS,4.955951208672405,4.955951208672405,hifld_spatial,3,BLACK HILLS ENERGY,INVESTOR-OWNED,101.53251242518138
20083,Hodgeman,KS,4.928067689271074,4.928067689271074,hifld_spatial,3,BLACK HILLS ENERGY,INVESTOR-OWNED,100.33787529825568
20085,Jackson,KS,10.347154289331131,10.347154289331131,hifld_spatial,2,KANSAS GAS SERVICE CO.,INVESTOR-OWNED,14.45046785603642
20087,Jefferson,KS,8.29303079624632,8.29303079624632,hifld_spatial,3,ATMOS ENERGY CORPORATION,INVESTOR-OWNED,191.7235097925648
20089,Jewell,KS,10.366061216973268,10.366061216973268,hifld_spatial,1,KANSAS GAS SERVICE CO.,INVESTOR-OWNED,18.954386755255182
20091,Johnson,KS,8.051049392127936,8.051049392127936,hifld_spatial,2,ATMOS ENERGY CORPORATION,INVESTOR-OWNED,192.7316380659439
20093,Kearny,KS,5.596800467067072,5.596800467067072,hifld_spatial,3,MIDWEST ENERGY INC.,COOPERATIVE,93.12112554677375
20095,Kingman,KS,5.209572875956758,5.209572875956758,hifld_spatial,3,BLACK HILLS ENERGY,INVESTOR-OWNED,105.96172858578691
20097,Kiowa,KS,4.916479965145187,4.916479965145187,hifld_spatial,1,BLACK HILLS ENERGY,INVESTOR-OWNED,99.99999999999996
20099,Labette,KS,7.1964533332439,7.1964533332439,hifld_spatial,2,ATMOS ENERGY CORPORATION,INVESTOR-OWNED,126.21112197003292
20101,Lane,KS,6.224239562135032,6.224239562135032,hifld_spatial,3,MIDWEST ENERGY INC.,COOPERATIVE,37.58137168320772
20103,Leavenworth,KS,7.644537341438284,7.644537341438284,hifld_spatial,4,ATMOS ENERGY CORPORATION,INVESTOR-OWNED,183.8822302598579
20105,Lincoln,KS,10.356337820690683,10.356337820690683,hifld_spatial,2,KANSAS GAS SERVICE CO.,INVESTOR-OWNED,22.312930190790546
20107,Linn,KS,6.825010542117514,6.825010542117514,hifld_spatial,4,ATMOS ENERGY CORPORATION,INVESTOR-OWNED,97.99346113176904
20109,Logan,KS,6.078920499980074,6.078920499980074,hifld_spatial,2,MIDWEST ENERGY INC.,COOPERATIVE,29.220346899085225
20111,Lyon,KS,9.63612147751462,9.63612147751462,hifld_spatial,2,KANSAS GAS SERVICE CO.,INVESTOR-OWNED,18.689977777975734
20113,McPherson,KS,6.71123947382671,6.71123947382671,hifld_spatial,5,BLACK HILLS ENERGY,INVESTOR-OWNED,122.72966565615708
20115,Marion,KS,6.969180176562237,6.969180176562237,hifld_spatial,2,ATMOS ENERGY CORPORATION,INVESTOR-OWNED,104.31941638860636
20117,Marshall,KS,10.36599295591423,10.36599295591423,hifld_spatial,2,KANSAS GAS SERVICE CO.,INVESTOR-OWNED,17.931906107724664
20119,Meade,KS,5.369506658122181,5.369506658122181,hifld_spatial,2,BLACK HILLS ENERGY,INVESTOR-OWNED,105.57204367181738
20121,Miami,KS,8.091198688573499,8.091198688573499,hifld_spatial,2,ATMOS ENERGY CORPORATION,INVESTOR-OWNED,167.95191804889868
20123,Mitchell,KS,10.366061216973268,10.366061216973268,hifld_spatial,1,KANSAS GAS SERVICE CO.,INVESTOR-OWNED,18.75050657646864
20125,Montgomery,KS,6.817664214366057,6.817664214366057,hifld_spatial,2,ATMOS ENERGY CORPORATION,INVESTOR-OWNED,122.91179762507016
20127,Morris,KS,6.817206929346619,6.817206929346619,hifld_spatial,1,ATMOS ENERGY CORPORATION,INVESTOR-OWNED,94.70553261180213
20129,Morton,KS,6.642114397474067,6.642114397474067,hifld_spatial,3,ATMOS ENERGY CORPORATION,INVESTOR-OWNED,125.24481823128409
20131,Nemaha,KS,10.366023128390772,10.366023128390772,hifld_spatial,2,KANSAS GAS SERVICE CO.,INVESTOR-OWNED,20.185067599124302
20133,Neosho,KS,7.4938471094065084,7.4938471094065084,hifld_spatial,2,ATMOS ENERGY CORPORATION,INVESTOR-OWNED,126.70142979245064
20135,Ness,KS,6.4918692692431055,6.4918692692431055,hifld_spatial,3,MIDWEST ENERGY INC.,COOPERATIVE,192.3908950154667
20137,Norton,KS,6.21914336029666,6.21914336029666,hifld_spatial,1,MIDWEST ENERGY INC.,COOPERATIVE,33.76532676941991
20139,Osage,KS,9.229188351833583,9.229188351833583,hifld_spatial,4,KANSAS GAS SERVICE CO.,INVESTOR-OWNED,69.50090360590025
20141,Osborne,KS,7.95865197608552,7.95865197608552,hifld_spatial,2,MIDWEST ENERGY INC.,COOPERATIVE,11.439732762760146
20143,Ottawa,KS,10.366061216973268,10.366061216973268,hifld_spatial,1,KANSAS GAS SERVICE CO.,INVESTOR-OWNED,8.194819698588294
20145,Pawnee,KS,6.231210832250447,6.231210832250447,hifld_spatial,4,MIDWEST ENERGY INC.,COOPERATIVE,28.11929099762361
20147,Phillips,KS,6.21914336029666,6.21914336029666,hifld_spatial,1,MIDWEST ENERGY INC.,COOPERATIVE,99.87942986682924
20149,Pottawatomie,KS,10.366061216973268,10.366061216973268,hifld_spatial,1,KANSAS GAS SERVICE CO.,INVESTOR-OWNED,37.89155042770464
20151,Pratt,KS,4.9238187297099385,4.9238187297099385,hifld_spatial,2,BLACK HILLS ENERGY,INVESTOR-OWNED,100.15338218156734
20153,Rawlins,KS,6.2016763513910576,6.2016763513910576,hifld_spatial,2,MIDWEST ENERGY INC.,COOPERATIVE,40.88354571627081
20155,Reno,KS,6.085533865997951,6.085533865997951,hifld_spatial,4,BLACK HILLS ENERGY,INVESTOR-OWNED,124.79041893611289
20157,Republic,KS,10.366061216973268,10.366061216973268,hifld_spatial,1,KANSAS GAS SERVICE CO.,INVESTOR-OWNED,0.2375859283207202
20159,Rice,KS,4.9258988450400745,4.9258988450400745,hifld_spatial,3,BLACK HILLS ENERGY,INVESTOR-OWNED,96.78791315363104
20161,Riley,KS,10.366061216973268,10.366061216973268,hifld_spatial,1,KANSAS GAS SERVICE CO.,INVESTOR-OWNED,5.159864536781785
20163,Rooks,KS,6.21914336029666,6.21914336029666,hifld_spatial,1,MIDWEST ENERGY INC.,COOPERATIVE,99.98903652159026
20165,Rush,KS,6.50383787708725,6.50383787708725,hifld_spatial,2,MIDWEST ENERGY INC.,COOPERATIVE,190.8127060723484
20167,Russell,KS,6.219481993274904,6.219481993274904,hifld_spatial,2,MIDWEST ENERGY INC.,COOPERATIVE,99.99795681151444
20169,Saline,KS,10.30753949654338,10.30753949654338,hifld_spatial,2,KANSAS GAS SERVICE CO.,INVESTOR-OWNED,38.359444689621725
20171,Scott,KS,6.21914336029666,6.21914336029666,hifld_spatial,1,MIDWEST ENERGY INC.,COOPERATIVE,75.78591518769773
20173,Sedgwick,KS,5.270957801551695,5.270957801551695,hifld_spatial,3,BLACK HILLS ENERGY,INVESTOR-OWNED,104.88122325609214
20175,Seward,KS,4.916479965145187,4.916479965145187,hifld_spatial,1,BLACK HILLS ENERGY,INVESTOR-OWNED,97.69222385960784
20177,Shawnee,KS,9.657012842199295,9.657012842199295,hifld_spatial,3,KANSAS GAS SERVICE CO.,INVESTOR-OWNED,72.67561716225539
20179,Sheridan,KS,6.21914336029666,6.21914336029666,hifld_spatial,1,MIDWEST ENERGY INC.,COOPERATIVE,50.3825756643124
20181,Sherman,KS,5.223499432018593,5.223499432018593,hifld_spatial,3,BLACK HILLS ENERGY,INVESTOR-OWNED,130.86416316247542
20183,Smith,KS,7.335715930082279,7.335715930082279,hifld_spatial,2,MIDWEST ENERGY INC.,COOPERATIVE,19.509344626435112
20185,Stafford,KS,5.266373070784923,5.266373070784923,hifld_spatial,2,BLACK HILLS ENERGY,INVESTOR-OWNED,36.59483520153816
20187,Stanton,KS,6.881844340743393,6.881844340743393,hifld_spatial,3,ATMOS ENERGY CORPORATION,INVESTOR-OWNED,111.07862571785252
20189,Stevens,KS,4.9910274152531615,4.9910274152531615,hifld_spatial,2,BLACK HILLS ENERGY,INVESTOR-OWNED,103.6263384386788
20191,Sumner,KS,6.335233135576144,6.335233135576144,hifld_spatial,4,ATMOS ENERGY CORPORATION,INVESTOR-OWNED,212.6570205597619
20193,Thomas,KS,6.211849026738498,6.211849026738498,hifld_spatial,2,MIDWEST ENERGY INC.,COOPERATIVE,85.29089101316396
20195,Trego,KS,6.21914336029666,6.21914336029666,hifld_spatial,1,MIDWEST ENERGY INC.,COOPERATIVE,99.61908825079192
20197,Wabaunsee,KS,8.850567245478379,8.850567245478379,hifld_spatial,4,KANSAS GAS SERVICE CO.,INVESTOR-OWNED,2.2302780189523275
20199,Wallace,KS,5.630156931768748,5.630156931768748,hifld_spatial,2,MIDWEST ENERGY INC.,COOPERATIVE,50.03055746113832
20201,Washington,KS,10.365810526675324,10.365810526675324,hifld_spatial,2,KANSAS GAS SERVICE CO.,INVESTOR-OWNED,52.25525428995448
20203,Wichita,KS,6.219757335670852,6.219757335670852,hifld_spatial,2,MIDWEST ENERGY INC.,COOPERATIVE,65.05956457467383
20205,Wilson,KS,6.828333261665133,6.828333261665133,hifld_spatial,3,ATMOS ENERGY CORPORATION,INVESTOR-OWNED,112.54564047148313
20207,Woodson,KS,6.817206929346619,6.817206929346619,hifld_spatial,1,ATMOS ENERGY CORPORATION,INVESTOR-OWNED,107.27263275439002
20209,Wyandotte,KS,8.268917166331553,8.268917166331553,hifld_spatial,3,ATMOS ENERGY CORPORATION,INVESTOR-OWNED,193.36235837463917
21001,Adair,KY,8.690142789114072,8.690142789114072,hifld_spatial,5,CITY OF COLUMBIA GAS DEPARTMENT,MUNICIPAL,16.95548697898573
21003,Allen,KY,10.03398756243704,10.03398756243704,hifld_spatial,6,"BLUEGRASS GAS SALES, INC.",PRIVATE,128.02387089765256
21005,Anderson,KY,7.739865164383239,7.739865164383239,hifld_spatial,3,ATMOS ENERGY CORPORATION,INVESTOR-OWNED,102.19722744219985
21007,Ballard,KY,5.767104088846919,5.767104088846919,hifld_spatial,3,CAIRO PUBLIC UTILITY COMM,MUNICIPAL,53.8561403738243
21009,Barren,KY,8.824750949792234,8.824750949792234,hifld_spatial,4,"BLUEGRASS GAS SALES, INC.",PRIVATE,296.2468734122586
21011,Bath,KY,9.992301499255454,9.992301499255454,hifld_spatial,4,DELTA NATURAL GAS CO.,INVESTOR-OWNED,195.6912333280592
21013,Bell,KY,11.677905940210366,11.677905940210366,hifld_spatial,3,DELTA NATURAL GAS CO.,INVESTOR-OWNED,98.96770031031012
21015,Boone,KY,8.095133275272046,8.095133275272046,hifld_spatial,4,DUKE ENERGY KENTUCKY,INVESTOR-OWNED,97.92622082808477
21017,Bourbon,KY,9.963467855924511,9.963467855924511,hifld_spatial,3,COLUMBIA GAS OF KENTUCKY,INVESTOR-OWNED,226.4136259566744
21019,Boyd,KY,8.715433950710752,8.715433950710752,hifld_spatial,4,COLUMBIA GAS OF KENTUCKY,INVESTOR-OWNED,146.14159032696045
21021,Boyle,KY,7.783926652333554,7.783926652333554,hifld_spatial,3,ATMOS ENERGY CORPORATION,INVESTOR-OWNED,101.600172166539
21023,Bracken,KY,8.716437052186167,8.716437052186167,hifld_spatial,4,COLUMBIA GAS OF KENTUCKY,INVESTOR-OWNED,171.13249999878985
21025,Breathitt,KY,9.963126970803533,9.963126970803533,hifld_spatial,2,DELTA NATURAL GAS CO.,INVESTOR-OWNED,102.60646098147252
21027,Breckinridge,KY,7.722837858332319,7.722837858332319,hifld_spatial,5,ATMOS ENERGY CORPORATION,INVESTOR-OWNED,199.6591574486352
21029,Bullitt,KY,8.218958797768387,8.218958797768387,hifld_spatial,2,LOUISVILLE GAS & ELECTRIC,INVESTOR-OWNED,100.1965842497655
21031,Butler,KY,9.274614941093326,9.274614941093326,hifld_spatial,4,"MORGANTOWN, CITY OF",MUNICIPAL,19.99157544490703
21033,Caldwell,KY,7.721496613919727,7.721496613919727,hifld_spatial,2,ATMOS ENERGY CORPORATION,INVESTOR-OWNED,100.05280860421485
21035,Calloway,KY,6.34830983144924,6.34830983144924,hifld_spatial,3,"MURRAY, CITY OF",MUNICIPAL,11.670850717577077
21037,Campbell,KY,8.186669990840382,8.186669990840382,hifld_spatial,2,DUKE ENERGY KENTUCKY,INVESTOR-OWNED,99.86738135390816
21039,Carlisle,KY,11.863559725992268,11.863559725992268,hifld_spatial,2,BARDWELL NATURAL GAS,MUNICIPAL,63.88296577561154
21041,Carroll,KY,5.099044618390313,5.099044618390313,hifld_spatial,4,"CARROLLTON, CITY OF",MUNICIPAL,59.485925573185725
21043,Carter,KY,7.879318202055787,7.879318202055787,hifld_spatial,3,COLUMBIA GAS OF KENTUCKY,INVESTOR-OWNED,128.0983544567681
21045,Casey,KY,7.794133457020756,7.794133457020756,hifld_spatial,2,ATMOS ENERGY CORPORATION,INVESTOR-OWNED,27.08188708939907
21047,Christian,KY,7.721855294503128,7.721855294503128,hifld_spatial,2,ATMOS ENERGY CORPORATION,INVESTOR-OWNED,99.98960658889354
21049,Clark,KY,9.958536549272925,9.958536549272925,hifld_spatial,2,DELTA NATURAL GAS CO.,INVESTOR-OWNED,199.99506945779277
21051,Clay,KY,9.979141771823286,9.979141771823286,hifld_spatial,2,DELTA NATURAL GAS CO.,INVESTOR-OWNED,197.70556449011863
21053,Clinton,KY,4.48878541626369,4.48878541626369,state_avg_ldc_no_price,1,BURKESVILLE GAS COMPANY,PRIVATE,0.0515351702955216
21055,Crittenden,KY,7.722182372515062,7.722182372515062,hifld_spatial,1,ATMOS ENERGY CORPORATION,INVESTOR-OWNED,99.60031354225184
21057,Cumberland,KY,8.291937432982158,8.291937432982158,hifld_spatial,4,LOUISVILLE GAS & ELECTRIC,INVESTOR-OWNED,98.78954433571349
21059,Daviess,KY,7.712257995609111,7.712257995609111,hifld_spatial,5,ATMOS ENERGY CORPORATION,INVESTOR-OWNED,99.99329165065566
21061,Edmonson,KY,7.723260723553344,7.723260723553344,hifld_spatial,4,ATMOS ENERGY CORPORATION,INVESTOR-OWNED,100.068122026199
21063,Elliott,KY,8.224471689532743,8.224471689532743,hifld_spatial,2,COLUMBIA GAS OF KENTUCKY,INVESTOR-OWNED,10.60192773674038
21065,Estill,KY,9.973824880218343,9.973824880218343,hifld_spatial,2,DELTA NATURAL GAS CO.,INVESTOR-OWNED,198.5686771644408
21067,Fayette,KY,9.95716984919649,9.95716984919649,hifld_spatial,2,COLUMBIA GAS OF KENTUCKY,INVESTOR-OWNED,199.84627555260624
21069,Fleming,KY,11.586913290062713,11.586913290062713,hifld_spatial,3,DELTA NATURAL GAS CO.,INVESTOR-OWNED,101.72856754779524
21071,Floyd,KY,13.182029346971204,13.182029346971204,hifld_spatial,2,PRESTONSBURG CITY UTIL. COMM.,MUNICIPAL,142.16420822265374
21073,Franklin,KY,8.237073124347722,8.237073124347722,hifld_spatial,3,COLUMBIA GAS OF KENTUCKY,INVESTOR-OWNED,100.00394372433156
21075,Fulton,KY,8.190945766728317,8.190945766728317,hifld_spatial,2,"HICKMAN, CITY OF",MUNICIPAL,87.72385781854577
21077,Gallatin,KY,8.090314451339328,8.090314451339328,hifld_spatial,2,DUKE ENERGY KENTUCKY,INVESTOR-OWNED,96.6050153340249
21079,Garrard,KY,9.68735236147382,9.68735236147382,hifld_spatial,3,DELTA NATURAL GAS CO.,INVESTOR-OWNED,198.00704438333855
21081,Grant,KY,8.096139249095774,8.096139249095774,hifld_spatial,2,DUKE ENERGY KENTUCKY,INVESTOR-OWNED,11.438977605144093
21083,Graves,KY,7.722087983300985,7.722087983300985,hifld_spatial,2,ATMOS ENERGY CORPORATION,INVESTOR-OWNED,99.92054872981096
21085,Grayson,KY,8.110465132890955,8.110465132890955,hifld_spatial,4,ATMOS ENERGY CORPORATION,INVESTOR-OWNED,128.20783991187523
21087,Green,KY,7.97224136052466,7.97224136052466,hifld_spatial,3,LOUISVILLE GAS & ELECTRIC,INVESTOR-OWNED,198.5664077355221
21089,Greenup,KY,8.751235896515931,8.751235896515931,hifld_spatial,4,COLUMBIA GAS OF KENTUCKY,INVESTOR-OWNED,152.2906286452856
21091,Hancock,KY,6.818417407262499,6.818417407262499,hifld_spatial,4,ATMOS ENERGY CORPORATION,INVESTOR-OWNED,96.07597619469443
21093,Hardin,KY,8.204124227626293,8.204124227626293,hifld_spatial,4,LOUISVILLE GAS & ELECTRIC,INVESTOR-OWNED,33.04118066785204
21095,Harlan,KY,10.77956076456115,10.77956076456115,hifld_spatial,2,DELTA NATURAL GAS CO.,INVESTOR-OWNED,0.4869334056970755
21097,Harrison,KY,8.258404226914536,8.258404226914536,hifld_spatial,2,COLUMBIA GAS OF KENTUCKY,INVESTOR-OWNED,100.1802397524943
21099,Hart,KY,8.814265700985189,8.814265700985189,hifld_spatial,3,ATMOS ENERGY CORPORATION,INVESTOR-OWNED,299.7980996398698
21101,Henderson,KY,7.442363244373623,7.442363244373623,hifld_spatial,3,ATMOS ENERGY CORPORATION,INVESTOR-OWNED,34.15917413339143
21103,Henry,KY,8.21993191178546,8.21993191178546,hifld_spatial,4,LOUISVILLE GAS & ELECTRIC,INVESTOR-OWNED,95.8872960385645
21105,Hickman,KY,7.728944424141233,7.728944424141233,hifld_spatial,4,"HICKMAN, CITY OF",MUNICIPAL,76.6962308226362
21107,Hopkins,KY,7.017155794702103,7.017155794702103,hifld_spatial,2,ATMOS ENERGY CORPORATION,INVESTOR-OWNED,199.97271635601933
21109,Jackson,KY,11.6108434262318,11.6108434262318,hifld_spatial,2,DELTA NATURAL GAS CO.,INVESTOR-OWNED,198.33748986942695
21111,Jefferson,KY,7.963776000141351,7.963776000141351,hifld_spatial,3,ATMOS ENERGY CORPORATION,INVESTOR-OWNED,198.9128850319145
21113,Jessamine,KY,9.94698587975652,9.94698587975652,hifld_spatial,3,DELTA NATURAL GAS CO.,INVESTOR-OWNED,199.59426001730372
21115,Johnson,KY,8.239549207077772,8.239549207077772,hifld_spatial,2,COLUMBIA GAS OF KENTUCKY,INVESTOR-OWNED,435.2554717822008
21117,Kenton,KY,8.097288652788366,8.097288652788366,hifld_spatial,2,DUKE ENERGY KENTUCKY,INVESTOR-OWNED,99.99999999999994
21119,Knott,KY,8.238684358063914,8.238684358063914,hifld_spatial,1,COLUMBIA GAS OF KENTUCKY,INVESTOR-OWNED,194.24531827387267
21121,Knox,KY,11.673726518546822,11.673726518546822,hifld_spatial,2,DELTA NATURAL GAS CO.,INVESTOR-OWNED,100.13317511500776
21123,Larue,KY,8.210389727792235,8.210389727792235,hifld_spatial,3,LOUISVILLE GAS & ELECTRIC,INVESTOR-OWNED,100.17919935634411
21125,Laurel,KY,11.66990414793893,11.66990414793893,hifld_spatial,3,DELTA NATURAL GAS CO.,INVESTOR-OWNED,99.46766626343089
21127,Lawrence,KY,8.239551978783732,8.239551978783732,hifld_spatial,2,COLUMBIA GAS OF KENTUCKY,INVESTOR-OWNED,295.5793998466444
21129,Lee,KY,9.944633325522965,9.944633325522965,hifld_spatial,2,COLUMBIA GAS OF KENTUCKY,INVESTOR-OWNED,295.5299907043925
21131,Leslie,KY,11.67590626120154,11.67590626120154,hifld_spatial,2,DELTA NATURAL GAS CO.,INVESTOR-OWNED,192.12200215859
21133,Letcher,KY,8.238684358063914,8.238684358063914,hifld_spatial,1,COLUMBIA GAS OF KENTUCKY,INVESTOR-OWNED,195.4591503702005
21135,Lewis,KY,7.953116187024077,7.953116187024077,hifld_spatial,6,COLUMBIA GAS OF KENTUCKY,INVESTOR-OWNED,220.5577414585761
21137,Lincoln,KY,7.72857420325477,7.72857420325477,hifld_spatial,2,ATMOS ENERGY CORPORATION,INVESTOR-OWNED,99.92781003636246
21139,Livingston,KY,7.722182372515061,7.722182372515061,hifld_spatial,1,ATMOS ENERGY CORPORATION,INVESTOR-OWNED,97.5830216954031
21141,Logan,KY,9.115291607848697,9.115291607848697,hifld_spatial,4,"BLUEGRASS GAS SALES, INC.",PRIVATE,199.33365264248712
21143,Lyon,KY,7.717723376421521,7.717723376421521,hifld_spatial,2,ATMOS ENERGY CORPORATION,INVESTOR-OWNED,100.9278781726752
21145,McCracken,KY,7.722164639311317,7.722164639311317,hifld_spatial,2,ATMOS ENERGY CORPORATION,INVESTOR-OWNED,98.60745535562604
21147,McCreary,KY,11.784402857841942,11.784402857841942,hifld_spatial,3,"CITIPOWER, LLC",PRIVATE,99.84416504256436
21149,McLean,KY,7.017210986586102,7.017210986586102,hifld_spatial,3,ATMOS ENERGY CORPORATION,INVESTOR-OWNED,199.99048931835347
21151,Madison,KY,9.896123425737246,9.896123425737246,hifld_spatial,4,DELTA NATURAL GAS CO.,INVESTOR-OWNED,211.0426010471344
21153,Magoffin,KY,8.301350946539133,8.301350946539133,hifld_spatial,2,COLUMBIA GAS OF KENTUCKY,INVESTOR-OWNED,199.27475620660684
21155,Marion,KY,7.970692941246171,7.970692941246171,hifld_spatial,2,ATMOS ENERGY CORPORATION,INVESTOR-OWNED,199.57752269653253
21157,Marshall,KY,7.482997945129783,7.482997945129783,hifld_spatial,2,ATMOS ENERGY CORPORATION,INVESTOR-OWNED,132.97002792799114
21159,Martin,KY,8.238816238594604,8.238816238594604,hifld_spatial,2,COLUMBIA GAS OF KENTUCKY,INVESTOR-OWNED,205.37798134508768
21161,Mason,KY,9.962189116599788,9.962189116599788,hifld_spatial,4,DELTA NATURAL GAS CO.,INVESTOR-OWNED,299.6304048208221
21163,Meade,KY,8.219431436459269,8.219431436459269,hifld_spatial,3,LOUISVILLE GAS & ELECTRIC,INVESTOR-OWNED,98.73687169432174
21165,Menifee,KY,9.962107356047463,9.962107356047463,hifld_spatial,3,DELTA NATURAL GAS CO.,INVESTOR-OWNED,196.9329165637374
21167,Mercer,KY,7.769074338097424,7.769074338097424,hifld_spatial,4,ATMOS ENERGY CORPORATION,INVESTOR-OWNED,101.15446294702996
21169,Metcalfe,KY,9.85872097317039,9.85872097317039,hifld_spatial,4,"BLUEGRASS GAS SALES, INC.",PRIVATE,244.90960795861028
21171,Monroe,KY,10.174652192513427,10.174652192513427,hifld_spatial,6,"TOMPKINSVILLE, CITY OF",MUNICIPAL,48.16682785930464
21173,Montgomery,KY,9.968179174705892,9.968179174705892,hifld_spatial,2,DELTA NATURAL GAS CO.,INVESTOR-OWNED,198.8037371488892
21175,Morgan,KY,8.245816143767998,8.245816143767998,hifld_spatial,3,COLUMBIA GAS OF KENTUCKY,INVESTOR-OWNED,200.4554424928836
21177,Muhlenberg,KY,7.016083787732852,7.016083787732852,hifld_spatial,3,ORBIT GAS COMPANY,PRIVATE,212.4006551376874
21179,Nelson,KY,8.212778088980281,8.212778088980281,hifld_spatial,2,LOUISVILLE GAS & ELECTRIC,INVESTOR-OWNED,101.45889838750946
21181,Nicholas,KY,10.648718586505655,10.648718586505655,hifld_spatial,3,COLUMBIA GAS OF KENTUCKY,INVESTOR-OWNED,154.1870610798888
21183,Ohio,KY,9.113457273329615,9.113457273329615,hifld_spatial,4,"BLUEGRASS GAS SALES, INC.",PRIVATE,199.5799463427352
21185,Oldham,KY,8.184510112119312,8.184510112119312,hifld_spatial,3,LOUISVILLE GAS & ELECTRIC,INVESTOR-OWNED,99.76115705535874
21187,Owen,KY,8.174639083189017,8.174639083189017,hifld_spatial,4,LOUISVILLE GAS & ELECTRIC,INVESTOR-OWNED,2.459912978086548
21189,Owsley,KY,8.384385615461838,8.384385615461838,hifld_spatial,2,COLUMBIA GAS OF KENTUCKY,INVESTOR-OWNED,102.86549838027872
21191,Pendleton,KY,8.113406381444417,8.113406381444417,hifld_spatial,3,DUKE ENERGY KENTUCKY,INVESTOR-OWNED,20.782205314455627
21193,Perry,KY,9.046284800065374,9.046284800065374,hifld_spatial,2,COLUMBIA GAS OF KENTUCKY,INVESTOR-OWNED,128.792021266873
21195,Pike,KY,8.249689502604042,8.249689502604042,hifld_spatial,2,COLUMBIA GAS OF KENTUCKY,INVESTOR-OWNED,12.13794334454226
21197,Powell,KY,11.531180644750822,11.531180644750822,hifld_spatial,2,DELTA NATURAL GAS CO.,INVESTOR-OWNED,104.13960452988172
21199,Pulaski,KY,7.895011877527101,7.895011877527101,hifld_spatial,4,SOMERSET GAS SERVICE,MUNICIPAL,19.44425207446336
21201,Robertson,KY,11.3849810160077,11.3849810160077,hifld_spatial,2,DELTA NATURAL GAS CO.,INVESTOR-OWNED,101.73933469376092
21203,Rockcastle,KY,11.32115192533978,11.32115192533978,hifld_spatial,3,DELTA NATURAL GAS CO.,INVESTOR-OWNED,4.0979247476559735
21205,Rowan,KY,7.565192777025954,7.565192777025954,hifld_spatial,3,MOREHEAD UTILITY PLANT BOARD,MUNICIPAL,89.08432145670018
21207,Russell,KY,4.48878541626369,4.48878541626369,state_avg_ldc_no_price,1,BURKESVILLE GAS COMPANY,PRIVATE,0.3811886059807032
21209,Scott,KY,8.23983116647464,8.23983116647464,hifld_spatial,2,COLUMBIA GAS OF KENTUCKY,INVESTOR-OWNED,99.98322015701248
21211,Shelby,KY,7.9709972396288125,7.9709972396288125,hifld_spatial,3,ATMOS ENERGY CORPORATION,INVESTOR-OWNED,198.5978327063922
21213,Simpson,KY,7.724695646720331,7.724695646720331,hifld_spatial,3,MILLENIUM ENERGY INC,INVESTOR-OWNED,199.5587669171869
21215,Spencer,KY,8.217741748591902,8.217741748591902,hifld_spatial,2,LOUISVILLE GAS & ELECTRIC,INVESTOR-OWNED,100.06303038432168
21217,Taylor,KY,7.749023064620031,7.749023064620031,hifld_spatial,2,ATMOS ENERGY CORPORATION,INVESTOR-OWNED,103.6826605778903
21219,Todd,KY,7.722314657050649,7.722314657050649,hifld_spatial,3,ATMOS ENERGY CORPORATION,INVESTOR-OWNED,99.60120439890764
21221,Trigg,KY,7.722182372515061,7.722182372515061,hifld_spatial,1,ATMOS ENERGY CORPORATION,INVESTOR-OWNED,99.40802805198132
21223,Trimble,KY,8.092788913550363,8.092788913550363,hifld_spatial,2,LOUISVILLE GAS & ELECTRIC,INVESTOR-OWNED,95.7768418613835
21225,Union,KY,7.615531719989515,7.615531719989515,hifld_spatial,2,ATMOS ENERGY CORPORATION,INVESTOR-OWNED,33.2103439644945
21227,Warren,KY,7.722553279847939,7.722553279847939,hifld_spatial,5,ATMOS ENERGY CORPORATION,INVESTOR-OWNED,98.64777316935664
21229,Washington,KY,7.97007942896777,7.97007942896777,hifld_spatial,2,ATMOS ENERGY CORPORATION,INVESTOR-OWNED,198.045687922672
21231,Wayne,KY,11.74642874009488,11.74642874009488,hifld_spatial,2,"CITIPOWER, LLC",PRIVATE,0.1097680638719444
21233,Webster,KY,7.722081271361795,7.722081271361795,hifld_spatial,2,ATMOS ENERGY CORPORATION,INVESTOR-OWNED,136.73483643053606
21235,Whitley,KY,11.681954396437344,11.681954396437344,hifld_spatial,3,DELTA NATURAL GAS CO.,INVESTOR-OWNED,99.6127289870159
21237,Wolfe,KY,8.99933483712258,8.99933483712258,hifld_spatial,2,COLUMBIA GAS OF KENTUCKY,INVESTOR-OWNED,100.36065954484975
21239,Woodford,KY,8.223561745684902,8.223561745684902,hifld_spatial,3,COLUMBIA GAS OF KENTUCKY,INVESTOR-OWNED,100.00302684823052
22001,Acadia,LA,7.89468918368271,7.89468918368271,hifld_spatial,1,CENTERPOINT ENERGY - ENTEX,INVESTOR-OWNED,248.6299663896648
22003,Allen,LA,6.207520237804806,6.207520237804806,hifld_spatial,2,KINDER NATURAL GAS SYSTEM,MUNICIPAL,124.9558511354597
22005,Ascension,LA,9.513589668655522,9.513589668655522,hifld_spatial,4,"DONALDSVILLE, CITY OF",MUNICIPAL,126.55417398390892
22007,Assumption,LA,7.912883294338291,7.912883294338291,hifld_spatial,4,CENTERPOINT ENERGY - ENTEX,INVESTOR-OWNED,101.03401553349453
22009,Avoyelles,LA,9.134632881061744,9.134632881061744,hifld_spatial,3,CENTERPOINT ENERGY - ENTEX,INVESTOR-OWNED,160.24250948841308
22011,Beauregard,LA,7.894689183682711,7.894689183682711,hifld_spatial,1,CENTERPOINT ENERGY - ENTEX,INVESTOR-OWNED,120.41410642732548
22013,Bienville,LA,9.329127264441151,9.329127264441151,hifld_spatial,1,CENTERPOINT ENERGY - ARKLA,INVESTOR-OWNED,198.9738816419055
22015,Bossier,LA,9.328939375822616,9.328939375822616,hifld_spatial,2,CENTERPOINT ENERGY - ARKLA,INVESTOR-OWNED,195.1622736351616
22017,Caddo,LA,9.327686557959067,9.327686557959067,hifld_spatial,4,CENTERPOINT ENERGY - ARKLA,INVESTOR-OWNED,99.83969152871153
22019,Calcasieu,LA,7.756575927806785,7.756575927806785,hifld_spatial,3,CENTERPOINT ENERGY - ENTEX,INVESTOR-OWNED,98.19105490751842
22021,Caldwell,LA,7.89468918368271,7.89468918368271,hifld_spatial,1,CENTERPOINT ENERGY - ENTEX,INVESTOR-OWNED,101.15344486988457
22023,Cameron,LA,7.889125092919152,7.889125092919152,hifld_spatial,2,CENTERPOINT ENERGY - ENTEX,INVESTOR-OWNED,49.43585791229419
22025,Catahoula,LA,5.929206075595055,5.929206075595055,hifld_spatial,2,"JONESVILLE, TOWN OF",MUNICIPAL,21.79475274472284
22027,Claiborne,LA,9.328660243195086,9.328660243195086,hifld_spatial,2,CENTERPOINT ENERGY - ARKLA,INVESTOR-OWNED,199.3010175791779
22029,Concordia,LA,4.04424130810943,4.04424130810943,state_avg_outlier_filter,5,"VIDALIA, CITY OF",MUNICIPAL,124.32194613192328
22031,De Soto,LA,9.307674724117533,9.307674724117533,hifld_spatial,2,CENTERPOINT ENERGY - ARKLA,INVESTOR-OWNED,102.54076684564242
22033,East Baton Rouge,LA,5.678137396201673,5.678137396201673,hifld_spatial,5,ENTERGY - GULF STATES,INVESTOR-OWNED,237.0147222018643
22035,East Carroll,LA,6.264731886415365,6.264731886415365,hifld_spatial,3,ATMOS ENERGY CORPORATION,INVESTOR-OWNED,99.87638086201096
22037,East Feliciana,LA,6.4712546796592445,6.4712546796592445,hifld_spatial,2,GUD WEST BATON ROGUE PARISH,MUNICIPAL,17.34866389085861
22039,Evangeline,LA,7.883005720315647,7.883005720315647,hifld_spatial,2,CENTERPOINT ENERGY - ENTEX,INVESTOR-OWNED,252.9032030148072
22041,Franklin,LA,4.04424130810943,4.04424130810943,state_avg_ldc_no_price,2,ATMOS ENERGY - LOUSIANA DIVISION,INVESTOR-OWNED,98.32723931385198
22043,Grant,LA,8.856959589480436,8.856959589480436,hifld_spatial,1,"BOYCE, TOWN OF",MUNICIPAL,127.28143535161404
22045,Iberia,LA,7.856922224256011,7.856922224256011,hifld_spatial,2,CENTERPOINT ENERGY - ENTEX,INVESTOR-OWNED,145.16909569695915
22047,Iberville,LA,6.085884828746545,6.085884828746545,hifld_spatial,3,IBERVILLE PARISH NATURAL GAS,MUNICIPAL,203.49288968603528
22049,Jackson,LA,9.329127264441151,9.329127264441151,hifld_spatial,1,CENTERPOINT ENERGY - ARKLA,INVESTOR-OWNED,198.2798985203467
22051,Jefferson,LA,4.04424130810943,4.04424130810943,state_avg_outlier_filter,3,"GRAND ISLE, TOWN OF",MUNICIPAL,100.74778543216816
22053,Jefferson Davis,LA,7.894255910871474,7.894255910871474,hifld_spatial,2,CENTERPOINT ENERGY - ENTEX,INVESTOR-OWNED,65.069607359876
22055,Lafayette,LA,7.89468918368271,7.89468918368271,hifld_spatial,1,CENTERPOINT ENERGY - ENTEX,INVESTOR-OWNED,213.89688379903788
22057,Lafourche,LA,5.510830081740349,5.510830081740349,hifld_spatial,3,SOUTH COAST GAS CO.,PRIVATE,118.31637643243543
22059,LaSalle,LA,4.04424130810943,4.04424130810943,state_avg_ldc_no_price,3,ATMOS ENERGY - LOUSIANA DIVISION,INVESTOR-OWNED,109.02885892163958
22061,Lincoln,LA,9.329127264441151,9.329127264441151,hifld_spatial,1,CENTERPOINT ENERGY - ARKLA,INVESTOR-OWNED,200.00000000000009
22063,Livingston,LA,10.051883604708609,10.051883604708609,hifld_spatial,3,LIVINGSTON PARISH GUD 1,OTHER,198.13592652361805
22065,Madison,LA,5.851675851611037,5.851675851611037,hifld_spatial,1,ATMOS ENERGY CORPORATION,INVESTOR-OWNED,98.57590109760986
22067,Morehouse,LA,9.259122181705242,9.259122181705242,hifld_spatial,2,CENTERPOINT ENERGY - ARKLA,INVESTOR-OWNED,100.6360021824027
22069,Natchitoches,LA,8.856959589480436,8.856959589480436,hifld_spatial,1,"BOYCE, TOWN OF",MUNICIPAL,100.49357792989969
22071,Orleans,LA,5.52083040658047,5.52083040658047,hifld_spatial,1,ENTERGY - GULF STATES,INVESTOR-OWNED,101.99743337326947
22073,Ouachita,LA,9.329127264441151,9.329127264441151,hifld_spatial,1,CENTERPOINT ENERGY - ARKLA,INVESTOR-OWNED,100.3799149481937
22075,Plaquemines,LA,5.520830406580471,5.520830406580471,hifld_spatial,1,ENTERGY - GULF STATES,INVESTOR-OWNED,98.74128322903049
22077,Pointe Coupee,LA,6.6423339985867775,6.6423339985867775,hifld_spatial,4,GUD WEST BATON ROGUE PARISH,MUNICIPAL,105.7049938889602
22079,Rapides,LA,8.291934649220305,8.291934649220305,hifld_spatial,3,"BOYCE, TOWN OF",MUNICIPAL,284.5922181193216
22081,Red River,LA,9.329127264441151,9.329127264441151,hifld_spatial,1,CENTERPOINT ENERGY - ARKLA,INVESTOR-OWNED,101.26251463677085
22083,Richland,LA,4.04424130810943,4.04424130810943,state_avg_ldc_no_price,1,ATMOS ENERGY - LOUSIANA DIVISION,INVESTOR-OWNED,99.99999999999996
22085,Sabine,LA,11.0,11.0,hifld_spatial,1,"HORNBECK, TOWN OF",MUNICIPAL,100.48247895623967
22087,St. Bernard,LA,5.520830406580471,5.520830406580471,hifld_spatial,1,ENTERGY - GULF STATES,INVESTOR-OWNED,97.31496706475052
22089,St. Charles,LA,4.04424130810943,4.04424130810943,state_avg_ldc_no_price,1,ATMOS ENERGY - LOUSIANA DIVISION,INVESTOR-OWNED,100.00000000000009
22091,St. Helena,LA,9.503119509457155,9.503119509457155,hifld_spatial,2,LIVINGSTON PARISH GUD 1,OTHER,99.2715390052442
22093,St. James,LA,11.964512158734896,11.964512158734896,hifld_spatial,1,ST. JAMES PARISH UTILITIES,MUNICIPAL,199.92608484441263
22095,St. John the Baptist,LA,9.268144618045326,9.268144618045326,hifld_spatial,3,"MADISONVILLE, TOWN OF",MUNICIPAL,103.20432022163088
22097,St. Landry,LA,7.922805268220502,7.922805268220502,hifld_spatial,3,CENTERPOINT ENERGY - ENTEX,INVESTOR-OWNED,229.5240452255781
22099,St. Martin,LA,7.827708213161007,7.827708213161007,hifld_spatial,3,CENTERPOINT ENERGY - ENTEX,INVESTOR-OWNED,129.83966293908642
22101,St. Mary,LA,8.258781287905425,8.258781287905425,hifld_spatial,2,CENTERPOINT ENERGY - ENTEX,INVESTOR-OWNED,138.01778659075933
22103,St. Tammany,LA,8.057090946066944,8.057090946066944,hifld_spatial,4,CENTERPOINT ENERGY - ENTEX,INVESTOR-OWNED,126.5710348909554
22105,Tangipahoa,LA,7.804334333411929,7.804334333411929,hifld_spatial,3,KENTWOOD UTILITY SYSTEMS,MUNICIPAL,129.1392036433916
22107,Tensas,LA,5.851675851611037,5.851675851611037,hifld_spatial,1,ATMOS ENERGY CORPORATION,INVESTOR-OWNED,1.255254105291158
22109,Terrebonne,LA,4.04424130810943,4.04424130810943,state_avg_ldc_no_price,4,ATMOS ENERGY - LOUSIANA DIVISION,INVESTOR-OWNED,99.99230653273742
22111,Union,LA,9.328922185589716,9.328922185589716,hifld_spatial,2,CENTERPOINT ENERGY - ARKLA,INVESTOR-OWNED,196.9150048491801
22113,Vermilion,LA,8.36601456919627,8.36601456919627,hifld_spatial,2,CENTERPOINT ENERGY - ENTEX,INVESTOR-OWNED,153.26909221369738
22115,Vernon,LA,9.876632770936324,9.876632770936324,hifld_spatial,3,"HORNBECK, TOWN OF",MUNICIPAL,124.94798926542929
22117,Washington,LA,7.887034207238983,7.887034207238983,hifld_spatial,3,CENTERPOINT ENERGY - ENTEX,INVESTOR-OWNED,64.25068823966933
22119,Webster,LA,9.328803496065968,9.328803496065968,hifld_spatial,2,CENTERPOINT ENERGY - ARKLA,INVESTOR-OWNED,199.40948372536656
22121,West Baton Rouge,LA,6.49110674331209,6.49110674331209,hifld_spatial,4,GUD WEST BATON ROGUE PARISH,MUNICIPAL,103.64337012827998
22123,West Carroll,LA,7.895312737193624,7.895312737193624,hifld_spatial,2,CENTERPOINT ENERGY - ENTEX,INVESTOR-OWNED,104.04876741903944
22125,West Feliciana,LA,4.04424130810943,4.04424130810943,state_avg_outlier_filter,2,ATMOS ENERGY CORPORATION,INVESTOR-OWNED,107.7206886125615
22127,Winn,LA,4.04424130810943,4.04424130810943,state_avg_ldc_no_price,1,ATMOS ENERGY - LOUSIANA DIVISION,INVESTOR-OWNED,100.0
23001,Androscoggin,ME,12.090717893905678,12.090717893905678,hifld_spatial,2,NORTHERN UTILITIES INC. (UNITIL),INVESTOR-OWNED,35.77128576912549
23003,Aroostook,ME,10.446376237317004,10.446376237317004,state_avg_no_coverage,0,,,0.0
23005,Cumberland,ME,12.202999745785888,12.202999745785888,hifld_spatial,2,NORTHERN UTILITIES INC. (UNITIL),INVESTOR-OWNED,49.01070256771981
23007,Franklin,ME,10.446376237317004,10.446376237317004,state_avg_no_coverage,0,,,0.0
23009,Hancock,ME,11.598442305857136,11.598442305857136,hifld_spatial,1,BANGOR GAS CO,INVESTOR-OWNED,0.8122115152993751
23011,Kennebec,ME,13.09409594095941,13.09409594095941,hifld_spatial,1,MAINE NATURAL GAS,INVESTOR-OWNED,18.60179944981058
23013,Knox,ME,10.446376237317004,10.446376237317004,state_avg_no_coverage,0,,,0.0
23015,Lincoln,ME,10.446376237317004,10.446376237317004,state_avg_no_coverage,0,,,0.0
23017,Oxford,ME,10.446376237317004,10.446376237317004,state_avg_no_coverage,0,,,0.0
23019,Penobscot,ME,11.598442305857136,11.598442305857136,hifld_spatial,1,BANGOR GAS CO,INVESTOR-OWNED,6.544986878275911
23021,Piscataquis,ME,10.446376237317004,10.446376237317004,state_avg_no_coverage,0,,,0.0
23023,Sagadahoc,ME,12.84080383570696,12.84080383570696,hifld_spatial,2,MAINE NATURAL GAS,INVESTOR-OWNED,46.11634491168755
23025,Somerset,ME,10.446376237317004,10.446376237317004,state_avg_ldc_no_price,1,SUMMIT NATURAL GAS,INVESTOR-OWNED,0.1547925324927851
23027,Waldo,ME,11.598442305857136,11.598442305857136,hifld_spatial,1,BANGOR GAS CO,INVESTOR-OWNED,0.00141740325659
23029,Washington,ME,10.446376237317004,10.446376237317004,state_avg_no_coverage,0,,,0.0
23031,York,ME,11.94210262154849,11.94210262154849,hifld_spatial,1,NORTHERN UTILITIES INC. (UNITIL),INVESTOR-OWNED,28.045995799792557
24001,Allegany,MD,9.810467309575298,9.810467309575298,hifld_spatial,2,COLUMBIA GAS OF WASHINGTON/MARYLAND,INVESTOR-OWNED,99.82021585321802
24003,Anne Arundel,MD,8.789877695856529,8.789877695856529,hifld_spatial,1,BALTIMORE GAS AND ELECTRIC CO,INVESTOR-OWNED,100.00366093670183
24005,Baltimore,MD,8.789877961599242,8.789877961599242,hifld_spatial,2,BALTIMORE GAS AND ELECTRIC CO,INVESTOR-OWNED,99.26410962958778
24009,Calvert,MD,8.789877695856529,8.789877695856529,hifld_spatial,1,BALTIMORE GAS AND ELECTRIC CO,INVESTOR-OWNED,99.6116649084642
24011,Caroline,MD,11.935477131465776,11.935477131465776,hifld_spatial,1,CHESAPEAKE UTILITIES CORPORATION,INVESTOR-OWNED,98.74420300099966
24013,Carroll,MD,8.789878700229979,8.789878700229979,hifld_spatial,2,BALTIMORE GAS AND ELECTRIC CO,INVESTOR-OWNED,99.96754796582216
24015,Cecil,MD,8.882451423398539,8.882451423398539,hifld_spatial,4,BALTIMORE GAS AND ELECTRIC CO,INVESTOR-OWNED,38.28961903186558
24017,Charles,MD,13.32079027428054,13.32079027428054,state_avg_ldc_no_price,2,WASHINGTON GAS,INVESTOR-OWNED,97.81386447252932
24019,Dorchester,MD,11.93547713146578,11.93547713146578,hifld_spatial,1,CHESAPEAKE UTILITIES CORPORATION,INVESTOR-OWNED,96.94013164617986
24021,Frederick,MD,8.814914499078307,8.814914499078307,hifld_spatial,3,BALTIMORE GAS AND ELECTRIC CO,INVESTOR-OWNED,56.90173887814432
24023,Garrett,MD,9.81028646307348,9.81028646307348,hifld_spatial,2,COLUMBIA GAS OF WASHINGTON/MARYLAND,INVESTOR-OWNED,99.9215939568488
24025,Harford,MD,8.789878170696479,8.789878170696479,hifld_spatial,2,BALTIMORE GAS AND ELECTRIC CO,INVESTOR-OWNED,98.5879003257484
24027,Howard,MD,8.789877695856529,8.789877695856529,hifld_spatial,1,BALTIMORE GAS AND ELECTRIC CO,INVESTOR-OWNED,99.97486509889868
24029,Kent,MD,13.32079027428054,13.32079027428054,state_avg_no_coverage,0,,,0.0
24031,Montgomery,MD,8.789877695856529,8.789877695856529,hifld_spatial,1,BALTIMORE GAS AND ELECTRIC CO,INVESTOR-OWNED,99.91756496642128
24033,Prince George's,MD,8.789877695856529,8.789877695856529,hifld_spatial,1,BALTIMORE GAS AND ELECTRIC CO,INVESTOR-OWNED,98.6697066574746
24035,Queen Anne's,MD,13.32079027428054,13.32079027428054,state_avg_ldc_no_price,1,CHESAPEAKE UTILITIES CORPORATION,INVESTOR-OWNED,0.8441005124312624
24037,St. Mary's,MD,13.32079027428054,13.32079027428054,state_avg_ldc_no_price,1,WASHINGTON GAS,INVESTOR-OWNED,99.72336453425062
24039,Somerset,MD,13.32079027428054,13.32079027428054,state_avg_outlier_filter,1,SAND-PIPER ENERGY,INVESTOR-OWNED,2.6765566596008386
24041,Talbot,MD,13.32079027428054,13.32079027428054,state_avg_ldc_no_price,2,CHESAPEAKE UTILITIES CORPORATION,INVESTOR-OWNED,9.194220938382438
24043,Washington,MD,9.810361686062144,9.810361686062144,hifld_spatial,2,COLUMBIA GAS OF WASHINGTON/MARYLAND,INVESTOR-OWNED,101.05046003972252
24045,Wicomico,MD,13.32079027428054,13.32079027428054,state_avg_outlier_filter,2,SAND-PIPER ENERGY,INVESTOR-OWNED,98.62343612397332
24047,Worcester,MD,13.32079027428054,13.32079027428054,state_avg_outlier_filter,2,SAND-PIPER ENERGY,INVESTOR-OWNED,98.99679093895024
24510,Baltimore,MD,8.789877695856529,8.789877695856529,hifld_spatial,1,BALTIMORE GAS AND ELECTRIC CO,INVESTOR-OWNED,99.99973162735915
25001,Barnstable,MA,12.42453063902375,12.42453063902375,hifld_spatial,1,NATIONAL GRID,INVESTOR-OWNED,83.7954296994702
25003,Berkshire,MA,9.446113181499983,9.446113181499983,hifld_spatial,2,BERKSHIRE GAS CO,INVESTOR-OWNED,36.39716262292979
25005,Bristol,MA,12.022168516016803,12.022168516016803,hifld_spatial,5,COLUMBIA GAS OF MASSACHUSETTS,INVESTOR-OWNED,98.97172658713664
25007,Dukes,MA,12.42453063902375,12.42453063902375,hifld_spatial,1,NATIONAL GRID,INVESTOR-OWNED,0.0121287817770035
25009,Essex,MA,12.366775369933135,12.366775369933135,hifld_spatial,2,NATIONAL GRID,INVESTOR-OWNED,95.98804826206124
25011,Franklin,MA,9.446898771931904,9.446898771931904,hifld_spatial,2,BERKSHIRE GAS CO,INVESTOR-OWNED,10.864478843722944
25013,Hampden,MA,11.942008675283182,11.942008675283182,hifld_spatial,6,COLUMBIA GAS OF MASSACHUSETTS,INVESTOR-OWNED,58.61959448724197
25015,Hampshire,MA,11.180606461547493,11.180606461547493,hifld_spatial,3,COLUMBIA GAS OF MASSACHUSETTS,INVESTOR-OWNED,43.39482016585994
25017,Middlesex,MA,11.81387594365353,11.81387594365353,hifld_spatial,4,NATIONAL GRID,INVESTOR-OWNED,101.83180027392694
25019,Nantucket,MA,13.278826810930678,13.278826810930678,state_avg_no_coverage,0,,,0.0
25021,Norfolk,MA,11.743001169305346,11.743001169305346,hifld_spatial,5,COLUMBIA GAS OF MASSACHUSETTS,INVESTOR-OWNED,100.05725810448229
25023,Plymouth,MA,11.746985285271297,11.746985285271297,hifld_spatial,3,NATIONAL GRID,INVESTOR-OWNED,99.11163890473846
25025,Suffolk,MA,12.34875624436613,12.34875624436613,hifld_spatial,2,NATIONAL GRID,INVESTOR-OWNED,102.68704506432177
25027,Worcester,MA,10.972585487972616,10.972585487972616,hifld_spatial,5,NSTAR GAS COMPANY,INVESTOR-OWNED,35.293785248621305
26001,Alcona,MI,11.293477742713588,11.293477742713588,hifld_spatial,1,DTE GAS COMPANY,INVESTOR-OWNED,59.144915778660845
26003,Alger,MI,11.29247631898155,11.29247631898155,hifld_spatial,2,DTE GAS COMPANY,INVESTOR-OWNED,69.55660381103593
26005,Allegan,MI,7.420803332758623,7.420803332758623,hifld_spatial,3,MICHIGAN GAS UTILITIES COMPANY,INVESTOR-OWNED,85.17776182272641
26007,Alpena,MI,10.157903095819073,10.157903095819073,hifld_spatial,2,DTE GAS COMPANY,INVESTOR-OWNED,71.24567867882928
26009,Antrim,MI,11.293477742713588,11.293477742713588,hifld_spatial,1,DTE GAS COMPANY,INVESTOR-OWNED,81.50309099123056
26011,Arenac,MI,7.67658144494159,7.67658144494159,hifld_spatial,1,CONSUMERS ENERGY COMPANY,INVESTOR-OWNED,52.58609173644457
26013,Baraga,MI,11.293477742713588,11.293477742713588,hifld_spatial,1,DTE GAS COMPANY,INVESTOR-OWNED,2.9339480242432217
26015,Barry,MI,7.676484829355468,7.676484829355468,hifld_spatial,2,CONSUMERS ENERGY COMPANY,INVESTOR-OWNED,81.08480437972943
26017,Bay,MI,7.67658144494159,7.67658144494159,hifld_spatial,1,CONSUMERS ENERGY COMPANY,INVESTOR-OWNED,90.89594390886457
26019,Benzie,MI,11.293477742713588,11.293477742713588,hifld_spatial,1,DTE GAS COMPANY,INVESTOR-OWNED,35.24794971259147
26021,Berrien,MI,8.78273916802116,8.78273916802116,hifld_spatial,4,MICHIGAN GAS UTILITIES COMPANY,INVESTOR-OWNED,96.84438310740892
26023,Branch,MI,7.245076851413335,7.245076851413335,hifld_spatial,3,MICHIGAN GAS UTILITIES COMPANY,INVESTOR-OWNED,80.80453549045596
26025,Calhoun,MI,7.480706031862654,7.480706031862654,hifld_spatial,2,CONSUMERS ENERGY COMPANY,INVESTOR-OWNED,40.28809272546639
26027,Cass,MI,10.985685214268576,10.985685214268576,hifld_spatial,4,DTE GAS COMPANY,INVESTOR-OWNED,89.57040424373444
26029,Charlevoix,MI,11.29347774271359,11.29347774271359,hifld_spatial,1,DTE GAS COMPANY,INVESTOR-OWNED,74.49584750851301
26031,Cheboygan,MI,10.46768018163976,10.46768018163976,hifld_spatial,2,DTE GAS COMPANY,INVESTOR-OWNED,83.8141772257987
26033,Chippewa,MI,11.292123017111413,11.292123017111413,hifld_spatial,2,DTE GAS COMPANY,INVESTOR-OWNED,25.042773978162483
26035,Clare,MI,10.77880290235922,10.77880290235922,hifld_spatial,2,DTE GAS COMPANY,INVESTOR-OWNED,44.92379711608989
26037,Clinton,MI,7.846134172745137,7.846134172745137,hifld_spatial,2,CONSUMERS ENERGY COMPANY,INVESTOR-OWNED,91.8412944681877
26039,Crawford,MI,11.293477742713588,11.293477742713588,hifld_spatial,1,DTE GAS COMPANY,INVESTOR-OWNED,84.08771304434343
26041,Delta,MI,11.292745890117624,11.292745890117624,hifld_spatial,2,DTE GAS COMPANY,INVESTOR-OWNED,35.172173323982385
26043,Dickinson,MI,11.261925360198674,11.261925360198674,hifld_spatial,3,DTE GAS COMPANY,INVESTOR-OWNED,53.17073304659168
26045,Eaton,MI,7.67658144494159,7.67658144494159,hifld_spatial,1,CONSUMERS ENERGY COMPANY,INVESTOR-OWNED,93.7086902826566
26047,Emmet,MI,11.293477742713588,11.293477742713588,hifld_spatial,1,DTE GAS COMPANY,INVESTOR-OWNED,62.1479264851659
26049,Genesee,MI,7.67658144494159,7.67658144494159,hifld_spatial,1,CONSUMERS ENERGY COMPANY,INVESTOR-OWNED,100.0
26051,Gladwin,MI,8.110102334590083,8.110102334590083,hifld_spatial,2,CONSUMERS ENERGY COMPANY,INVESTOR-OWNED,82.59225682920984
26053,Gogebic,MI,5.792825479909363,5.792825479909363,hifld_spatial,3,XCEL ENERGY (NORTHERN STATES POWER CO),INVESTOR-OWNED,97.51881094518916
26055,Grand Traverse,MI,11.293477742713588,11.293477742713588,hifld_spatial,1,DTE GAS COMPANY,INVESTOR-OWNED,67.77302499973229
26057,Gratiot,MI,8.763209724128572,8.763209724128572,hifld_spatial,2,CONSUMERS ENERGY COMPANY,INVESTOR-OWNED,90.12901195041914
26059,Hillsdale,MI,7.290138316817633,7.290138316817633,hifld_spatial,2,MICHIGAN GAS UTILITIES COMPANY,INVESTOR-OWNED,64.05672933921352
26061,Houghton,MI,11.267080997448462,11.267080997448462,hifld_spatial,2,DTE GAS COMPANY,INVESTOR-OWNED,2.573495972831075
26063,Huron,MI,7.67658392723104,7.67658392723104,hifld_spatial,2,CONSUMERS ENERGY COMPANY,INVESTOR-OWNED,79.78458212006328
26065,Ingham,MI,7.67658144494159,7.67658144494159,hifld_spatial,1,CONSUMERS ENERGY COMPANY,INVESTOR-OWNED,94.12341281507813
26067,Ionia,MI,7.86703446924262,7.86703446924262,hifld_spatial,2,CONSUMERS ENERGY COMPANY,INVESTOR-OWNED,85.48447707632886
26069,Iosco,MI,11.293477742713588,11.293477742713588,hifld_spatial,1,DTE GAS COMPANY,INVESTOR-OWNED,80.85454958238415
26071,Iron,MI,11.292467186844174,11.292467186844174,hifld_spatial,4,DTE GAS COMPANY,INVESTOR-OWNED,71.00132441591558
26073,Isabella,MI,9.40286585587869,9.40286585587869,hifld_spatial,2,CONSUMERS ENERGY COMPANY,INVESTOR-OWNED,83.66172161231812
26075,Jackson,MI,7.676581444941589,7.676581444941589,hifld_spatial,1,CONSUMERS ENERGY COMPANY,INVESTOR-OWNED,68.19668410026884
26077,Kalamazoo,MI,7.807213263764107,7.807213263764107,hifld_spatial,3,CONSUMERS ENERGY COMPANY,INVESTOR-OWNED,103.74449294200808
26079,Kalkaska,MI,11.293477742713588,11.293477742713588,hifld_spatial,1,DTE GAS COMPANY,INVESTOR-OWNED,34.24370124287253
26081,Kent,MI,10.625085625494286,10.625085625494286,hifld_spatial,3,DTE GAS COMPANY,INVESTOR-OWNED,88.42367074250764
26083,Keweenaw,MI,8.497983783136887,8.497983783136887,state_avg_no_coverage,0,,,0.0
26085,Lake,MI,11.293477742713588,11.293477742713588,hifld_spatial,1,DTE GAS COMPANY,INVESTOR-OWNED,34.33223511693416
26087,Lapeer,MI,7.676585548063993,7.676585548063993,hifld_spatial,2,CONSUMERS ENERGY COMPANY,INVESTOR-OWNED,70.23017468414724
26089,Leelanau,MI,8.497983783136887,8.497983783136887,state_avg_no_coverage,0,,,0.0
26091,Lenawee,MI,7.517396777791089,7.517396777791089,hifld_spatial,3,CONSUMERS ENERGY COMPANY,INVESTOR-OWNED,77.35263875480467
26093,Livingston,MI,7.813635305254048,7.813635305254048,hifld_spatial,2,CONSUMERS ENERGY COMPANY,INVESTOR-OWNED,96.9274909336212
26095,Luce,MI,7.738149248439031,7.738149248439031,hifld_spatial,1,SEMCO ENERGY GAS COMPANY,INVESTOR-OWNED,0.0319506895606674
26097,Mackinac,MI,7.738149248439031,7.738149248439031,hifld_spatial,1,SEMCO ENERGY GAS COMPANY,INVESTOR-OWNED,98.70128546575476
26099,Macomb,MI,8.054156076125436,8.054156076125436,hifld_spatial,3,CONSUMERS ENERGY COMPANY,INVESTOR-OWNED,41.090512626034034
26101,Manistee,MI,11.293477742713588,11.293477742713588,hifld_spatial,1,DTE GAS COMPANY,INVESTOR-OWNED,22.14517258425609
26103,Marquette,MI,11.293477742713588,11.293477742713588,hifld_spatial,1,DTE GAS COMPANY,INVESTOR-OWNED,53.51433422196597
26105,Mason,MI,11.293477742713588,11.293477742713588,hifld_spatial,1,DTE GAS COMPANY,INVESTOR-OWNED,52.85261479257152
26107,Mecosta,MI,10.55941279801865,10.55941279801865,hifld_spatial,2,DTE GAS COMPANY,INVESTOR-OWNED,92.21505187565812
26109,Menominee,MI,10.452484899546215,10.452484899546215,hifld_spatial,3,DTE GAS COMPANY,INVESTOR-OWNED,66.35059572649398
26111,Midland,MI,7.67658144494159,7.67658144494159,hifld_spatial,1,CONSUMERS ENERGY COMPANY,INVESTOR-OWNED,72.69206225065298
26113,Missaukee,MI,7.842205595949676,7.842205595949676,hifld_spatial,2,CONSUMERS ENERGY COMPANY,INVESTOR-OWNED,52.41127171342932
26115,Monroe,MI,7.511241859265443,7.511241859265443,hifld_spatial,4,MICHIGAN GAS UTILITIES COMPANY,INVESTOR-OWNED,93.5285828455185
26117,Montcalm,MI,9.168662987387762,9.168662987387762,hifld_spatial,2,CONSUMERS ENERGY COMPANY,INVESTOR-OWNED,93.90906880646908
26119,Montmorency,MI,7.657852324956725,7.657852324956725,hifld_spatial,1,PRESQUE ISLE ELECTRIC & GAS COOP,COOPERATIVE,87.38453037278984
26121,Muskegon,MI,11.292924414962147,11.292924414962147,hifld_spatial,2,DTE GAS COMPANY,INVESTOR-OWNED,88.71632988807853
26123,Newaygo,MI,11.293477742713588,11.293477742713588,hifld_spatial,1,DTE GAS COMPANY,INVESTOR-OWNED,63.77639299999375
26125,Oakland,MI,7.915085759531833,7.915085759531833,hifld_spatial,2,CONSUMERS ENERGY COMPANY,INVESTOR-OWNED,101.71327518087983
26127,Oceana,MI,11.293477742713588,11.293477742713588,hifld_spatial,1,DTE GAS COMPANY,INVESTOR-OWNED,45.22986844173597
26129,Ogemaw,MI,11.293297107297487,11.293297107297487,hifld_spatial,2,DTE GAS COMPANY,INVESTOR-OWNED,56.46688592558051
26131,Ontonagon,MI,7.507102513023446,7.507102513023446,hifld_spatial,2,SEMCO ENERGY GAS COMPANY,INVESTOR-OWNED,113.40325063831446
26133,Osceola,MI,10.947106236119556,10.947106236119556,hifld_spatial,2,DTE GAS COMPANY,INVESTOR-OWNED,67.43845264865186
26135,Oscoda,MI,11.29307058147614,11.29307058147614,hifld_spatial,2,DTE GAS COMPANY,INVESTOR-OWNED,52.13684066428714
26137,Otsego,MI,11.082567720692396,11.082567720692396,hifld_spatial,2,DTE GAS COMPANY,INVESTOR-OWNED,61.38286762379516
26139,Ottawa,MI,10.04504807860502,10.04504807860502,hifld_spatial,2,DTE GAS COMPANY,INVESTOR-OWNED,100.72191862873105
26141,Presque Isle,MI,9.271988822178498,9.271988822178498,hifld_spatial,2,PRESQUE ISLE ELECTRIC & GAS COOP,COOPERATIVE,87.06483453054533
26143,Roscommon,MI,11.293477742713588,11.293477742713588,hifld_spatial,1,DTE GAS COMPANY,INVESTOR-OWNED,94.93754835356296
26145,Saginaw,MI,7.67658144494159,7.67658144494159,hifld_spatial,1,CONSUMERS ENERGY COMPANY,INVESTOR-OWNED,82.23910637309082
26147,St. Clair,MI,7.735182861220264,7.735182861220264,hifld_spatial,2,SEMCO ENERGY GAS COMPANY,INVESTOR-OWNED,101.99450576307149
26149,St. Joseph,MI,9.28105837335408,9.28105837335408,hifld_spatial,4,DTE GAS COMPANY,INVESTOR-OWNED,96.4051460849755
26151,Sanilac,MI,7.733436794789117,7.733436794789117,hifld_spatial,2,SEMCO ENERGY GAS COMPANY,INVESTOR-OWNED,108.22480635118018
26153,Schoolcraft,MI,7.742758636428952,7.742758636428952,hifld_spatial,2,SEMCO ENERGY GAS COMPANY,INVESTOR-OWNED,100.03117216676009
26155,Shiawassee,MI,7.67658144494159,7.67658144494159,hifld_spatial,1,CONSUMERS ENERGY COMPANY,INVESTOR-OWNED,95.35321005622482
26157,Tuscola,MI,7.676582272015277,7.676582272015277,hifld_spatial,2,CONSUMERS ENERGY COMPANY,INVESTOR-OWNED,68.23274872081087
26159,Van Buren,MI,7.862423658667337,7.862423658667337,hifld_spatial,3,CONSUMERS ENERGY COMPANY,INVESTOR-OWNED,103.44616902624873
26161,Washtenaw,MI,10.062821331580526,10.062821331580526,hifld_spatial,3,DTE GAS COMPANY,INVESTOR-OWNED,87.5969456876618
26163,Wayne,MI,10.648088460197489,10.648088460197489,hifld_spatial,2,DTE GAS COMPANY,INVESTOR-OWNED,96.17704799420532
26165,Wexford,MI,11.293191722815225,11.293191722815225,hifld_spatial,2,DTE GAS COMPANY,INVESTOR-OWNED,30.461103539819
27001,Aitkin,MN,2.819484401870811,2.819484401870811,hifld_spatial,1,NORTHWEST GAS OF CASS COUNTY,PRIVATE,0.002233757930759
27003,Anoka,MN,6.935425203679007,6.935425203679007,hifld_spatial,2,CENTERPOINT ENERGY,INVESTOR-OWNED,93.1725945635561
27005,Becker,MN,5.998737304505442,5.998737304505442,hifld_spatial,1,MINNESOTA ENERGY RESOURCES,INVESTOR-OWNED,18.58500085084306
27007,Beltrami,MN,5.997186513820082,5.997186513820082,hifld_spatial,2,MINNESOTA ENERGY RESOURCES,INVESTOR-OWNED,3.0444950463397635
27009,Benton,MN,6.553138295513736,6.553138295513736,hifld_spatial,2,NORTHERN STATES POWER CO,INVESTOR-OWNED,46.105544809768205
27011,Big Stone,MN,6.745817343699976,6.745817343699976,hifld_spatial,1,NORTHWESTERN ENERGY,INVESTOR-OWNED,0.0001120251502272
27013,Blue Earth,MN,7.197511320118664,7.197511320118664,hifld_spatial,3,CENTERPOINT ENERGY,INVESTOR-OWNED,111.93400737885604
27015,Brown,MN,6.946794606281252,6.946794606281252,hifld_spatial,3,CENTERPOINT ENERGY,INVESTOR-OWNED,78.23132824248471
27017,Carlton,MN,6.182024360782427,6.182024360782427,state_avg_no_coverage,0,,,0.0
27019,Carver,MN,6.937113860100522,6.937113860100522,hifld_spatial,2,CENTERPOINT ENERGY,INVESTOR-OWNED,100.04321423676728
27021,Cass,MN,2.8197978344653505,2.8197978344653505,hifld_spatial,2,NORTHWEST GAS OF CASS COUNTY,PRIVATE,99.95393158470682
27023,Chippewa,MN,5.782307555809564,5.782307555809564,hifld_spatial,1,GREAT PLAINS NATURAL GAS,INVESTOR-OWNED,24.007729769162243
27025,Chisago,MN,6.591680492758688,6.591680492758688,hifld_spatial,4,NORTHERN STATES POWER CO,INVESTOR-OWNED,83.92661797393036
27027,Clay,MN,6.52267225591458,6.52267225591458,hifld_spatial,2,NORTHERN STATES POWER CO,INVESTOR-OWNED,46.24702783049254
27029,Clearwater,MN,6.920956667433226,6.920956667433226,hifld_spatial,1,"CLEARBROOK MUNICIPAL GAS, CITY OF",MUNICIPAL,0.4454876884328755
27031,Cook,MN,6.182024360782427,6.182024360782427,state_avg_no_coverage,0,,,0.0
27033,Cottonwood,MN,5.998737304505442,5.998737304505442,hifld_spatial,1,MINNESOTA ENERGY RESOURCES,INVESTOR-OWNED,27.644683617382533
27035,Crow Wing,MN,6.928762487887385,6.928762487887385,hifld_spatial,2,CENTERPOINT ENERGY,INVESTOR-OWNED,19.765069669375425
27037,Dakota,MN,6.399745658721799,6.399745658721799,hifld_spatial,4,MINNESOTA ENERGY RESOURCES,INVESTOR-OWNED,115.84930254864884
27039,Dodge,MN,6.330756346082032,6.330756346082032,hifld_spatial,3,MINNESOTA ENERGY RESOURCES,INVESTOR-OWNED,101.90790165706622
27041,Douglas,MN,6.936051416935049,6.936051416935049,hifld_spatial,1,CENTERPOINT ENERGY,INVESTOR-OWNED,31.68158999562532
27043,Faribault,MN,6.35409057183331,6.35409057183331,hifld_spatial,4,MINNESOTA ENERGY RESOURCES,INVESTOR-OWNED,41.68589958837222
27045,Fillmore,MN,5.999460186629931,5.999460186629931,hifld_spatial,2,MINNESOTA ENERGY RESOURCES,INVESTOR-OWNED,99.90051941721184
27047,Freeborn,MN,6.133092635545618,6.133092635545618,hifld_spatial,3,INTERSTATE PWR&LIGHT CO (ALLIANT ENERGY),INVESTOR-OWNED,99.63822328426738
27049,Goodhue,MN,6.34774900137793,6.34774900137793,hifld_spatial,6,NORTHERN STATES POWER CO,INVESTOR-OWNED,161.50855242926866
27051,Grant,MN,6.182024360782427,6.182024360782427,state_avg_no_coverage,0,,,0.0
27053,Hennepin,MN,6.936051416935049,6.936051416935049,hifld_spatial,1,CENTERPOINT ENERGY,INVESTOR-OWNED,99.68460902045273
27055,Houston,MN,6.005185875502768,6.005185875502768,hifld_spatial,2,MINNESOTA ENERGY RESOURCES,INVESTOR-OWNED,99.89734653465058
27057,Hubbard,MN,2.819484401870811,2.819484401870811,hifld_spatial,1,NORTHWEST GAS OF CASS COUNTY,PRIVATE,0.0109187472933672
27059,Isanti,MN,6.935920532318187,6.935920532318187,hifld_spatial,2,CENTERPOINT ENERGY,INVESTOR-OWNED,82.25834312943276
27061,Itasca,MN,8.17694086116347,8.17694086116347,hifld_spatial,2,"COHASSET, CITY OF",MUNICIPAL,1.2487442954075256
27063,Jackson,MN,5.998737311019845,5.998737311019845,hifld_spatial,2,MINNESOTA ENERGY RESOURCES,INVESTOR-OWNED,31.076588536950023
27065,Kanabec,MN,6.685032290744531,6.685032290744531,hifld_spatial,2,CENTERPOINT ENERGY,INVESTOR-OWNED,27.256413972332197
27067,Kandiyohi,MN,6.936051416935049,6.936051416935049,hifld_spatial,1,CENTERPOINT ENERGY,INVESTOR-OWNED,89.34078975783602
27069,Kittson,MN,6.182024360782427,6.182024360782427,state_avg_ldc_no_price,1,"HALLOCK, CITY OF",MUNICIPAL,0.1431495993817173
27071,Koochiching,MN,6.182024360782427,6.182024360782427,state_avg_no_coverage,0,,,0.0
27073,Lac qui Parle,MN,5.824556958398123,5.824556958398123,hifld_spatial,2,GREAT PLAINS NATURAL GAS,INVESTOR-OWNED,35.61104916440436
27075,Lake,MN,7.037972892970719,7.037972892970719,hifld_spatial,1,"TWO HARBORS, CITY OF",MUNICIPAL,0.1083794648549766
27077,Lake of the Woods,MN,6.182024360782427,6.182024360782427,state_avg_no_coverage,0,,,0.0
27079,Le Sueur,MN,7.660366866319833,7.660366866319833,hifld_spatial,2,CENTERPOINT ENERGY,INVESTOR-OWNED,141.74016834653207
27081,Lincoln,MN,6.182024360782427,6.182024360782427,state_avg_ldc_no_price,1,"TYLER, CITY OF",MUNICIPAL,0.1354367627073594
27083,Lyon,MN,5.8849676260655714,5.8849676260655714,hifld_spatial,3,GREAT PLAINS NATURAL GAS,INVESTOR-OWNED,63.21732197056805
27085,McLeod,MN,6.945968261271059,6.945968261271059,hifld_spatial,2,CENTERPOINT ENERGY,INVESTOR-OWNED,102.99896566470498
27087,Mahnomen,MN,6.182024360782427,6.182024360782427,state_avg_no_coverage,0,,,0.0
27089,Marshall,MN,5.253304560282638,5.253304560282638,hifld_spatial,2,"ARGYLE, CITY OF",MUNICIPAL,0.1968544252006592
27091,Martin,MN,6.031932132071726,6.031932132071726,hifld_spatial,2,MINNESOTA ENERGY RESOURCES,INVESTOR-OWNED,56.95326820444856
27093,Meeker,MN,6.936051416935049,6.936051416935049,hifld_spatial,1,CENTERPOINT ENERGY,INVESTOR-OWNED,99.99999999999996
27095,Mille Lacs,MN,6.91546022013857,6.91546022013857,hifld_spatial,2,CENTERPOINT ENERGY,INVESTOR-OWNED,26.200705830967912
27097,Morrison,MN,6.937631799174131,6.937631799174131,hifld_spatial,4,CENTERPOINT ENERGY,INVESTOR-OWNED,57.930026082272896
27099,Mower,MN,6.09498365148909,6.09498365148909,hifld_spatial,4,MINNESOTA ENERGY RESOURCES,INVESTOR-OWNED,101.40593744236378
27101,Murray,MN,9.665227363056433,9.665227363056433,hifld_spatial,2,NORTHWEST NATURAL GAS (MURRAY COUNTY),INVESTOR-OWNED,102.5974239286776
27103,Nicollet,MN,6.9625968212622,6.9625968212622,hifld_spatial,3,CENTERPOINT ENERGY,INVESTOR-OWNED,101.3289993460282
27105,Nobles,MN,6.019785733942546,6.019785733942546,hifld_spatial,2,MINNESOTA ENERGY RESOURCES,INVESTOR-OWNED,16.324060536515695
27107,Norman,MN,6.357208907647627,6.357208907647627,hifld_spatial,3,NORTHERN STATES POWER CO,INVESTOR-OWNED,26.832212067412645
27109,Olmsted,MN,5.998737304505442,5.998737304505442,hifld_spatial,1,MINNESOTA ENERGY RESOURCES,INVESTOR-OWNED,100.00000000000004
27111,Otter Tail,MN,5.78249886048641,5.78249886048641,hifld_spatial,2,GREAT PLAINS NATURAL GAS,INVESTOR-OWNED,11.80328136727643
27113,Pennington,MN,6.182024360782427,6.182024360782427,state_avg_no_coverage,0,,,0.0
27115,Pine,MN,6.054358450387529,6.054358450387529,hifld_spatial,3,MINNESOTA ENERGY RESOURCES,INVESTOR-OWNED,57.013512333610514
27117,Pipestone,MN,7.001538945842572,7.001538945842572,hifld_spatial,3,CENTERPOINT ENERGY,INVESTOR-OWNED,14.47684693439074
27119,Polk,MN,6.075029734293578,6.075029734293578,hifld_spatial,4,GREAT PLAINS NATURAL GAS,INVESTOR-OWNED,10.007083536543732
27121,Pope,MN,6.936051416935049,6.936051416935049,hifld_spatial,1,CENTERPOINT ENERGY,INVESTOR-OWNED,99.99827996794696
27123,Ramsey,MN,6.633937636576052,6.633937636576052,hifld_spatial,2,NORTHERN STATES POWER CO,INVESTOR-OWNED,99.90503212303186
27125,Red Lake,MN,6.182024360782427,6.182024360782427,state_avg_no_coverage,0,,,0.0
27127,Redwood,MN,5.975725391190105,5.975725391190105,hifld_spatial,4,GREAT PLAINS NATURAL GAS,INVESTOR-OWNED,79.89870750906204
27129,Renville,MN,6.504595829181327,6.504595829181327,hifld_spatial,3,CENTERPOINT ENERGY,INVESTOR-OWNED,65.85813559487859
27131,Rice,MN,7.872888772219051,7.872888772219051,hifld_spatial,4,CENTERPOINT ENERGY,INVESTOR-OWNED,208.06442167456865
27133,Rock,MN,6.936552783164522,6.936552783164522,hifld_spatial,2,CENTERPOINT ENERGY,INVESTOR-OWNED,33.58233258436048
27135,Roseau,MN,6.182024360782427,6.182024360782427,state_avg_ldc_no_price,1,WARROAD MUNICIPAL GAS UTILITY,MUNICIPAL,0.1060854712378021
27137,St. Louis,MN,6.779092233220204,6.779092233220204,hifld_spatial,3,MINNESOTA ENERGY RESOURCES,INVESTOR-OWNED,4.283281874862785
27139,Scott,MN,7.626163679252097,7.626163679252097,hifld_spatial,3,CENTERPOINT ENERGY,INVESTOR-OWNED,151.36502968397355
27141,Sherburne,MN,6.936051416935049,6.936051416935049,hifld_spatial,1,CENTERPOINT ENERGY,INVESTOR-OWNED,73.13691200950355
27143,Sibley,MN,6.93605141693505,6.93605141693505,hifld_spatial,1,CENTERPOINT ENERGY,INVESTOR-OWNED,100.00000000000009
27145,Stearns,MN,6.928975944035341,6.928975944035341,hifld_spatial,2,CENTERPOINT ENERGY,INVESTOR-OWNED,95.21681183465472
27147,Steele,MN,6.9159831300977554,6.9159831300977554,hifld_spatial,4,CENTERPOINT ENERGY,INVESTOR-OWNED,114.73393393901068
27149,Stevens,MN,6.936051416935049,6.936051416935049,hifld_spatial,1,CENTERPOINT ENERGY,INVESTOR-OWNED,40.34493110365772
27151,Swift,MN,6.772006921689648,6.772006921689648,hifld_spatial,2,CENTERPOINT ENERGY,INVESTOR-OWNED,30.33153450584444
27153,Todd,MN,6.9358454021842,6.9358454021842,hifld_spatial,2,CENTERPOINT ENERGY,INVESTOR-OWNED,53.59153079935727
27155,Traverse,MN,6.182024360782427,6.182024360782427,state_avg_no_coverage,0,,,0.0
27157,Wabasha,MN,6.284390124806695,6.284390124806695,hifld_spatial,2,NORTHERN STATES POWER CO,INVESTOR-OWNED,113.90222385052212
27159,Wadena,MN,2.819484401870811,2.819484401870811,hifld_spatial,1,NORTHWEST GAS OF CASS COUNTY,PRIVATE,0.0172968327886236
27161,Waseca,MN,6.852039787871592,6.852039787871592,hifld_spatial,3,CENTERPOINT ENERGY,INVESTOR-OWNED,100.03980643356545
27163,Washington,MN,6.5976317333459775,6.5976317333459775,hifld_spatial,5,NORTHERN STATES POWER CO,INVESTOR-OWNED,99.5038640271366
27165,Watonwan,MN,6.936051416935049,6.936051416935049,hifld_spatial,1,CENTERPOINT ENERGY,INVESTOR-OWNED,13.287913919877145
27167,Wilkin,MN,5.782307555809564,5.782307555809564,hifld_spatial,1,GREAT PLAINS NATURAL GAS,INVESTOR-OWNED,14.947646260299734
27169,Winona,MN,6.206002377970852,6.206002377970852,hifld_spatial,3,MINNESOTA ENERGY RESOURCES,INVESTOR-OWNED,105.75561392743175
27171,Wright,MN,6.936051416935049,6.936051416935049,hifld_spatial,1,CENTERPOINT ENERGY,INVESTOR-OWNED,99.99406673604446
27173,Yellow Medicine,MN,5.785208847696874,5.785208847696874,hifld_spatial,2,GREAT PLAINS NATURAL GAS,INVESTOR-OWNED,70.04992551840809
28001,Adams,MS,11.66088124635012,11.66088124635012,hifld_spatial,3,ATMOS ENERGY CORPORATION,INVESTOR-OWNED,110.98856624595058
28003,Alcorn,MS,8.742937668602952,8.742937668602952,hifld_spatial,2,CORINTH GAS & WATER DEPT,MUNICIPAL,4.2941676073957735
28005,Amite,MS,14.477022009214112,14.477022009214112,hifld_spatial,2,"LIBERTY, TOWN OF",MUNICIPAL,0.539157592126043
28007,Attala,MS,5.851675851611037,5.851675851611037,hifld_spatial,1,ATMOS ENERGY CORPORATION,INVESTOR-OWNED,99.99999999999991
28009,Benton,MS,5.561517264339975,5.561517264339975,state_avg_ldc_no_price,1,"ASHLAND, TOWN OF",MUNICIPAL,0.4468126980982654
28011,Bolivar,MS,5.8549754225024255,5.8549754225024255,hifld_spatial,3,ATMOS ENERGY CORPORATION,INVESTOR-OWNED,100.18918426215636
28013,Calhoun,MS,5.851675851611037,5.851675851611037,hifld_spatial,1,ATMOS ENERGY CORPORATION,INVESTOR-OWNED,99.9916253797057
28015,Carroll,MS,5.851675851611037,5.851675851611037,hifld_spatial,1,ATMOS ENERGY CORPORATION,INVESTOR-OWNED,99.99999999999996
28017,Chickasaw,MS,5.851675851611037,5.851675851611037,hifld_spatial,1,ATMOS ENERGY CORPORATION,INVESTOR-OWNED,100.0
28019,Choctaw,MS,5.851675851611037,5.851675851611037,hifld_spatial,1,ATMOS ENERGY CORPORATION,INVESTOR-OWNED,100.2529165858461
28021,Claiborne,MS,5.851675851611038,5.851675851611038,hifld_spatial,1,ATMOS ENERGY CORPORATION,INVESTOR-OWNED,0.3796117666168273
28023,Clarke,MS,5.878363640279217,5.878363640279217,hifld_spatial,3,ATMOS ENERGY CORPORATION,INVESTOR-OWNED,106.3908045494987
28025,Clay,MS,5.851675851611037,5.851675851611037,hifld_spatial,1,ATMOS ENERGY CORPORATION,INVESTOR-OWNED,100.0
28027,Coahoma,MS,5.854112296544669,5.854112296544669,hifld_spatial,2,ATMOS ENERGY CORPORATION,INVESTOR-OWNED,100.06044175317894
28029,Copiah,MS,6.742608942430024,6.742608942430024,hifld_spatial,2,CENTERPOINT ENERGY,INVESTOR-OWNED,1.6024728501360312
28031,Covington,MS,5.66948169958961,5.66948169958961,hifld_spatial,1,WILLMUT GAS CO,INVESTOR-OWNED,2.0211382569212923
28033,DeSoto,MS,5.855100987672761,5.855100987672761,hifld_spatial,3,ATMOS ENERGY CORPORATION,INVESTOR-OWNED,101.24809503551992
28035,Forrest,MS,5.97077488555353,5.97077488555353,hifld_spatial,2,WILLMUT GAS CO,INVESTOR-OWNED,7.446985280014864
28037,Franklin,MS,5.851675851611037,5.851675851611037,hifld_spatial,1,ATMOS ENERGY CORPORATION,INVESTOR-OWNED,0.6663438781664773
28039,George,MS,5.561517264339975,5.561517264339975,state_avg_ldc_no_price,1,"MISSISSIPPI RIVER GAS, LLC",INVESTOR-OWNED,0.7864210776470454
28041,Greene,MS,8.86472163245176,8.86472163245176,hifld_spatial,2,CENTERPOINT ENERGY,INVESTOR-OWNED,0.3280010177072159
28043,Grenada,MS,5.851675851611037,5.851675851611037,hifld_spatial,1,ATMOS ENERGY CORPORATION,INVESTOR-OWNED,100.08183247929148
28045,Hancock,MS,6.920441024679559,6.920441024679559,hifld_spatial,2,CENTERPOINT ENERGY,INVESTOR-OWNED,3.9078191188442086
28047,Harrison,MS,6.745207904991001,6.745207904991001,hifld_spatial,1,CENTERPOINT ENERGY,INVESTOR-OWNED,10.612280994653668
28049,Hinds,MS,5.8513126754964695,5.8513126754964695,hifld_spatial,3,ATMOS ENERGY CORPORATION,INVESTOR-OWNED,102.16961414346328
28051,Holmes,MS,5.851675851611037,5.851675851611037,hifld_spatial,1,ATMOS ENERGY CORPORATION,INVESTOR-OWNED,100.18545403404596
28053,Humphreys,MS,5.851675851611037,5.851675851611037,hifld_spatial,1,ATMOS ENERGY CORPORATION,INVESTOR-OWNED,100.00000000000016
28055,Issaquena,MS,5.851677797434746,5.851677797434746,hifld_spatial,2,ATMOS ENERGY CORPORATION,INVESTOR-OWNED,100.08465932581188
28057,Itawamba,MS,13.79820839655147,13.79820839655147,hifld_spatial,3,NORTHEAST MS NATURAL GAS DISTRICT,OTHER,37.85666200582947
28059,Jackson,MS,7.3884212069850355,7.3884212069850355,hifld_spatial,4,CENTERPOINT ENERGY,INVESTOR-OWNED,13.189190734506443
28061,Jasper,MS,7.432500088235899,7.432500088235899,hifld_spatial,3,"BAY SPRINGS, TOWN OF",MUNICIPAL,1.8197211118303624
28063,Jefferson,MS,5.851675851611037,5.851675851611037,hifld_spatial,1,ATMOS ENERGY CORPORATION,INVESTOR-OWNED,0.2441017395107751
28065,Jefferson Davis,MS,6.745207904991002,6.745207904991002,hifld_spatial,1,CENTERPOINT ENERGY,INVESTOR-OWNED,0.721268013772233
28067,Jones,MS,6.036587745645869,6.036587745645869,hifld_spatial,2,CENTERPOINT ENERGY,INVESTOR-OWNED,6.287472379443956
28069,Kemper,MS,5.851675851611037,5.851675851611037,hifld_spatial,1,ATMOS ENERGY CORPORATION,INVESTOR-OWNED,99.98156527825152
28071,Lafayette,MS,6.7326097742069,6.7326097742069,hifld_spatial,2,CENTERPOINT ENERGY,INVESTOR-OWNED,2.0583513326298037
28073,Lamar,MS,6.635862739028636,6.635862739028636,hifld_spatial,2,CENTERPOINT ENERGY,INVESTOR-OWNED,2.0214138528155985
28075,Lauderdale,MS,5.851675851611038,5.851675851611038,hifld_spatial,1,ATMOS ENERGY CORPORATION,INVESTOR-OWNED,99.99571455201529
28077,Lawrence,MS,6.745207904991,6.745207904991,hifld_spatial,1,CENTERPOINT ENERGY,INVESTOR-OWNED,1.1548683503984425
28079,Leake,MS,5.851675851611037,5.851675851611037,hifld_spatial,1,ATMOS ENERGY CORPORATION,INVESTOR-OWNED,100.127745667049
28081,Lee,MS,7.573620970313003,7.573620970313003,hifld_spatial,4,ATMOS ENERGY CORPORATION,INVESTOR-OWNED,127.85477784039452
28083,Leflore,MS,5.851675851611037,5.851675851611037,hifld_spatial,1,ATMOS ENERGY CORPORATION,INVESTOR-OWNED,99.9638282172389
28085,Lincoln,MS,6.2692092797226895,6.2692092797226895,hifld_spatial,2,MISSISSIPPI GAS CORP,PRIVATE,9.132105027881272
28087,Lowndes,MS,5.851675851611037,5.851675851611037,hifld_spatial,1,ATMOS ENERGY CORPORATION,INVESTOR-OWNED,127.11324542595403
28089,Madison,MS,5.888572063300915,5.888572063300915,hifld_spatial,3,ATMOS ENERGY CORPORATION,INVESTOR-OWNED,104.14502365663957
28091,Marion,MS,6.746282000052395,6.746282000052395,hifld_spatial,2,CENTERPOINT ENERGY,INVESTOR-OWNED,1.0688272646765742
28093,Marshall,MS,10.51033138100607,10.51033138100607,hifld_spatial,3,"HOLLY SPRINGS, CITY OF",MUNICIPAL,1.888671980941428
28095,Monroe,MS,5.860803910296927,5.860803910296927,hifld_spatial,2,ATMOS ENERGY CORPORATION,INVESTOR-OWNED,101.61935830495592
28097,Montgomery,MS,5.853299434464486,5.853299434464486,hifld_spatial,2,ATMOS ENERGY CORPORATION,INVESTOR-OWNED,100.7950070369667
28099,Neshoba,MS,6.734000105193965,6.734000105193965,hifld_spatial,2,CENTERPOINT ENERGY,INVESTOR-OWNED,1.2594759086126273
28101,Newton,MS,6.737407984747074,6.737407984747074,hifld_spatial,2,CENTERPOINT ENERGY,INVESTOR-OWNED,1.4868987041694504
28103,Noxubee,MS,5.851675851611037,5.851675851611037,hifld_spatial,1,ATMOS ENERGY CORPORATION,INVESTOR-OWNED,0.190767662072827
28105,Oktibbeha,MS,5.851675851611037,5.851675851611037,hifld_spatial,1,ATMOS ENERGY CORPORATION,INVESTOR-OWNED,99.99999147447592
28107,Panola,MS,5.8832016978534165,5.8832016978534165,hifld_spatial,3,ATMOS ENERGY CORPORATION,INVESTOR-OWNED,102.1165444328464
28109,Pearl River,MS,7.413243762846385,7.413243762846385,hifld_spatial,3,"PICAYUNE, CITY OF",MUNICIPAL,2.8177915531994278
28111,Perry,MS,10.915549248828532,10.915549248828532,hifld_spatial,2,"BEAUMONT, TOWN OF",MUNICIPAL,0.7062790129593575
28113,Pike,MS,6.745207904991001,6.745207904991001,hifld_spatial,1,CENTERPOINT ENERGY,INVESTOR-OWNED,5.972166935561697
28115,Pontotoc,MS,5.861144085575725,5.861144085575725,hifld_spatial,2,ATMOS ENERGY CORPORATION,INVESTOR-OWNED,101.90170813370187
28117,Prentiss,MS,11.718236900513425,11.718236900513425,hifld_spatial,4,BOONEVILLE MUN. GAS SYSTEM,MUNICIPAL,7.60377164295918
28119,Quitman,MS,5.855647625803562,5.855647625803562,hifld_spatial,2,ATMOS ENERGY CORPORATION,INVESTOR-OWNED,100.5528183442514
28121,Rankin,MS,5.898041162477016,5.898041162477016,hifld_spatial,3,ATMOS ENERGY CORPORATION,INVESTOR-OWNED,106.46112787968534
28123,Scott,MS,6.739443392012723,6.739443392012723,hifld_spatial,2,CENTERPOINT ENERGY,INVESTOR-OWNED,2.3326357419650963
28125,Sharkey,MS,5.851675851611037,5.851675851611037,hifld_spatial,1,ATMOS ENERGY CORPORATION,INVESTOR-OWNED,100.00000000000011
28127,Simpson,MS,5.669964297376537,5.669964297376537,hifld_spatial,2,WILLMUT GAS CO,INVESTOR-OWNED,2.1944225275084466
28129,Smith,MS,6.743943792756225,6.743943792756225,hifld_spatial,2,CENTERPOINT ENERGY,INVESTOR-OWNED,1.7384197880075891
28131,Stone,MS,6.745207904991001,6.745207904991001,hifld_spatial,1,CENTERPOINT ENERGY,INVESTOR-OWNED,0.9929200329595804
28133,Sunflower,MS,5.8562805456534255,5.8562805456534255,hifld_spatial,2,ATMOS ENERGY CORPORATION,INVESTOR-OWNED,100.5111371163215
28135,Tallahatchie,MS,6.6841028970617735,6.6841028970617735,hifld_spatial,2,CENTERPOINT ENERGY,INVESTOR-OWNED,0.6677711735956737
28137,Tate,MS,5.869384521048311,5.869384521048311,hifld_spatial,2,ATMOS ENERGY CORPORATION,INVESTOR-OWNED,100.95339041767832
28139,Tippah,MS,4.16826347792727,4.16826347792727,hifld_spatial,2,"RIPLEY, CITY OF",MUNICIPAL,2.785486688477901
28141,Tishomingo,MS,9.666942534589593,9.666942534589593,hifld_spatial,1,BURNSVILLE GAS CO,PRIVATE,11.65839038259209
28143,Tunica,MS,5.853738546138934,5.853738546138934,hifld_spatial,2,ATMOS ENERGY CORPORATION,INVESTOR-OWNED,100.0422036348871
28145,Union,MS,7.610783650176775,7.610783650176775,hifld_spatial,2,NEW ALBANY MUN. GAS SYSTEM,MUNICIPAL,2.3576646186534087
28147,Walthall,MS,5.561517264339975,5.561517264339975,state_avg_no_coverage,0,,,0.0
28149,Warren,MS,5.937716639388116,5.937716639388116,hifld_spatial,2,ATMOS ENERGY CORPORATION,INVESTOR-OWNED,102.23926694658252
28151,Washington,MS,5.853551838674545,5.853551838674545,hifld_spatial,2,ATMOS ENERGY CORPORATION,INVESTOR-OWNED,100.1774263196736
28153,Wayne,MS,6.207389170200619,6.207389170200619,hifld_spatial,2,CHICKASAWHAY NATURAL GAS,MUNICIPAL,7.688865059304101
28155,Webster,MS,5.851675851611037,5.851675851611037,hifld_spatial,1,ATMOS ENERGY CORPORATION,INVESTOR-OWNED,100.00000000000011
28157,Wilkinson,MS,5.853550301584674,5.853550301584674,hifld_spatial,2,ATMOS ENERGY CORPORATION,INVESTOR-OWNED,100.4278551920074
28159,Winston,MS,5.851675851611037,5.851675851611037,hifld_spatial,1,ATMOS ENERGY CORPORATION,INVESTOR-OWNED,99.98341269578412
28161,Yalobusha,MS,6.726680887971923,6.726680887971923,hifld_spatial,2,CENTERPOINT ENERGY,INVESTOR-OWNED,39.696785099071775
28163,Yazoo,MS,5.851675851611037,5.851675851611037,hifld_spatial,1,ATMOS ENERGY CORPORATION,INVESTOR-OWNED,99.99999999999996
29001,Adair,MO,7.464171572017197,7.464171572017197,hifld_spatial,2,LIBERTY UTILITIES NATURAL GAS,INVESTOR-OWNED,43.42577867502553
29003,Andrew,MO,8.631783693415638,8.631783693415638,hifld_spatial,1,EMPIRE GAS DISTRICT,INVESTOR-OWNED,99.99129703835656
29005,Atchison,MO,8.622612913653787,8.622612913653787,hifld_spatial,3,EMPIRE GAS DISTRICT,INVESTOR-OWNED,100.65356910776715
29007,Audrain,MO,9.58983379486124,9.58983379486124,state_avg_no_coverage,0,,,0.0
29009,Barry,MO,11.294371188659364,11.294371188659364,hifld_spatial,1,"WHEATON, CITY OF",MUNICIPAL,1.3155946449539908
29011,Barton,MO,7.148401796147779,7.148401796147779,hifld_spatial,2,ATMOS ENERGY CORPORATION,INVESTOR-OWNED,0.1881172936388861
29013,Bates,MO,7.578320732426685,7.578320732426685,hifld_spatial,2,ATMOS ENERGY CORPORATION,INVESTOR-OWNED,0.0691437740802411
29015,Benton,MO,10.67277593795845,10.67277593795845,hifld_spatial,2,SUMMIT NATURAL GAS,INVESTOR-OWNED,0.9173650040804092
29017,Bollinger,MO,7.464915971415395,7.464915971415395,hifld_spatial,2,LIBERTY UTILITIES NATURAL GAS,INVESTOR-OWNED,32.185572321954865
29019,Boone,MO,8.631783693415638,8.631783693415638,hifld_spatial,1,EMPIRE GAS DISTRICT,INVESTOR-OWNED,0.0207673561817619
29021,Buchanan,MO,10.105288144422977,10.105288144422977,hifld_spatial,2,KANSAS GAS SERVICE CO.,INVESTOR-OWNED,1.130515310448905
29023,Butler,MO,7.464184463920786,7.464184463920786,hifld_spatial,2,LIBERTY UTILITIES NATURAL GAS,INVESTOR-OWNED,82.31471295280843
29025,Caldwell,MO,10.683588883849518,10.683588883849518,hifld_spatial,2,SUMMIT NATURAL GAS,INVESTOR-OWNED,11.511328281092329
29027,Callaway,MO,7.54760607083984,7.54760607083984,hifld_spatial,1,"FULTON, CITY OF",MUNICIPAL,1.257454470883774
29029,Camden,MO,10.687700403542689,10.687700403542689,hifld_spatial,1,SUMMIT NATURAL GAS,INVESTOR-OWNED,97.9022837891598
29031,Cape Girardeau,MO,7.46475720252091,7.46475720252091,hifld_spatial,2,LIBERTY UTILITIES NATURAL GAS,INVESTOR-OWNED,10.493916548123003
29033,Carroll,MO,8.631783693415638,8.631783693415638,hifld_spatial,1,EMPIRE GAS DISTRICT,INVESTOR-OWNED,0.0641750557455886
29035,Carter,MO,7.46417155614166,7.46417155614166,hifld_spatial,1,LIBERTY UTILITIES NATURAL GAS,INVESTOR-OWNED,100.00000000000004
29037,Cass,MO,7.498574638404971,7.498574638404971,hifld_spatial,4,LIBERTY UTILITIES NATURAL GAS,INVESTOR-OWNED,45.84410122987198
29039,Cedar,MO,8.631783693415638,8.631783693415638,hifld_spatial,1,EMPIRE GAS DISTRICT,INVESTOR-OWNED,0.0028276776396983
29041,Chariton,MO,8.631783693415638,8.631783693415638,hifld_spatial,1,EMPIRE GAS DISTRICT,INVESTOR-OWNED,99.97557021299924
29043,Christian,MO,10.686027718934357,10.686027718934357,hifld_spatial,2,SUMMIT NATURAL GAS,INVESTOR-OWNED,17.269975582968762
29045,Clark,MO,7.46407525249952,7.46407525249952,hifld_spatial,4,LIBERTY UTILITIES NATURAL GAS,INVESTOR-OWNED,98.03201365632714
29047,Clay,MO,8.43095365329605,8.43095365329605,hifld_spatial,3,ATMOS ENERGY CORPORATION,INVESTOR-OWNED,0.1180799225702419
29049,Clinton,MO,10.60791328371567,10.60791328371567,hifld_spatial,2,SUMMIT NATURAL GAS,INVESTOR-OWNED,0.8762302589260043
29051,Cole,MO,9.58983379486124,9.58983379486124,state_avg_no_coverage,0,,,0.0
29053,Cooper,MO,8.631783693415638,8.631783693415638,hifld_spatial,1,EMPIRE GAS DISTRICT,INVESTOR-OWNED,99.97646328812117
29055,Crawford,MO,8.62381256153878,8.62381256153878,hifld_spatial,1,CUBA GAS DEPARTMENT,MUNICIPAL,0.4064853008377458
29057,Dade,MO,9.58983379486124,9.58983379486124,state_avg_no_coverage,0,,,0.0
29059,Dallas,MO,10.687700403542689,10.687700403542689,hifld_spatial,1,SUMMIT NATURAL GAS,INVESTOR-OWNED,0.8446861184594376
29061,Daviess,MO,10.687536374861784,10.687536374861784,hifld_spatial,2,SUMMIT NATURAL GAS,INVESTOR-OWNED,94.58732729734128
29063,DeKalb,MO,10.68572193049341,10.68572193049341,hifld_spatial,2,SUMMIT NATURAL GAS,INVESTOR-OWNED,6.915811583488467
29065,Dent,MO,10.687700403542689,10.687700403542689,hifld_spatial,1,SUMMIT NATURAL GAS,INVESTOR-OWNED,0.0107018972917166
29067,Douglas,MO,10.687700403542689,10.687700403542689,hifld_spatial,1,SUMMIT NATURAL GAS,INVESTOR-OWNED,99.99977142694809
29069,Dunklin,MO,7.491805901679236,7.491805901679236,hifld_spatial,3,LIBERTY UTILITIES NATURAL GAS,INVESTOR-OWNED,48.55907721542697
29071,Franklin,MO,8.212907433096996,8.212907433096996,hifld_spatial,2,LACLEDE GAS CO,MUNICIPAL,38.76070644561826
29073,Gasconade,MO,9.58983379486124,9.58983379486124,state_avg_ldc_no_price,1,"HERMANN GAS SYSTEM, CITY OF",MUNICIPAL,0.4335253724072647
29075,Gentry,MO,8.66437366825904,8.66437366825904,hifld_spatial,3,ALBANY MUNICIPAL GAS SYSTEM,MUNICIPAL,1.0691891987635649
29077,Greene,MO,8.390372756033559,8.390372756033559,hifld_spatial,2,SPRINGFIELD CITY UTIL,MUNICIPAL,20.126394830562063
29079,Grundy,MO,8.664810542835701,8.664810542835701,hifld_spatial,2,EMPIRE GAS DISTRICT,INVESTOR-OWNED,101.618518395032
29081,Harrison,MO,6.4956246145177925,6.4956246145177925,hifld_spatial,4,"BETHANY, CITY OF",MUNICIPAL,5.296469740169684
29083,Henry,MO,8.631783693415638,8.631783693415638,hifld_spatial,1,EMPIRE GAS DISTRICT,INVESTOR-OWNED,99.97326439998965
29085,Hickory,MO,10.687700403542689,10.687700403542689,hifld_spatial,1,SUMMIT NATURAL GAS,INVESTOR-OWNED,0.7341431817773867
29087,Holt,MO,8.624450488102429,8.624450488102429,hifld_spatial,2,EMPIRE GAS DISTRICT,INVESTOR-OWNED,100.5273470831668
29089,Howard,MO,8.631783693415638,8.631783693415638,hifld_spatial,1,EMPIRE GAS DISTRICT,INVESTOR-OWNED,99.9831041726414
29091,Howell,MO,9.36097038600932,9.36097038600932,hifld_spatial,2,SUMMIT NATURAL GAS,INVESTOR-OWNED,95.9932759544544
29093,Iron,MO,8.216047194992226,8.216047194992226,hifld_spatial,1,LACLEDE GAS CO,MUNICIPAL,24.75710954180197
29095,Jackson,MO,7.501986273541821,7.501986273541821,hifld_spatial,4,LIBERTY UTILITIES NATURAL GAS,INVESTOR-OWNED,49.42974908510268
29097,Jasper,MO,6.817206929346618,6.817206929346618,hifld_spatial,1,ATMOS ENERGY CORPORATION,INVESTOR-OWNED,0.3024706711809033
29099,Jefferson,MO,8.216047194992226,8.216047194992226,hifld_spatial,1,LACLEDE GAS CO,MUNICIPAL,99.9508479370216
29101,Johnson,MO,8.631783693415638,8.631783693415638,hifld_spatial,1,EMPIRE GAS DISTRICT,INVESTOR-OWNED,99.99580349923376
29103,Knox,MO,7.464171556141659,7.464171556141659,hifld_spatial,1,LIBERTY UTILITIES NATURAL GAS,INVESTOR-OWNED,99.898819286502
29105,Laclede,MO,10.687700403542689,10.687700403542689,hifld_spatial,1,SUMMIT NATURAL GAS,INVESTOR-OWNED,95.39791487195662
29107,Lafayette,MO,8.631783693415638,8.631783693415638,hifld_spatial,1,EMPIRE GAS DISTRICT,INVESTOR-OWNED,99.9904618931595
29109,Lawrence,MO,9.58983379486124,9.58983379486124,state_avg_no_coverage,0,,,0.0
29111,Lewis,MO,7.464170223386118,7.464170223386118,hifld_spatial,2,LIBERTY UTILITIES NATURAL GAS,INVESTOR-OWNED,111.03017148499684
29113,Lincoln,MO,7.476770251234729,7.476770251234729,hifld_spatial,2,LIBERTY UTILITIES NATURAL GAS,INVESTOR-OWNED,1.4499425419555294
29115,Linn,MO,8.631783693415638,8.631783693415638,hifld_spatial,1,EMPIRE GAS DISTRICT,INVESTOR-OWNED,99.99248306709964
29117,Livingston,MO,8.631783693415638,8.631783693415638,hifld_spatial,1,EMPIRE GAS DISTRICT,INVESTOR-OWNED,99.98748501935276
29119,McDonald,MO,10.058537473699603,10.058537473699603,hifld_spatial,2,NORTHEAST OKLAHOMA PUBLIC FAC,MUNICIPAL,1.128965945461089
29121,Macon,MO,7.436934509520248,7.436934509520248,hifld_spatial,3,LIBERTY UTILITIES NATURAL GAS,INVESTOR-OWNED,2.065562988175721
29123,Madison,MO,8.216047194992226,8.216047194992226,hifld_spatial,1,LACLEDE GAS CO,MUNICIPAL,99.92923189403486
29125,Maries,MO,9.58983379486124,9.58983379486124,state_avg_no_coverage,0,,,0.0
29127,Marion,MO,7.459995893771934,7.459995893771934,hifld_spatial,3,LIBERTY UTILITIES NATURAL GAS,INVESTOR-OWNED,103.36753607586408
29129,Mercer,MO,5.239734313286289,5.239734313286289,hifld_spatial,3,PRINCETON MUN NAT GAS,MUNICIPAL,0.4494779180314078
29131,Miller,MO,10.687700403542689,10.687700403542689,hifld_spatial,1,SUMMIT NATURAL GAS,INVESTOR-OWNED,10.5384777555651
29133,Mississippi,MO,7.372682748553598,7.372682748553598,hifld_spatial,2,"HICKMAN, CITY OF",MUNICIPAL,1.8039669529769728
29135,Moniteau,MO,8.631783693415638,8.631783693415638,hifld_spatial,1,EMPIRE GAS DISTRICT,INVESTOR-OWNED,0.0144346885113657
29137,Monroe,MO,7.427889680884652,7.427889680884652,hifld_spatial,3,LIBERTY UTILITIES NATURAL GAS,INVESTOR-OWNED,8.226342913843778
29139,Montgomery,MO,10.228532758031282,10.228532758031282,hifld_spatial,2,MONTGOMERY CITY GAS COMPANY,MUNICIPAL,0.8620261520072773
29141,Morgan,MO,10.686414445810811,10.686414445810811,hifld_spatial,2,SUMMIT NATURAL GAS,INVESTOR-OWNED,6.09894876839796
29143,New Madrid,MO,7.464023209456501,7.464023209456501,hifld_spatial,2,LIBERTY UTILITIES NATURAL GAS,INVESTOR-OWNED,65.36910350865243
29145,Newton,MO,7.988982141473429,7.988982141473429,hifld_spatial,2,"GRANBY, CITY OF",MUNICIPAL,8.635035671373906
29147,Nodaway,MO,8.631729287565388,8.631729287565388,hifld_spatial,2,EMPIRE GAS DISTRICT,INVESTOR-OWNED,99.98827097022466
29149,Oregon,MO,7.464171659386727,7.464171659386727,hifld_spatial,2,LIBERTY UTILITIES NATURAL GAS,INVESTOR-OWNED,87.45849955804285
29151,Osage,MO,9.58983379486124,9.58983379486124,state_avg_no_coverage,0,,,0.0
29153,Ozark,MO,10.184603529749896,10.184603529749896,hifld_spatial,2,SUMMIT NATURAL GAS,INVESTOR-OWNED,58.682730050728544
29155,Pemiscot,MO,7.464270445947993,7.464270445947993,hifld_spatial,2,LIBERTY UTILITIES NATURAL GAS,INVESTOR-OWNED,26.11417425415331
29157,Perry,MO,7.775732242192166,7.775732242192166,hifld_spatial,4,"PERRYVILLE, CITY OF",MUNICIPAL,2.6436288850568834
29159,Pettis,MO,8.631783693415638,8.631783693415638,hifld_spatial,1,EMPIRE GAS DISTRICT,INVESTOR-OWNED,99.98974943956212
29161,Phelps,MO,11.12989087214311,11.12989087214311,hifld_spatial,2,SUMMIT NATURAL GAS,INVESTOR-OWNED,0.2290479855474628
29163,Pike,MO,7.459627228327648,7.459627228327648,hifld_spatial,2,LIBERTY UTILITIES NATURAL GAS,INVESTOR-OWNED,51.40145437864079
29165,Platte,MO,8.686581862943783,8.686581862943783,hifld_spatial,3,EMPIRE GAS DISTRICT,INVESTOR-OWNED,103.32424875884824
29167,Polk,MO,9.58983379486124,9.58983379486124,state_avg_no_coverage,0,,,0.0
29169,Pulaski,MO,10.687700403542689,10.687700403542689,hifld_spatial,1,SUMMIT NATURAL GAS,INVESTOR-OWNED,3.294594021644734
29171,Putnam,MO,7.46325635900904,7.46325635900904,hifld_spatial,2,LIBERTY UTILITIES NATURAL GAS,INVESTOR-OWNED,18.19827123600887
29173,Ralls,MO,7.471584774041879,7.471584774041879,hifld_spatial,4,LIBERTY UTILITIES NATURAL GAS,INVESTOR-OWNED,65.00757452301406
29175,Randolph,MO,8.631783693415638,8.631783693415638,hifld_spatial,1,EMPIRE GAS DISTRICT,INVESTOR-OWNED,0.0132596568072166
29177,Ray,MO,8.631783693415638,8.631783693415638,hifld_spatial,1,EMPIRE GAS DISTRICT,INVESTOR-OWNED,99.97106234700637
29179,Reynolds,MO,7.464476944843441,7.464476944843441,hifld_spatial,2,LIBERTY UTILITIES NATURAL GAS,INVESTOR-OWNED,17.654362420080876
29181,Ripley,MO,7.464198364489721,7.464198364489721,hifld_spatial,2,LIBERTY UTILITIES NATURAL GAS,INVESTOR-OWNED,75.64031833104646
29183,St. Charles,MO,8.216047194992226,8.216047194992226,hifld_spatial,1,LACLEDE GAS CO,MUNICIPAL,81.39940174441018
29185,St. Clair,MO,8.631783693415638,8.631783693415638,hifld_spatial,1,EMPIRE GAS DISTRICT,INVESTOR-OWNED,0.0240130803591012
29186,Ste. Genevieve,MO,8.216047194992226,8.216047194992226,hifld_spatial,1,LACLEDE GAS CO,MUNICIPAL,99.86877013597814
29187,St. Francois,MO,8.216047194992226,8.216047194992226,hifld_spatial,1,LACLEDE GAS CO,MUNICIPAL,73.58854632081767
29189,St. Louis,MO,8.216047194992226,8.216047194992226,hifld_spatial,1,LACLEDE GAS CO,MUNICIPAL,99.97275717616544
29195,Saline,MO,8.631783693415638,8.631783693415638,hifld_spatial,1,EMPIRE GAS DISTRICT,INVESTOR-OWNED,99.88622795851308
29197,Schuyler,MO,7.464061757961595,7.464061757961595,hifld_spatial,2,LIBERTY UTILITIES NATURAL GAS,INVESTOR-OWNED,99.37630747851622
29199,Scotland,MO,7.464101690021886,7.464101690021886,hifld_spatial,2,LIBERTY UTILITIES NATURAL GAS,INVESTOR-OWNED,99.31323066488096
29201,Scott,MO,7.46417155614166,7.46417155614166,hifld_spatial,1,LIBERTY UTILITIES NATURAL GAS,INVESTOR-OWNED,64.57497322309979
29203,Shannon,MO,7.464231284016696,7.464231284016696,hifld_spatial,2,LIBERTY UTILITIES NATURAL GAS,INVESTOR-OWNED,24.768724687048756
29205,Shelby,MO,7.462065834282004,7.462065834282004,hifld_spatial,3,LIBERTY UTILITIES NATURAL GAS,INVESTOR-OWNED,70.07088357615056
29207,Stoddard,MO,7.46417155614166,7.46417155614166,hifld_spatial,1,LIBERTY UTILITIES NATURAL GAS,INVESTOR-OWNED,100.14627007935216
29209,Stone,MO,10.687700403542689,10.687700403542689,hifld_spatial,1,SUMMIT NATURAL GAS,INVESTOR-OWNED,30.35104487623704
29211,Sullivan,MO,8.631783693415638,8.631783693415638,hifld_spatial,1,EMPIRE GAS DISTRICT,INVESTOR-OWNED,0.5209790157258322
29213,Taney,MO,10.687700403542689,10.687700403542689,hifld_spatial,1,SUMMIT NATURAL GAS,INVESTOR-OWNED,101.04806782781752
29215,Texas,MO,10.687700403542683,10.687700403542683,hifld_spatial,1,SUMMIT NATURAL GAS,INVESTOR-OWNED,55.80650259330291
29217,Vernon,MO,8.631009467519165,8.631009467519165,hifld_spatial,2,EMPIRE GAS DISTRICT,INVESTOR-OWNED,100.01758149043144
29219,Warren,MO,8.216026389333615,8.216026389333615,hifld_spatial,2,LACLEDE GAS CO,MUNICIPAL,3.024526952042712
29221,Washington,MO,6.539851726507923,6.539851726507923,hifld_spatial,2,"POTOSI, CITY OF",MUNICIPAL,0.2290231014489399
29223,Wayne,MO,7.464582512564666,7.464582512564666,hifld_spatial,2,LIBERTY UTILITIES NATURAL GAS,INVESTOR-OWNED,81.7418398717876
29225,Webster,MO,10.687700403542689,10.687700403542689,hifld_spatial,1,SUMMIT NATURAL GAS,INVESTOR-OWNED,63.49557454628973
29227,Worth,MO,9.112929988004272,9.112929988004272,hifld_spatial,3,"GRANT, CITY OF",MUNICIPAL,0.4857288246701176
29229,Wright,MO,10.687700403542689,10.687700403542689,hifld_spatial,1,SUMMIT NATURAL GAS,INVESTOR-OWNED,38.35219071440573
29510,St. Louis,MO,8.216047194992226,8.216047194992226,hifld_spatial,1,LACLEDE GAS CO,MUNICIPAL,199.3200639682127
30001,Beaverhead,MT,9.198074598389187,9.198074598389187,hifld_spatial,1,NORTHWESTERN ENERGY,INVESTOR-OWNED,23.846993872858256
30003,Big Horn,MT,7.005626017865074,7.005626017865074,hifld_spatial,1,MONTANA-DAKOTA UTILITIES,INVESTOR-OWNED,20.310986324252877
30005,Blaine,MT,9.180085260008465,9.180085260008465,hifld_spatial,2,NORTHWESTERN ENERGY,INVESTOR-OWNED,82.52266355922262
30007,Broadwater,MT,9.198074598389187,9.198074598389187,hifld_spatial,1,NORTHWESTERN ENERGY,INVESTOR-OWNED,6.057941446829542
30009,Carbon,MT,8.502185498388304,8.502185498388304,hifld_spatial,3,NORTHWESTERN ENERGY,INVESTOR-OWNED,61.75390056908162
30011,Carter,MT,7.29488995500382,7.29488995500382,hifld_spatial,3,MONTANA-DAKOTA UTILITIES,INVESTOR-OWNED,1.921516467225378
30013,Cascade,MT,8.865779837954982,8.865779837954982,hifld_spatial,2,NORTHWESTERN ENERGY,INVESTOR-OWNED,47.66284082194453
30015,Chouteau,MT,9.198074598389187,9.198074598389187,hifld_spatial,1,NORTHWESTERN ENERGY,INVESTOR-OWNED,76.53667767694922
30017,Custer,MT,7.005626017865073,7.005626017865073,hifld_spatial,1,MONTANA-DAKOTA UTILITIES,INVESTOR-OWNED,32.92562893078077
30019,Daniels,MT,7.882143331940593,7.882143331940593,state_avg_no_coverage,0,,,0.0
30021,Dawson,MT,7.005626017865074,7.005626017865074,hifld_spatial,1,MONTANA-DAKOTA UTILITIES,INVESTOR-OWNED,46.10398630012257
30023,Deer Lodge,MT,9.198074598389187,9.198074598389187,hifld_spatial,1,NORTHWESTERN ENERGY,INVESTOR-OWNED,77.3886411267419
30025,Fallon,MT,7.005711074131034,7.005711074131034,hifld_spatial,3,MONTANA-DAKOTA UTILITIES,INVESTOR-OWNED,85.56776705319268
30027,Fergus,MT,9.198074598389187,9.198074598389187,hifld_spatial,1,NORTHWESTERN ENERGY,INVESTOR-OWNED,19.24746735732976
30029,Flathead,MT,9.198074598389187,9.198074598389187,hifld_spatial,1,NORTHWESTERN ENERGY,INVESTOR-OWNED,24.52381456193805
30031,Gallatin,MT,9.19728374473301,9.19728374473301,hifld_spatial,2,NORTHWESTERN ENERGY,INVESTOR-OWNED,62.56518396500245
30033,Garfield,MT,7.005626017865074,7.005626017865074,hifld_spatial,1,MONTANA-DAKOTA UTILITIES,INVESTOR-OWNED,0.6155743376765846
30035,Glacier,MT,8.180901762897445,8.180901762897445,hifld_spatial,2,"ENERGY WEST (GAS NATURAL, INC.)",INVESTOR-OWNED,4.1794329367098175
30037,Golden Valley,MT,9.198074598389187,9.198074598389187,hifld_spatial,1,NORTHWESTERN ENERGY,INVESTOR-OWNED,5.09228610128027
30039,Granite,MT,9.198074598389187,9.198074598389187,hifld_spatial,1,NORTHWESTERN ENERGY,INVESTOR-OWNED,99.226899670449
30041,Hill,MT,9.198074598389187,9.198074598389187,hifld_spatial,1,NORTHWESTERN ENERGY,INVESTOR-OWNED,64.4131418311946
30043,Jefferson,MT,9.198074598389187,9.198074598389187,hifld_spatial,1,NORTHWESTERN ENERGY,INVESTOR-OWNED,96.38561461984251
30045,Judith Basin,MT,9.198074598389187,9.198074598389187,hifld_spatial,1,NORTHWESTERN ENERGY,INVESTOR-OWNED,1.830600752925928
30047,Lake,MT,7.882143331940593,7.882143331940593,state_avg_no_coverage,0,,,0.0
30049,Lewis and Clark,MT,9.198074598389187,9.198074598389187,hifld_spatial,1,NORTHWESTERN ENERGY,INVESTOR-OWNED,69.58382930516512
30051,Liberty,MT,9.198074598389187,9.198074598389187,hifld_spatial,1,NORTHWESTERN ENERGY,INVESTOR-OWNED,97.70588035455252
30053,Lincoln,MT,9.198074598389187,9.198074598389187,hifld_spatial,1,NORTHWESTERN ENERGY,INVESTOR-OWNED,0.8243347780989025
30055,McCone,MT,7.005626017865074,7.005626017865074,hifld_spatial,1,MONTANA-DAKOTA UTILITIES,INVESTOR-OWNED,4.201221166665295
30057,Madison,MT,9.198074598389187,9.198074598389187,hifld_spatial,1,NORTHWESTERN ENERGY,INVESTOR-OWNED,28.727012450096336
30059,Meagher,MT,9.198074598389187,9.198074598389187,hifld_spatial,1,NORTHWESTERN ENERGY,INVESTOR-OWNED,1.8165818378046783
30061,Mineral,MT,9.090325552333695,9.090325552333695,hifld_spatial,2,NORTHWESTERN ENERGY,INVESTOR-OWNED,1.5913467348291697
30063,Missoula,MT,9.198074598389187,9.198074598389187,hifld_spatial,1,NORTHWESTERN ENERGY,INVESTOR-OWNED,42.35572769497762
30065,Musselshell,MT,7.882143331940593,7.882143331940593,state_avg_no_coverage,0,,,0.0
30067,Park,MT,9.198074598389187,9.198074598389187,hifld_spatial,1,NORTHWESTERN ENERGY,INVESTOR-OWNED,3.6623322897115016
30069,Petroleum,MT,7.882143331940593,7.882143331940593,state_avg_no_coverage,0,,,0.0
30071,Phillips,MT,7.037479249636752,7.037479249636752,hifld_spatial,2,MONTANA-DAKOTA UTILITIES,INVESTOR-OWNED,63.84389734236061
30073,Pondera,MT,9.198074598389187,9.198074598389187,hifld_spatial,1,NORTHWESTERN ENERGY,INVESTOR-OWNED,82.02099542311765
30075,Powder River,MT,7.005626017865074,7.005626017865074,hifld_spatial,1,MONTANA-DAKOTA UTILITIES,INVESTOR-OWNED,0.2532007485306327
30077,Powell,MT,9.198074598389187,9.198074598389187,hifld_spatial,1,NORTHWESTERN ENERGY,INVESTOR-OWNED,13.230650655802457
30079,Prairie,MT,7.005626017865074,7.005626017865074,hifld_spatial,1,MONTANA-DAKOTA UTILITIES,INVESTOR-OWNED,98.72442995714192
30081,Ravalli,MT,9.198074598389187,9.198074598389187,hifld_spatial,1,NORTHWESTERN ENERGY,INVESTOR-OWNED,50.352569430642106
30083,Richland,MT,7.006197413187388,7.006197413187388,hifld_spatial,2,MONTANA-DAKOTA UTILITIES,INVESTOR-OWNED,65.46125115852625
30085,Roosevelt,MT,7.005765739269073,7.005765739269073,hifld_spatial,2,MONTANA-DAKOTA UTILITIES,INVESTOR-OWNED,71.58115347238683
30087,Rosebud,MT,7.005626017865074,7.005626017865074,hifld_spatial,1,MONTANA-DAKOTA UTILITIES,INVESTOR-OWNED,30.848584569517413
30089,Sanders,MT,7.144468152566047,7.144468152566047,hifld_spatial,1,AVISTA CORP,INVESTOR-OWNED,0.1280580764256938
30091,Sheridan,MT,7.005652717263062,7.005652717263062,hifld_spatial,2,MONTANA-DAKOTA UTILITIES,INVESTOR-OWNED,0.6146280445368089
30093,Silver Bow,MT,9.198074598389187,9.198074598389187,hifld_spatial,1,NORTHWESTERN ENERGY,INVESTOR-OWNED,32.11753054184152
30095,Stillwater,MT,8.886324564734451,8.886324564734451,hifld_spatial,2,NORTHWESTERN ENERGY,INVESTOR-OWNED,54.385588767530585
30097,Sweet Grass,MT,9.198074598389187,9.198074598389187,hifld_spatial,1,NORTHWESTERN ENERGY,INVESTOR-OWNED,4.332938381775742
30099,Teton,MT,9.198074598389187,9.198074598389187,hifld_spatial,1,NORTHWESTERN ENERGY,INVESTOR-OWNED,81.52643372246605
30101,Toole,MT,9.198074598389187,9.198074598389187,hifld_spatial,1,NORTHWESTERN ENERGY,INVESTOR-OWNED,31.33936538110412
30103,Treasure,MT,7.005626017865074,7.005626017865074,hifld_spatial,1,MONTANA-DAKOTA UTILITIES,INVESTOR-OWNED,3.0013293473530056
30105,Valley,MT,7.005626017865074,7.005626017865074,hifld_spatial,1,MONTANA-DAKOTA UTILITIES,INVESTOR-OWNED,41.25434636373856
30107,Wheatland,MT,9.198074598389187,9.198074598389187,hifld_spatial,1,NORTHWESTERN ENERGY,INVESTOR-OWNED,98.50403624911918
30109,Wibaux,MT,7.0058303513115,7.0058303513115,hifld_spatial,2,MONTANA-DAKOTA UTILITIES,INVESTOR-OWNED,99.78453126405589
30111,Yellowstone,MT,7.005626017865074,7.005626017865074,hifld_spatial,1,MONTANA-DAKOTA UTILITIES,INVESTOR-OWNED,9.358571508688083
31001,Adams,NE,6.370260504770282,6.370260504770282,hifld_spatial,1,HASTINGS UTILITY CO.,MUNICIPAL,101.68925416882423
31003,Antelope,NE,7.038912653511798,7.038912653511798,hifld_spatial,1,BLACK HILLS ENERGY,INVESTOR-OWNED,199.90804826164631
31005,Arthur,NE,6.1130077962077705,6.1130077962077705,state_avg_no_coverage,0,,,0.0
31007,Banner,NE,6.1130077962077705,6.1130077962077705,state_avg_ldc_no_price,1,KINDER MORGAN INC,OTHER,99.91629763968366
31009,Blaine,NE,6.1130077962077705,6.1130077962077705,state_avg_ldc_no_price,1,KINDER MORGAN INC,OTHER,68.13812598057208
31011,Boone,NE,7.038912653511798,7.038912653511798,hifld_spatial,1,BLACK HILLS ENERGY,INVESTOR-OWNED,100.00386001135116
31013,Box Butte,NE,6.1130077962077705,6.1130077962077705,state_avg_ldc_no_price,1,KINDER MORGAN INC,OTHER,100.00000000000004
31015,Boyd,NE,6.1130077962077705,6.1130077962077705,state_avg_ldc_no_price,1,KINDER MORGAN INC,OTHER,42.323552287491
31017,Brown,NE,6.1130077962077705,6.1130077962077705,state_avg_ldc_no_price,1,KINDER MORGAN INC,OTHER,82.05137504554509
31019,Buffalo,NE,5.821612679356608,5.821612679356608,hifld_spatial,1,NORTHWESTERN ENERGY,INVESTOR-OWNED,102.2356873643467
31021,Burt,NE,7.04235599903722,7.04235599903722,hifld_spatial,2,BLACK HILLS ENERGY,INVESTOR-OWNED,200.03089597022705
31023,Butler,NE,7.038912653511799,7.038912653511799,hifld_spatial,1,BLACK HILLS ENERGY,INVESTOR-OWNED,199.99999999999997
31025,Cass,NE,7.03900291186189,7.03900291186189,hifld_spatial,2,BLACK HILLS ENERGY,INVESTOR-OWNED,199.93533308116224
31027,Cedar,NE,7.067449430314149,7.067449430314149,hifld_spatial,2,BLACK HILLS ENERGY,INVESTOR-OWNED,100.04634890194376
31029,Chase,NE,6.1130077962077705,6.1130077962077705,state_avg_ldc_no_price,2,KINDER MORGAN INC,OTHER,99.97662065175189
31031,Cherry,NE,6.1130077962077705,6.1130077962077705,state_avg_ldc_no_price,1,KINDER MORGAN INC,OTHER,0.0130194715747337
31033,Cheyenne,NE,6.1130077962077705,6.1130077962077705,state_avg_ldc_no_price,2,KINDER MORGAN INC,OTHER,99.99416660915335
31035,Clay,NE,6.1130077962077705,6.1130077962077705,state_avg_ldc_no_price,1,KINDER MORGAN INC,OTHER,100.00000000000009
31037,Colfax,NE,7.038912653511798,7.038912653511798,hifld_spatial,1,BLACK HILLS ENERGY,INVESTOR-OWNED,200.00000000000009
31039,Cuming,NE,7.038912653511798,7.038912653511798,hifld_spatial,1,BLACK HILLS ENERGY,INVESTOR-OWNED,200.1865780525619
31041,Custer,NE,6.1130077962077705,6.1130077962077705,state_avg_ldc_no_price,1,KINDER MORGAN INC,OTHER,91.16876810188612
31043,Dakota,NE,7.039005931331007,7.039005931331007,hifld_spatial,4,BLACK HILLS ENERGY,INVESTOR-OWNED,201.14408790753563
31045,Dawes,NE,6.1130077962077705,6.1130077962077705,state_avg_ldc_no_price,1,KINDER MORGAN INC,OTHER,99.99526110768907
31047,Dawson,NE,6.1130077962077705,6.1130077962077705,state_avg_ldc_no_price,1,KINDER MORGAN INC,OTHER,99.99999999999994
31049,Deuel,NE,6.1130077962077705,6.1130077962077705,state_avg_ldc_no_price,2,KINDER MORGAN INC,OTHER,100.09978101009833
31051,Dixon,NE,7.038944261453763,7.038944261453763,hifld_spatial,2,BLACK HILLS ENERGY,INVESTOR-OWNED,208.25653438082284
31053,Dodge,NE,7.031610685737907,7.031610685737907,hifld_spatial,2,BLACK HILLS ENERGY,INVESTOR-OWNED,200.8425232338517
31055,Douglas,NE,6.638724467367463,6.638724467367463,hifld_spatial,2,BLACK HILLS ENERGY,INVESTOR-OWNED,229.24960670423283
31057,Dundy,NE,6.1130077962077705,6.1130077962077705,state_avg_ldc_no_price,1,KINDER MORGAN INC,OTHER,99.91016938077524
31059,Fillmore,NE,7.038912653511798,7.038912653511798,hifld_spatial,1,BLACK HILLS ENERGY,INVESTOR-OWNED,199.88032871552335
31061,Franklin,NE,6.1130077962077705,6.1130077962077705,state_avg_ldc_no_price,1,KINDER MORGAN INC,OTHER,99.99350587932676
31063,Frontier,NE,6.1130077962077705,6.1130077962077705,state_avg_ldc_no_price,1,KINDER MORGAN INC,OTHER,100.00000000000009
31065,Furnas,NE,6.1130077962077705,6.1130077962077705,state_avg_ldc_no_price,1,KINDER MORGAN INC,OTHER,99.98593309238932
31067,Gage,NE,7.038912653511798,7.038912653511798,hifld_spatial,1,BLACK HILLS ENERGY,INVESTOR-OWNED,199.9720724416505
31069,Garden,NE,6.1130077962077705,6.1130077962077705,state_avg_ldc_no_price,1,KINDER MORGAN INC,OTHER,94.66310786530016
31071,Garfield,NE,6.1130077962077705,6.1130077962077705,state_avg_ldc_no_price,1,KINDER MORGAN INC,OTHER,100.00000000000004
31073,Gosper,NE,6.1130077962077705,6.1130077962077705,state_avg_ldc_no_price,1,KINDER MORGAN INC,OTHER,99.99999999999996
31075,Grant,NE,6.1130077962077705,6.1130077962077705,state_avg_ldc_no_price,1,KINDER MORGAN INC,OTHER,0.0820921925557817
31077,Greeley,NE,6.1130077962077705,6.1130077962077705,state_avg_ldc_no_price,1,KINDER MORGAN INC,OTHER,100.0
31079,Hall,NE,5.821612679356608,5.821612679356608,hifld_spatial,1,NORTHWESTERN ENERGY,INVESTOR-OWNED,104.25138114758973
31081,Hamilton,NE,7.038912653511799,7.038912653511799,hifld_spatial,1,BLACK HILLS ENERGY,INVESTOR-OWNED,199.234419035879
31083,Harlan,NE,6.1130077962077705,6.1130077962077705,state_avg_ldc_no_price,2,KINDER MORGAN INC,OTHER,100.12601615939306
31085,Hayes,NE,6.1130077962077705,6.1130077962077705,state_avg_ldc_no_price,1,KINDER MORGAN INC,OTHER,100.00000000000004
31087,Hitchcock,NE,6.1130077962077705,6.1130077962077705,state_avg_ldc_no_price,1,KINDER MORGAN INC,OTHER,99.9973794794891
31089,Holt,NE,5.785096719157079,5.785096719157079,hifld_spatial,1,STUART GAS CO,MUNICIPAL,99.98199873863108
31091,Hooker,NE,6.1130077962077705,6.1130077962077705,state_avg_no_coverage,0,,,0.0
31093,Howard,NE,6.1130077962077705,6.1130077962077705,state_avg_ldc_no_price,1,KINDER MORGAN INC,OTHER,100.0
31095,Jefferson,NE,7.038912653511797,7.038912653511797,hifld_spatial,1,BLACK HILLS ENERGY,INVESTOR-OWNED,199.89849835717607
31097,Johnson,NE,7.038912653511798,7.038912653511798,hifld_spatial,1,BLACK HILLS ENERGY,INVESTOR-OWNED,200.0
31099,Kearney,NE,6.1130077962077705,6.1130077962077705,state_avg_ldc_no_price,1,KINDER MORGAN INC,OTHER,99.99999999999991
31101,Keith,NE,6.1130077962077705,6.1130077962077705,state_avg_ldc_no_price,1,KINDER MORGAN INC,OTHER,83.40003666793645
31103,Keya Paha,NE,6.1130077962077705,6.1130077962077705,state_avg_ldc_no_price,1,KINDER MORGAN INC,OTHER,50.97036786027969
31105,Kimball,NE,7.383081213555311,7.383081213555311,hifld_spatial,1,ATMOS ENERGY CORPORATION,INVESTOR-OWNED,100.03230875378262
31107,Knox,NE,7.039885196005812,7.039885196005812,hifld_spatial,2,BLACK HILLS ENERGY,INVESTOR-OWNED,99.97697106028336
31109,Lancaster,NE,7.038912653511798,7.038912653511798,hifld_spatial,1,BLACK HILLS ENERGY,INVESTOR-OWNED,200.00000000000009
31111,Lincoln,NE,5.821612679356608,5.821612679356608,hifld_spatial,1,NORTHWESTERN ENERGY,INVESTOR-OWNED,95.13477167088048
31113,Logan,NE,6.1130077962077705,6.1130077962077705,state_avg_no_coverage,0,,,0.0
31115,Loup,NE,6.1130077962077705,6.1130077962077705,state_avg_ldc_no_price,1,KINDER MORGAN INC,OTHER,100.00000000000004
31117,McPherson,NE,6.1130077962077705,6.1130077962077705,state_avg_no_coverage,0,,,0.0
31119,Madison,NE,7.038912653511798,7.038912653511798,hifld_spatial,1,BLACK HILLS ENERGY,INVESTOR-OWNED,199.95489724887085
31121,Merrick,NE,7.038912653511797,7.038912653511797,hifld_spatial,1,BLACK HILLS ENERGY,INVESTOR-OWNED,101.24527811353263
31123,Morrill,NE,6.1130077962077705,6.1130077962077705,state_avg_ldc_no_price,1,KINDER MORGAN INC,OTHER,100.00000000000009
31125,Nance,NE,7.038912653511798,7.038912653511798,hifld_spatial,1,BLACK HILLS ENERGY,INVESTOR-OWNED,100.00130429567074
31127,Nemaha,NE,7.039115997822625,7.039115997822625,hifld_spatial,2,BLACK HILLS ENERGY,INVESTOR-OWNED,199.68151848178516
31129,Nuckolls,NE,13.236682228421412,13.236682228421412,hifld_spatial,2,"SUPERIOR, CITY OF",MUNICIPAL,100.2500837043499
31131,Otoe,NE,6.98398306907025,6.98398306907025,hifld_spatial,3,BLACK HILLS ENERGY,INVESTOR-OWNED,206.4327664843939
31133,Pawnee,NE,7.038912653511798,7.038912653511798,hifld_spatial,1,BLACK HILLS ENERGY,INVESTOR-OWNED,199.91145457455
31135,Perkins,NE,6.1130077962077705,6.1130077962077705,state_avg_ldc_no_price,2,KINDER MORGAN INC,OTHER,99.95959472893536
31137,Phelps,NE,6.1130077962077705,6.1130077962077705,state_avg_ldc_no_price,1,KINDER MORGAN INC,OTHER,99.99999999999994
31139,Pierce,NE,7.038912653511798,7.038912653511798,hifld_spatial,1,BLACK HILLS ENERGY,INVESTOR-OWNED,199.99457067866243
31141,Platte,NE,7.038912653511798,7.038912653511798,hifld_spatial,1,BLACK HILLS ENERGY,INVESTOR-OWNED,199.90030694991583
31143,Polk,NE,7.038912653511798,7.038912653511798,hifld_spatial,1,BLACK HILLS ENERGY,INVESTOR-OWNED,199.5028238942625
31145,Red Willow,NE,6.21914336029666,6.21914336029666,hifld_spatial,1,MIDWEST ENERGY INC.,COOPERATIVE,100.00484284636482
31147,Richardson,NE,7.363380411682142,7.363380411682142,hifld_spatial,3,BLACK HILLS ENERGY,INVESTOR-OWNED,206.33415205409847
31149,Rock,NE,6.1130077962077705,6.1130077962077705,state_avg_ldc_no_price,1,KINDER MORGAN INC,OTHER,99.99999999999996
31151,Saline,NE,7.038912653511798,7.038912653511798,hifld_spatial,1,BLACK HILLS ENERGY,INVESTOR-OWNED,199.99999999999997
31153,Sarpy,NE,7.038871863539704,7.038871863539704,hifld_spatial,3,BLACK HILLS ENERGY,INVESTOR-OWNED,199.53765915973796
31155,Saunders,NE,7.040451840945342,7.040451840945342,hifld_spatial,2,BLACK HILLS ENERGY,INVESTOR-OWNED,200.28749735291328
31157,Scotts Bluff,NE,6.1130077962077705,6.1130077962077705,state_avg_ldc_no_price,1,KINDER MORGAN INC,OTHER,99.92838951060357
31159,Seward,NE,7.038912653511798,7.038912653511798,hifld_spatial,1,BLACK HILLS ENERGY,INVESTOR-OWNED,200.0000000000001
31161,Sheridan,NE,6.1130077962077705,6.1130077962077705,state_avg_ldc_no_price,1,KINDER MORGAN INC,OTHER,97.8942681128246
31163,Sherman,NE,6.1130077962077705,6.1130077962077705,state_avg_ldc_no_price,1,KINDER MORGAN INC,OTHER,99.99999999999991
31165,Sioux,NE,6.1130077962077705,6.1130077962077705,state_avg_ldc_no_price,1,KINDER MORGAN INC,OTHER,99.91350014308236
31167,Stanton,NE,7.038912653511798,7.038912653511798,hifld_spatial,1,BLACK HILLS ENERGY,INVESTOR-OWNED,199.99999999999997
31169,Thayer,NE,7.038912653511798,7.038912653511798,hifld_spatial,1,BLACK HILLS ENERGY,INVESTOR-OWNED,99.99370322608388
31171,Thomas,NE,6.1130077962077705,6.1130077962077705,state_avg_no_coverage,0,,,0.0
31173,Thurston,NE,7.038912653511798,7.038912653511798,hifld_spatial,1,BLACK HILLS ENERGY,INVESTOR-OWNED,207.59643581471892
31175,Valley,NE,6.1130077962077705,6.1130077962077705,state_avg_ldc_no_price,1,KINDER MORGAN INC,OTHER,100.00000000000004
31177,Washington,NE,7.036738511797766,7.036738511797766,hifld_spatial,2,BLACK HILLS ENERGY,INVESTOR-OWNED,200.08535205613632
31179,Wayne,NE,7.038912653511798,7.038912653511798,hifld_spatial,1,BLACK HILLS ENERGY,INVESTOR-OWNED,199.99818224089097
31181,Webster,NE,6.1130077962077705,6.1130077962077705,state_avg_ldc_no_price,1,KINDER MORGAN INC,OTHER,99.99818798518044
31183,Wheeler,NE,7.038912653511798,7.038912653511798,hifld_spatial,1,BLACK HILLS ENERGY,INVESTOR-OWNED,100.00006224958857
31185,York,NE,7.038912653511798,7.038912653511798,hifld_spatial,1,BLACK HILLS ENERGY,INVESTOR-OWNED,199.999804584045
32001,Churchill,NV,7.799799988783373,7.799799988783373,hifld_spatial,2,SOUTHWEST GAS CORP,INVESTOR-OWNED,99.66908259596195
32003,Clark,NV,7.787969929437893,7.787969929437893,hifld_spatial,2,SOUTHWEST GAS CORP,INVESTOR-OWNED,99.99899283862432
32005,Douglas,NV,7.802039199259116,7.802039199259116,hifld_spatial,1,SOUTHWEST GAS CORP,INVESTOR-OWNED,99.86412098425974
32007,Elko,NV,7.8020391992591165,7.8020391992591165,hifld_spatial,1,SOUTHWEST GAS CORP,INVESTOR-OWNED,98.58481649401128
32009,Esmeralda,NV,7.802039199259116,7.802039199259116,hifld_spatial,1,SOUTHWEST GAS CORP,INVESTOR-OWNED,99.82859876140368
32011,Eureka,NV,7.802039199259116,7.802039199259116,hifld_spatial,1,SOUTHWEST GAS CORP,INVESTOR-OWNED,0.0066719270314484
32013,Humboldt,NV,7.801705691050085,7.801705691050085,hifld_spatial,2,SOUTHWEST GAS CORP,INVESTOR-OWNED,100.001627805665
32015,Lander,NV,7.802039199259116,7.802039199259116,hifld_spatial,1,SOUTHWEST GAS CORP,INVESTOR-OWNED,60.13231819649384
32017,Lincoln,NV,7.802039199259115,7.802039199259115,hifld_spatial,1,SOUTHWEST GAS CORP,INVESTOR-OWNED,1.255821804127366
32019,Lyon,NV,7.801987838099625,7.801987838099625,hifld_spatial,2,SOUTHWEST GAS CORP,INVESTOR-OWNED,100.00000000000009
32021,Mineral,NV,7.802039199259115,7.802039199259115,hifld_spatial,1,SOUTHWEST GAS CORP,INVESTOR-OWNED,98.76346272422067
32023,Nye,NV,7.8020391992591165,7.8020391992591165,hifld_spatial,1,SOUTHWEST GAS CORP,INVESTOR-OWNED,25.91948872305338
32027,Pershing,NV,7.801460371153809,7.801460371153809,hifld_spatial,2,SOUTHWEST GAS CORP,INVESTOR-OWNED,100.00000000000009
32029,Storey,NV,7.8020391992591165,7.8020391992591165,hifld_spatial,1,SOUTHWEST GAS CORP,INVESTOR-OWNED,99.99999999999996
32031,Washoe,NV,7.454953720219272,7.454953720219272,hifld_spatial,2,NV ENERGY,OTHER,99.78821802627009
32033,White Pine,NV,11.736111534449291,11.736111534449291,state_avg_no_coverage,0,,,0.0
32510,Carson City,NV,7.743649511781813,7.743649511781813,hifld_spatial,2,SOUTHWEST GAS CORP,INVESTOR-OWNED,99.49197115373244
33001,Belknap,NH,13.2594327880616,13.2594327880616,state_avg_ldc_no_price,1,LIBERTY UTILITIES (ENERGYNORTH),INVESTOR-OWNED,38.53996759747559
33003,Carroll,NH,13.2594327880616,13.2594327880616,state_avg_no_coverage,0,,,0.0
33005,Cheshire,NH,13.2594327880616,13.2594327880616,state_avg_no_coverage,0,,,0.0
33007,Coos,NH,13.2594327880616,13.2594327880616,state_avg_ldc_no_price,1,LIBERTY UTILITIES (ENERGYNORTH),INVESTOR-OWNED,18.82647324690378
33009,Grafton,NH,13.2594327880616,13.2594327880616,state_avg_no_coverage,0,,,0.0
33011,Hillsborough,NH,14.02283262314108,14.02283262314108,hifld_spatial,2,NATIONAL GRID,INVESTOR-OWNED,31.76218984124729
33013,Merrimack,NH,13.2594327880616,13.2594327880616,state_avg_ldc_no_price,1,LIBERTY UTILITIES (ENERGYNORTH),INVESTOR-OWNED,36.93468469937023
33015,Rockingham,NH,12.395247844139249,12.395247844139249,hifld_spatial,2,NATIONAL GRID,INVESTOR-OWNED,35.83518765443901
33017,Strafford,NH,13.2594327880616,13.2594327880616,state_avg_ldc_no_price,1,NORTHERN UTILITIES INC. (UNITIL),INVESTOR-OWNED,26.73769514255278
33019,Sullivan,NH,13.2594327880616,13.2594327880616,state_avg_no_coverage,0,,,0.0
34001,Atlantic,NJ,12.81407414621682,12.81407414621682,hifld_spatial,2,SOUTH JERSEY GAS,INVESTOR-OWNED,99.35538603940428
34003,Bergen,NJ,8.42706554449322,8.42706554449322,hifld_spatial,3,PUBLIC SERVICE ELEC. & GAS CO,OTHER,97.05940591182431
34005,Burlington,NJ,10.250131352971772,10.250131352971772,hifld_spatial,5,PUBLIC SERVICE ELEC. & GAS CO,OTHER,100.03333034184978
34007,Camden,NJ,11.390700957296838,11.390700957296838,hifld_spatial,3,SOUTH JERSEY GAS,INVESTOR-OWNED,99.93612086055248
34009,Cape May,NJ,12.814243592651394,12.814243592651394,hifld_spatial,1,SOUTH JERSEY GAS,INVESTOR-OWNED,96.9540082635778
34011,Cumberland,NJ,12.814243592651394,12.814243592651394,hifld_spatial,1,SOUTH JERSEY GAS,INVESTOR-OWNED,99.14355759451556
34013,Essex,NJ,8.445415844859765,8.445415844859765,hifld_spatial,3,PUBLIC SERVICE ELEC. & GAS CO,OTHER,100.00000000341844
34015,Gloucester,NJ,12.25739440359673,12.25739440359673,hifld_spatial,4,SOUTH JERSEY GAS,INVESTOR-OWNED,99.99368315320405
34017,Hudson,NJ,8.430068332790317,8.430068332790317,hifld_spatial,2,PUBLIC SERVICE ELEC. & GAS CO,OTHER,99.6694392318538
34019,Hunterdon,NJ,12.901061589077496,12.901061589077496,hifld_spatial,3,ELIZABETHTOWN GAS CO.,INVESTOR-OWNED,96.47805672039016
34021,Mercer,NJ,9.88084028019892,9.88084028019892,hifld_spatial,3,PUBLIC SERVICE ELEC. & GAS CO,OTHER,99.56355534926615
34023,Middlesex,NJ,9.12650913666729,9.12650913666729,hifld_spatial,3,PUBLIC SERVICE ELEC. & GAS CO,OTHER,99.33681739206769
34025,Monmouth,NJ,11.929222981841814,11.929222981841814,hifld_spatial,2,NEW JERSEY NATURAL GAS,INVESTOR-OWNED,97.71160885877006
34027,Morris,NJ,11.379724963685732,11.379724963685732,hifld_spatial,3,NEW JERSEY NATURAL GAS,INVESTOR-OWNED,100.00055349847572
34029,Ocean,NJ,12.50930217246664,12.50930217246664,hifld_spatial,3,NEW JERSEY NATURAL GAS,INVESTOR-OWNED,99.07651781779715
34031,Passaic,NJ,8.490533396476023,8.490533396476023,hifld_spatial,4,PUBLIC SERVICE ELEC. & GAS CO,OTHER,100.16592732905318
34033,Salem,NJ,12.790325040778296,12.790325040778296,hifld_spatial,2,SOUTH JERSEY GAS,INVESTOR-OWNED,98.3376092330834
34035,Somerset,NJ,8.477724493490319,8.477724493490319,hifld_spatial,2,PUBLIC SERVICE ELEC. & GAS CO,OTHER,100.00000002632676
34037,Sussex,NJ,13.81756251084108,13.81756251084108,hifld_spatial,5,ELIZABETHTOWN GAS CO.,INVESTOR-OWNED,99.60955110577812
34039,Union,NJ,12.541250179020466,12.541250179020466,hifld_spatial,2,ELIZABETHTOWN GAS CO.,INVESTOR-OWNED,99.35748401262126
34041,Warren,NJ,13.881917939103513,13.881917939103513,hifld_spatial,2,ELIZABETHTOWN GAS CO.,INVESTOR-OWNED,98.95274371242192
35001,Bernalillo,NM,9.59318001862391,9.59318001862391,hifld_spatial,2,LOS ALAMOS COUNTY UTILITY DEPT,MUNICIPAL,98.31716238977096
35003,Catron,NM,5.044489472065502,5.044489472065502,state_avg_ldc_no_price,1,NEW MEXICO GAS COMPANY,MUNICIPAL,10.392472716650254
35005,Chaves,NM,7.0465577538057,7.0465577538057,hifld_spatial,2,ZIA NATURAL GAS COMPANY,PRIVATE,12.60713885482308
35006,Cibola,NM,9.9511389897656,9.9511389897656,hifld_spatial,1,LOS ALAMOS COUNTY UTILITY DEPT,MUNICIPAL,47.23845708327735
35007,Colfax,NM,7.034929810074319,7.034929810074319,hifld_spatial,1,ZIA NATURAL GAS COMPANY,PRIVATE,68.55696210182724
35009,Curry,NM,8.269529192742858,8.269529192742858,hifld_spatial,2,EASTERN NEW MEXICO NAT GAS,MUNICIPAL,77.86350370313222
35011,De Baca,NM,8.269529652351737,8.269529652351737,hifld_spatial,1,EASTERN NEW MEXICO NAT GAS,MUNICIPAL,45.53580396946308
35013,Doña Ana,NM,6.96692481416734,6.96692481416734,hifld_spatial,3,ZIA NATURAL GAS COMPANY,PRIVATE,92.7706746770269
35015,Eddy,NM,7.034929810074293,7.034929810074293,hifld_spatial,2,ZIA NATURAL GAS COMPANY,PRIVATE,97.48971960646172
35017,Grant,NM,5.044489472065502,5.044489472065502,state_avg_ldc_no_price,2,NEW MEXICO GAS COMPANY,MUNICIPAL,9.405239484277567
35019,Guadalupe,NM,6.680776070538179,6.680776070538179,hifld_spatial,2,EMW GAS ASSOCIATION,MUNICIPAL,0.6030707445428312
35021,Harding,NM,7.034929810074318,7.034929810074318,hifld_spatial,1,ZIA NATURAL GAS COMPANY,PRIVATE,1.1850261325783835
35023,Hidalgo,NM,8.922167687484716,8.922167687484716,hifld_spatial,1,SOUTHWEST GAS CORP,INVESTOR-OWNED,33.72177376108664
35025,Lea,NM,7.034872780722941,7.034872780722941,hifld_spatial,5,ZIA NATURAL GAS COMPANY,PRIVATE,98.52458537015872
35027,Lincoln,NM,7.033229802291001,7.033229802291001,hifld_spatial,2,ZIA NATURAL GAS COMPANY,PRIVATE,68.74974395539826
35028,Los Alamos,NM,9.9511389897656,9.9511389897656,hifld_spatial,1,LOS ALAMOS COUNTY UTILITY DEPT,MUNICIPAL,96.2294803531622
35029,Luna,NM,7.034929810074319,7.034929810074319,hifld_spatial,1,ZIA NATURAL GAS COMPANY,PRIVATE,43.91205416112317
35031,McKinley,NM,9.9511389897656,9.9511389897656,hifld_spatial,1,LOS ALAMOS COUNTY UTILITY DEPT,MUNICIPAL,5.778900751231926
35033,Mora,NM,7.034929810074319,7.034929810074319,hifld_spatial,1,ZIA NATURAL GAS COMPANY,PRIVATE,1.0984739234218128
35035,Otero,NM,7.034929810074319,7.034929810074319,hifld_spatial,1,ZIA NATURAL GAS COMPANY,PRIVATE,17.954201232379063
35037,Quay,NM,8.264343032476495,8.264343032476495,hifld_spatial,2,EASTERN NEW MEXICO NAT GAS,MUNICIPAL,35.886346734763315
35039,Rio Arriba,NM,9.9511389897656,9.9511389897656,hifld_spatial,1,LOS ALAMOS COUNTY UTILITY DEPT,MUNICIPAL,26.157382178637388
35041,Roosevelt,NM,8.170361451886732,8.170361451886732,hifld_spatial,4,EASTERN NEW MEXICO NAT GAS,MUNICIPAL,74.15340587289593
35043,Sandoval,NM,9.9511389897656,9.9511389897656,hifld_spatial,1,LOS ALAMOS COUNTY UTILITY DEPT,MUNICIPAL,98.6441200808206
35045,San Juan,NM,9.950667731636646,9.950667731636646,hifld_spatial,2,LOS ALAMOS COUNTY UTILITY DEPT,MUNICIPAL,7.948164896213885
35047,San Miguel,NM,6.675398722011533,6.675398722011533,hifld_spatial,1,EMW GAS ASSOCIATION,MUNICIPAL,2.397927385479649
35049,Santa Fe,NM,6.686258673938059,6.686258673938059,hifld_spatial,2,EMW GAS ASSOCIATION,MUNICIPAL,99.78931103069064
35051,Sierra,NM,7.034929810074319,7.034929810074319,hifld_spatial,1,ZIA NATURAL GAS COMPANY,PRIVATE,54.67233140242999
35053,Socorro,NM,6.691187181552451,6.691187181552451,hifld_spatial,2,EMW GAS ASSOCIATION,MUNICIPAL,0.3718845376003229
35055,Taos,NM,5.044489472065502,5.044489472065502,state_avg_ldc_no_price,1,NEW MEXICO GAS COMPANY,MUNICIPAL,15.938958231527597
35057,Torrance,NM,6.675398722011533,6.675398722011533,hifld_spatial,1,EMW GAS ASSOCIATION,MUNICIPAL,108.94426977045649
35059,Union,NM,7.219119854466359,7.219119854466359,hifld_spatial,3,WEST TEXAS GAS,PRIVATE,99.27328148733552
35061,Valencia,NM,6.675398722011533,6.675398722011533,hifld_spatial,1,EMW GAS ASSOCIATION,MUNICIPAL,99.88874501303935
36001,Albany,NY,7.644874881364253,7.644874881364253,hifld_spatial,2,NATIONAL GRID,INVESTOR-OWNED,57.5595104859304
36003,Allegany,NY,8.293937937778322,8.293937937778322,hifld_spatial,3,NATIONAL FUEL GAS DISTRIBUTION,INVESTOR-OWNED,77.67123964439396
36005,Bronx,NY,7.926964607297298,7.926964607297298,hifld_spatial,2,CONSOLIDATED EDISON,INVESTOR-OWNED,86.81467449409536
36007,Broome,NY,8.374743002414284,8.374743002414284,hifld_spatial,1,NYS ELECTRIC AND GAS,INVESTOR-OWNED,41.8072426040031
36009,Cattaraugus,NY,8.308806537945603,8.308806537945603,hifld_spatial,4,NATIONAL FUEL GAS DISTRIBUTION,INVESTOR-OWNED,67.31873353535998
36011,Cayuga,NY,8.37251812497331,8.37251812497331,hifld_spatial,2,NYS ELECTRIC AND GAS,INVESTOR-OWNED,37.48965898853165
36013,Chautauqua,NY,8.293830471118381,8.293830471118381,hifld_spatial,2,NATIONAL FUEL GAS DISTRIBUTION,INVESTOR-OWNED,83.17551924485325
36015,Chemung,NY,8.374738780862762,8.374738780862762,hifld_spatial,2,NYS ELECTRIC AND GAS,INVESTOR-OWNED,81.4723390587509
36017,Chenango,NY,8.374743002414284,8.374743002414284,hifld_spatial,1,NYS ELECTRIC AND GAS,INVESTOR-OWNED,37.53220059213347
36019,Clinton,NY,8.374743002414284,8.374743002414284,hifld_spatial,1,NYS ELECTRIC AND GAS,INVESTOR-OWNED,33.599007259763894
36021,Columbia,NY,8.420050962762668,8.420050962762668,hifld_spatial,3,NATIONAL GRID,INVESTOR-OWNED,42.41254959450969
36023,Cortland,NY,8.37443156924521,8.37443156924521,hifld_spatial,2,NYS ELECTRIC AND GAS,INVESTOR-OWNED,26.322189982632192
36025,Delaware,NY,8.37481764277542,8.37481764277542,hifld_spatial,2,NYS ELECTRIC AND GAS,INVESTOR-OWNED,16.93746350883436
36027,Dutchess,NY,10.307246537759683,10.307246537759683,hifld_spatial,1,CENTRAL HUDSON GAS AND ELECTRIC,INVESTOR-OWNED,71.43880164206774
36029,Erie,NY,8.288917179853286,8.288917179853286,hifld_spatial,3,NATIONAL FUEL GAS DISTRIBUTION,INVESTOR-OWNED,100.10724234936218
36031,Essex,NY,6.632701721525664,6.632701721525664,hifld_spatial,1,VERMONT GAS SYSTEMS INC.,INVESTOR-OWNED,0.1504053435342418
36033,Franklin,NY,8.374743002414284,8.374743002414284,hifld_spatial,1,NYS ELECTRIC AND GAS,INVESTOR-OWNED,0.017500913641443
36035,Fulton,NY,7.432304999027426,7.432304999027426,hifld_spatial,1,NATIONAL GRID,INVESTOR-OWNED,20.20909086909395
36037,Genesee,NY,8.07825324820201,8.07825324820201,hifld_spatial,4,NATIONAL FUEL GAS DISTRIBUTION,INVESTOR-OWNED,100.1893676864528
36039,Greene,NY,10.304752126971318,10.304752126971318,hifld_spatial,2,CENTRAL HUDSON GAS AND ELECTRIC,INVESTOR-OWNED,68.90702252391407
36041,Hamilton,NY,10.401406174615897,10.401406174615897,state_avg_no_coverage,0,,,0.0
36043,Herkimer,NY,7.432447120921592,7.432447120921592,hifld_spatial,2,NATIONAL GRID,INVESTOR-OWNED,21.08425619076052
36045,Jefferson,NY,7.431761154016177,7.431761154016177,hifld_spatial,2,NATIONAL GRID,INVESTOR-OWNED,41.405844751514486
36047,Kings,NY,7.43444808928019,7.43444808928019,hifld_spatial,2,NATIONAL GRID,INVESTOR-OWNED,83.17026546930467
36049,Lewis,NY,6.552978253159241,6.552978253159241,hifld_spatial,3,NYS ELECTRIC AND GAS,INVESTOR-OWNED,43.05756978911232
36051,Livingston,NY,7.745712550014653,7.745712550014653,hifld_spatial,3,ROCHESTER GAS AND ELECTRIC,INVESTOR-OWNED,85.48464744910366
36053,Madison,NY,7.707102773175031,7.707102773175031,hifld_spatial,2,NATIONAL GRID,INVESTOR-OWNED,60.64694147993207
36055,Monroe,NY,7.287202716632679,7.287202716632679,hifld_spatial,3,ROCHESTER GAS AND ELECTRIC,INVESTOR-OWNED,99.85578828919036
36057,Montgomery,NY,7.432313764138644,7.432313764138644,hifld_spatial,2,NATIONAL GRID,INVESTOR-OWNED,72.8914438597276
36059,Nassau,NY,7.432315877239036,7.432315877239036,hifld_spatial,2,NATIONAL GRID,INVESTOR-OWNED,91.03756828153205
36061,New York,NY,7.946814258844113,7.946814258844113,hifld_spatial,3,CONSOLIDATED EDISON,INVESTOR-OWNED,74.1846179828586
36063,Niagara,NY,8.34141666749546,8.34141666749546,hifld_spatial,2,NYS ELECTRIC AND GAS,INVESTOR-OWNED,99.97182776755513
36065,Oneida,NY,7.521727998784068,7.521727998784068,hifld_spatial,2,NATIONAL GRID,INVESTOR-OWNED,53.438955482453366
36067,Onondaga,NY,7.512679253152656,7.512679253152656,hifld_spatial,2,NATIONAL GRID,INVESTOR-OWNED,93.1507815763535
36069,Ontario,NY,8.20514248101201,8.20514248101201,hifld_spatial,3,NYS ELECTRIC AND GAS,INVESTOR-OWNED,82.09658396996693
36071,Orange,NY,10.331010948022756,10.331010948022756,hifld_spatial,6,ORANGE AND ROCKLAND UTILITIES,OTHER,89.28839750492749
36073,Orleans,NY,8.230530368721622,8.230530368721622,hifld_spatial,3,NYS ELECTRIC AND GAS,INVESTOR-OWNED,65.72988302023883
36075,Oswego,NY,7.432304999027426,7.432304999027426,hifld_spatial,1,NATIONAL GRID,INVESTOR-OWNED,56.689401545754215
36077,Otsego,NY,8.374194739676724,8.374194739676724,hifld_spatial,2,NYS ELECTRIC AND GAS,INVESTOR-OWNED,20.3895880472374
36079,Putnam,NY,9.662954469472025,9.662954469472025,hifld_spatial,3,CENTRAL HUDSON GAS AND ELECTRIC,INVESTOR-OWNED,82.43500472478614
36081,Queens,NY,7.567015141120798,7.567015141120798,hifld_spatial,2,NATIONAL GRID,INVESTOR-OWNED,78.3555627228325
36083,Rensselaer,NY,7.432304999027426,7.432304999027426,hifld_spatial,1,NATIONAL GRID,INVESTOR-OWNED,42.9506280401805
36085,Richmond,NY,7.642607022766325,7.642607022766325,hifld_spatial,3,NATIONAL GRID,INVESTOR-OWNED,100.93059425984546
36087,Rockland,NY,10.471837479332429,10.471837479332429,hifld_spatial,4,ORANGE AND ROCKLAND UTILITIES,OTHER,102.91047986205912
36089,St. Lawrence,NY,4.113931216681606,4.113931216681606,hifld_spatial,1,ST. LAWRENCE GAS,PRIVATE,30.030254633213755
36091,Saratoga,NY,7.433567812211494,7.433567812211494,hifld_spatial,2,NATIONAL GRID,INVESTOR-OWNED,56.28125515281975
36093,Schenectady,NY,7.432304999027426,7.432304999027426,hifld_spatial,1,NATIONAL GRID,INVESTOR-OWNED,54.20987574038942
36095,Schoharie,NY,8.375206904811494,8.375206904811494,hifld_spatial,3,NYS ELECTRIC AND GAS,INVESTOR-OWNED,15.204401532761771
36097,Schuyler,NY,8.374743002414284,8.374743002414284,hifld_spatial,1,NYS ELECTRIC AND GAS,INVESTOR-OWNED,35.77114306799815
36099,Seneca,NY,8.374743002414284,8.374743002414284,hifld_spatial,1,NYS ELECTRIC AND GAS,INVESTOR-OWNED,55.07681725894072
36101,Steuben,NY,8.073010748025002,8.073010748025002,hifld_spatial,3,NYS ELECTRIC AND GAS,INVESTOR-OWNED,70.15169158795433
36103,Suffolk,NY,7.432304999027426,7.432304999027426,hifld_spatial,1,NATIONAL GRID,INVESTOR-OWNED,79.84498263092402
36105,Sullivan,NY,10.315523299297483,10.315523299297483,hifld_spatial,3,CENTRAL HUDSON GAS AND ELECTRIC,INVESTOR-OWNED,8.793511353916301
36107,Tioga,NY,8.34404580422263,8.34404580422263,hifld_spatial,2,NYS ELECTRIC AND GAS,INVESTOR-OWNED,59.66322506712816
36109,Tompkins,NY,8.374743002414284,8.374743002414284,hifld_spatial,1,NYS ELECTRIC AND GAS,INVESTOR-OWNED,99.9154902749823
36111,Ulster,NY,10.307246537759683,10.307246537759683,hifld_spatial,1,CENTRAL HUDSON GAS AND ELECTRIC,INVESTOR-OWNED,62.59179032051563
36113,Warren,NY,7.432304999027426,7.432304999027426,hifld_spatial,1,NATIONAL GRID,INVESTOR-OWNED,11.405752405271128
36115,Washington,NY,7.432304999027426,7.432304999027426,hifld_spatial,1,NATIONAL GRID,INVESTOR-OWNED,20.61341523331219
36117,Wayne,NY,7.690386910778473,7.690386910778473,hifld_spatial,2,ROCHESTER GAS AND ELECTRIC,INVESTOR-OWNED,93.04513169660032
36119,Westchester,NY,7.9350176052247745,7.9350176052247745,hifld_spatial,6,CONSOLIDATED EDISON,INVESTOR-OWNED,83.78669129481628
36121,Wyoming,NY,8.161802800026901,8.161802800026901,hifld_spatial,3,NATIONAL FUEL GAS DISTRIBUTION,INVESTOR-OWNED,93.94655853165368
36123,Yates,NY,8.374743002414284,8.374743002414284,hifld_spatial,1,NYS ELECTRIC AND GAS,INVESTOR-OWNED,89.75657026986408
37001,Alamance,NC,6.488789721441992,6.488789721441992,hifld_spatial,1,PUBLIC SERVICE CO. OF NORTH CAROLINA,INVESTOR-OWNED,16.136616244279722
37003,Alexander,NC,6.509574938900682,6.509574938900682,hifld_spatial,2,PUBLIC SERVICE CO. OF NORTH CAROLINA,INVESTOR-OWNED,85.5955564402447
37005,Alleghany,NC,10.708888678907478,10.708888678907478,hifld_spatial,1,FRONTIER ENERGY LLC,INVESTOR-OWNED,1.6616249628533435
37007,Anson,NC,6.293045302793064,6.293045302793064,hifld_spatial,1,SOUTH CAROLINA ELECTRIC & GAS,INVESTOR-OWNED,9.230459107227816e-07
37009,Ashe,NC,10.708888678907478,10.708888678907478,hifld_spatial,1,FRONTIER ENERGY LLC,INVESTOR-OWNED,98.57425334031224
37011,Avery,NC,8.51560875839424,8.51560875839424,hifld_spatial,2,PUBLIC SERVICE CO. OF NORTH CAROLINA,INVESTOR-OWNED,1.831910413947968
37013,Beaufort,NC,6.70664994440349,6.70664994440349,state_avg_no_coverage,0,,,0.0
37015,Bertie,NC,6.70664994440349,6.70664994440349,state_avg_no_coverage,0,,,0.0
37017,Bladen,NC,6.70664994440349,6.70664994440349,state_avg_no_coverage,0,,,0.0
37019,Brunswick,NC,6.70664994440349,6.70664994440349,state_avg_no_coverage,0,,,0.0
37021,Buncombe,NC,6.488789721441992,6.488789721441992,hifld_spatial,1,PUBLIC SERVICE CO. OF NORTH CAROLINA,INVESTOR-OWNED,96.50218300570045
37023,Burke,NC,6.488789721441993,6.488789721441993,hifld_spatial,1,PUBLIC SERVICE CO. OF NORTH CAROLINA,INVESTOR-OWNED,4.650243583533054
37025,Cabarrus,NC,6.488789721441994,6.488789721441994,hifld_spatial,1,PUBLIC SERVICE CO. OF NORTH CAROLINA,INVESTOR-OWNED,86.21705348090228
37027,Caldwell,NC,10.672882909341558,10.672882909341558,hifld_spatial,2,FRONTIER ENERGY LLC,INVESTOR-OWNED,1.2396188963579229
37029,Camden,NC,6.70664994440349,6.70664994440349,state_avg_no_coverage,0,,,0.0
37031,Carteret,NC,6.70664994440349,6.70664994440349,state_avg_no_coverage,0,,,0.0
37033,Caswell,NC,6.488778204154968,6.488778204154968,hifld_spatial,2,PUBLIC SERVICE CO. OF NORTH CAROLINA,INVESTOR-OWNED,97.89434120537412
37035,Catawba,NC,6.488789721441993,6.488789721441993,hifld_spatial,1,PUBLIC SERVICE CO. OF NORTH CAROLINA,INVESTOR-OWNED,0.9284857466873728
37037,Chatham,NC,6.488789721441992,6.488789721441992,hifld_spatial,1,PUBLIC SERVICE CO. OF NORTH CAROLINA,INVESTOR-OWNED,90.4458847852986
37039,Cherokee,NC,6.177347595607724,6.177347595607724,hifld_spatial,1,TOCCOA NATURAL GAS,MUNICIPAL,0.0206687880701662
37041,Chowan,NC,6.70664994440349,6.70664994440349,state_avg_no_coverage,0,,,0.0
37043,Clay,NC,6.177347595607724,6.177347595607724,hifld_spatial,1,TOCCOA NATURAL GAS,MUNICIPAL,0.067987308212108
37045,Cleveland,NC,6.599908075434147,6.599908075434147,hifld_spatial,4,PUBLIC SERVICE CO. OF NORTH CAROLINA,INVESTOR-OWNED,98.66304620997552
37047,Columbus,NC,6.70664994440349,6.70664994440349,state_avg_no_coverage,0,,,0.0
37049,Craven,NC,6.70664994440349,6.70664994440349,state_avg_no_coverage,0,,,0.0
37051,Cumberland,NC,6.70664994440349,6.70664994440349,state_avg_no_coverage,0,,,0.0
37053,Currituck,NC,8.419790306240769,8.419790306240769,hifld_spatial,1,VIRGINIA NATURAL GAS,INVESTOR-OWNED,0.0399192046647843
37055,Dare,NC,6.70664994440349,6.70664994440349,state_avg_no_coverage,0,,,0.0
37057,Davidson,NC,7.617351731846549,7.617351731846549,hifld_spatial,1,"LEXINGTON, CITY OF",MUNICIPAL,2.3049244306056016
37059,Davie,NC,6.633123192393058,6.633123192393058,hifld_spatial,2,PUBLIC SERVICE CO. OF NORTH CAROLINA,INVESTOR-OWNED,0.6832487068325794
37061,Duplin,NC,6.70664994440349,6.70664994440349,state_avg_no_coverage,0,,,0.0
37063,Durham,NC,6.488789721441993,6.488789721441993,hifld_spatial,1,PUBLIC SERVICE CO. OF NORTH CAROLINA,INVESTOR-OWNED,99.99999999999996
37065,Edgecombe,NC,8.644037590888233,8.644037590888233,hifld_spatial,1,"ROCKY MOUNT, CITY OF",MUNICIPAL,0.0035626618907891
37067,Forsyth,NC,10.708888678907478,10.708888678907478,hifld_spatial,1,FRONTIER ENERGY LLC,INVESTOR-OWNED,0.4155573821019015
37069,Franklin,NC,6.504541770240936,6.504541770240936,hifld_spatial,2,PUBLIC SERVICE CO. OF NORTH CAROLINA,INVESTOR-OWNED,99.99954419970692
37071,Gaston,NC,6.549148033866469,6.549148033866469,hifld_spatial,5,PUBLIC SERVICE CO. OF NORTH CAROLINA,INVESTOR-OWNED,89.22023691659733
37073,Gates,NC,6.70664994440349,6.70664994440349,state_avg_no_coverage,0,,,0.0
37075,Graham,NC,6.488762731104559,6.488762731104559,hifld_spatial,2,PUBLIC SERVICE CO. OF NORTH CAROLINA,INVESTOR-OWNED,1.9884458544350163
37077,Granville,NC,6.488789721441993,6.488789721441993,hifld_spatial,1,PUBLIC SERVICE CO. OF NORTH CAROLINA,INVESTOR-OWNED,100.00000000000009
37079,Greene,NC,6.70664994440349,6.70664994440349,state_avg_no_coverage,0,,,0.0
37081,Guilford,NC,6.70664994440349,6.70664994440349,state_avg_no_coverage,0,,,0.0
37083,Halifax,NC,10.708888678907478,10.708888678907478,hifld_spatial,1,FRONTIER ENERGY LLC,INVESTOR-OWNED,0.0007947126031014
37085,Harnett,NC,6.488789721441993,6.488789721441993,hifld_spatial,1,PUBLIC SERVICE CO. OF NORTH CAROLINA,INVESTOR-OWNED,0.0594225410170974
37087,Haywood,NC,6.488789721441993,6.488789721441993,hifld_spatial,1,PUBLIC SERVICE CO. OF NORTH CAROLINA,INVESTOR-OWNED,98.10280922559824
37089,Henderson,NC,6.491080178646307,6.491080178646307,hifld_spatial,2,PUBLIC SERVICE CO. OF NORTH CAROLINA,INVESTOR-OWNED,100.04685272215046
37091,Hertford,NC,6.70664994440349,6.70664994440349,state_avg_no_coverage,0,,,0.0
37093,Hoke,NC,6.70664994440349,6.70664994440349,state_avg_no_coverage,0,,,0.0
37095,Hyde,NC,6.70664994440349,6.70664994440349,state_avg_ldc_no_price,1,PIEDMONT NATURAL GAS,INVESTOR-OWNED,1.1742465830179305
37097,Iredell,NC,6.490622047792007,6.490622047792007,hifld_spatial,2,PUBLIC SERVICE CO. OF NORTH CAROLINA,INVESTOR-OWNED,94.35358172656552
37099,Jackson,NC,6.4886183871785255,6.4886183871785255,hifld_spatial,2,PUBLIC SERVICE CO. OF NORTH CAROLINA,INVESTOR-OWNED,98.83825839101812
37101,Johnston,NC,6.488789721441993,6.488789721441993,hifld_spatial,1,PUBLIC SERVICE CO. OF NORTH CAROLINA,INVESTOR-OWNED,0.0127874435890361
37103,Jones,NC,6.70664994440349,6.70664994440349,state_avg_no_coverage,0,,,0.0
37105,Lee,NC,6.488789721441994,6.488789721441994,hifld_spatial,1,PUBLIC SERVICE CO. OF NORTH CAROLINA,INVESTOR-OWNED,99.09682499699066
37107,Lenoir,NC,6.70664994440349,6.70664994440349,state_avg_no_coverage,0,,,0.0
37109,Lincoln,NC,6.488789721441993,6.488789721441993,hifld_spatial,1,PUBLIC SERVICE CO. OF NORTH CAROLINA,INVESTOR-OWNED,0.345574400067991
37111,McDowell,NC,6.488789721441993,6.488789721441993,hifld_spatial,1,PUBLIC SERVICE CO. OF NORTH CAROLINA,INVESTOR-OWNED,97.3335461284612
37113,Macon,NC,6.181939854372235,6.181939854372235,hifld_spatial,2,TOCCOA NATURAL GAS,MUNICIPAL,101.34000253040276
37115,Madison,NC,6.488789721441993,6.488789721441993,hifld_spatial,1,PUBLIC SERVICE CO. OF NORTH CAROLINA,INVESTOR-OWNED,98.16907583684235
37117,Martin,NC,6.70664994440349,6.70664994440349,state_avg_no_coverage,0,,,0.0
37119,Mecklenburg,NC,5.961660744447388,5.961660744447388,hifld_spatial,3,YORK COUNTY NATURAL GAS AUTHORITY,MUNICIPAL,4.01730384915863
37121,Mitchell,NC,6.488789721441993,6.488789721441993,hifld_spatial,1,PUBLIC SERVICE CO. OF NORTH CAROLINA,INVESTOR-OWNED,4.412408202531382
37123,Montgomery,NC,6.70664994440349,6.70664994440349,state_avg_no_coverage,0,,,0.0
37125,Moore,NC,6.488789721441993,6.488789721441993,hifld_spatial,1,PUBLIC SERVICE CO. OF NORTH CAROLINA,INVESTOR-OWNED,0.5350248275838341
37127,Nash,NC,7.766731155658621,7.766731155658621,hifld_spatial,2,"ROCKY MOUNT, CITY OF",MUNICIPAL,5.966443400481351
37129,New Hanover,NC,6.70664994440349,6.70664994440349,state_avg_no_coverage,0,,,0.0
37131,Northampton,NC,9.386459181454445,9.386459181454445,hifld_spatial,2,FRONTIER ENERGY LLC,INVESTOR-OWNED,0.0206210187046217
37133,Onslow,NC,6.70664994440349,6.70664994440349,state_avg_no_coverage,0,,,0.0
37135,Orange,NC,6.488789721441993,6.488789721441993,hifld_spatial,1,PUBLIC SERVICE CO. OF NORTH CAROLINA,INVESTOR-OWNED,99.61044762000108
37137,Pamlico,NC,6.70664994440349,6.70664994440349,state_avg_no_coverage,0,,,0.0
37139,Pasquotank,NC,6.70664994440349,6.70664994440349,state_avg_no_coverage,0,,,0.0
37141,Pender,NC,6.70664994440349,6.70664994440349,state_avg_no_coverage,0,,,0.0
37143,Perquimans,NC,6.70664994440349,6.70664994440349,state_avg_no_coverage,0,,,0.0
37145,Person,NC,6.488789721441993,6.488789721441993,hifld_spatial,1,PUBLIC SERVICE CO. OF NORTH CAROLINA,INVESTOR-OWNED,100.0
37147,Pitt,NC,8.87683815970862,8.87683815970862,hifld_spatial,1,GREENVILLE UTIL. COMM.,MUNICIPAL,3.5545874048187582
37149,Polk,NC,6.490814976778927,6.490814976778927,hifld_spatial,2,PUBLIC SERVICE CO. OF NORTH CAROLINA,INVESTOR-OWNED,100.16127196358694
37151,Randolph,NC,6.488789721441993,6.488789721441993,hifld_spatial,1,PUBLIC SERVICE CO. OF NORTH CAROLINA,INVESTOR-OWNED,0.4125825391225181
37153,Richmond,NC,6.70664994440349,6.70664994440349,state_avg_no_coverage,0,,,0.0
37155,Robeson,NC,6.293045302793065,6.293045302793065,hifld_spatial,1,SOUTH CAROLINA ELECTRIC & GAS,INVESTOR-OWNED,2.0896866444332613e-05
37157,Rockingham,NC,6.488789721441993,6.488789721441993,hifld_spatial,1,PUBLIC SERVICE CO. OF NORTH CAROLINA,INVESTOR-OWNED,0.1062998889655722
37159,Rowan,NC,6.488789721441993,6.488789721441993,hifld_spatial,1,PUBLIC SERVICE CO. OF NORTH CAROLINA,INVESTOR-OWNED,13.885533847454507
37161,Rutherford,NC,6.488789721441992,6.488789721441992,hifld_spatial,1,PUBLIC SERVICE CO. OF NORTH CAROLINA,INVESTOR-OWNED,98.29273069253549
37163,Sampson,NC,6.70664994440349,6.70664994440349,state_avg_no_coverage,0,,,0.0
37165,Scotland,NC,6.293045302793065,6.293045302793065,hifld_spatial,1,SOUTH CAROLINA ELECTRIC & GAS,INVESTOR-OWNED,0.0099911789422875
37167,Stanly,NC,6.70664994440349,6.70664994440349,state_avg_no_coverage,0,,,0.0
37169,Stokes,NC,6.70664994440349,6.70664994440349,state_avg_no_coverage,0,,,0.0
37171,Surry,NC,10.708888678907478,10.708888678907478,hifld_spatial,1,FRONTIER ENERGY LLC,INVESTOR-OWNED,99.8537789057946
37173,Swain,NC,6.488732759226639,6.488732759226639,hifld_spatial,2,PUBLIC SERVICE CO. OF NORTH CAROLINA,INVESTOR-OWNED,96.81265285383256
37175,Transylvania,NC,6.49677072541316,6.49677072541316,hifld_spatial,2,PUBLIC SERVICE CO. OF NORTH CAROLINA,INVESTOR-OWNED,99.2563801800432
37177,Tyrrell,NC,6.70664994440349,6.70664994440349,state_avg_no_coverage,0,,,0.0
37179,Union,NC,8.737699216571883,8.737699216571883,hifld_spatial,3,"MONROE, CITY OF",MUNICIPAL,16.61490625239669
37181,Vance,NC,6.572892694129088,6.572892694129088,hifld_spatial,2,PUBLIC SERVICE CO. OF NORTH CAROLINA,INVESTOR-OWNED,100.0000000000001
37183,Wake,NC,6.488789721441993,6.488789721441993,hifld_spatial,1,PUBLIC SERVICE CO. OF NORTH CAROLINA,INVESTOR-OWNED,99.99403293978614
37185,Warren,NC,10.700678440384038,10.700678440384038,hifld_spatial,2,FRONTIER ENERGY LLC,INVESTOR-OWNED,99.78990014659156
37187,Washington,NC,6.70664994440349,6.70664994440349,state_avg_no_coverage,0,,,0.0
37189,Watauga,NC,10.708888678907478,10.708888678907478,hifld_spatial,1,FRONTIER ENERGY LLC,INVESTOR-OWNED,96.03504668575356
37191,Wayne,NC,6.70664994440349,6.70664994440349,state_avg_no_coverage,0,,,0.0
37193,Wilkes,NC,10.678740919816237,10.678740919816237,hifld_spatial,2,FRONTIER ENERGY LLC,INVESTOR-OWNED,99.38176738052783
37195,Wilson,NC,8.406256063261013,8.406256063261013,hifld_spatial,2,WILSON ENERGY,MUNICIPAL,12.787474494478468
37197,Yadkin,NC,10.708888678907476,10.708888678907476,hifld_spatial,1,FRONTIER ENERGY LLC,INVESTOR-OWNED,99.48806580742776
37199,Yancey,NC,6.488789721441993,6.488789721441993,hifld_spatial,1,PUBLIC SERVICE CO. OF NORTH CAROLINA,INVESTOR-OWNED,1.929258946729096
38001,Adams,ND,7.144586002003775,7.144586002003775,hifld_spatial,1,MONTANA-DAKOTA UTILITIES,INVESTOR-OWNED,99.865618158448
38003,Barnes,ND,7.144586002003776,7.144586002003776,hifld_spatial,1,MONTANA-DAKOTA UTILITIES,INVESTOR-OWNED,83.83022221083122
38005,Benson,ND,7.144586002003776,7.144586002003776,hifld_spatial,1,MONTANA-DAKOTA UTILITIES,INVESTOR-OWNED,100.00000000000004
38007,Billings,ND,7.144586002003776,7.144586002003776,hifld_spatial,1,MONTANA-DAKOTA UTILITIES,INVESTOR-OWNED,99.99999999999996
38009,Bottineau,ND,7.144586002003776,7.144586002003776,hifld_spatial,1,MONTANA-DAKOTA UTILITIES,INVESTOR-OWNED,9.530049806425485
38011,Bowman,ND,7.144495440945358,7.144495440945358,hifld_spatial,2,MONTANA-DAKOTA UTILITIES,INVESTOR-OWNED,99.60661336107384
38013,Burke,ND,7.144586002003776,7.144586002003776,hifld_spatial,1,MONTANA-DAKOTA UTILITIES,INVESTOR-OWNED,100.00000000000009
38015,Burleigh,ND,7.144586002003776,7.144586002003776,hifld_spatial,1,MONTANA-DAKOTA UTILITIES,INVESTOR-OWNED,100.00000000000009
38017,Cass,ND,6.125290285222246,6.125290285222246,hifld_spatial,3,NORTHERN STATES POWER COMPANY,INVESTOR-OWNED,14.927809928582084
38019,Cavalier,ND,7.144586002003776,7.144586002003776,hifld_spatial,1,MONTANA-DAKOTA UTILITIES,INVESTOR-OWNED,99.99894678480489
38021,Dickey,ND,7.144586002003777,7.144586002003777,hifld_spatial,1,MONTANA-DAKOTA UTILITIES,INVESTOR-OWNED,95.65342531066734
38023,Divide,ND,7.144586002003776,7.144586002003776,hifld_spatial,1,MONTANA-DAKOTA UTILITIES,INVESTOR-OWNED,99.90079906261415
38025,Dunn,ND,7.144586002003776,7.144586002003776,hifld_spatial,1,MONTANA-DAKOTA UTILITIES,INVESTOR-OWNED,100.00000000000009
38027,Eddy,ND,7.144586002003776,7.144586002003776,hifld_spatial,1,MONTANA-DAKOTA UTILITIES,INVESTOR-OWNED,99.99999999999996
38029,Emmons,ND,7.144586002003776,7.144586002003776,hifld_spatial,1,MONTANA-DAKOTA UTILITIES,INVESTOR-OWNED,99.99999207003457
38031,Foster,ND,7.144586002003776,7.144586002003776,hifld_spatial,1,MONTANA-DAKOTA UTILITIES,INVESTOR-OWNED,99.99999999999996
38033,Golden Valley,ND,7.144582315110658,7.144582315110658,hifld_spatial,2,MONTANA-DAKOTA UTILITIES,INVESTOR-OWNED,99.99999999999996
38035,Grand Forks,ND,6.669281834424518,6.669281834424518,hifld_spatial,3,MONTANA-DAKOTA UTILITIES,INVESTOR-OWNED,92.15455923074164
38037,Grant,ND,7.144586002003776,7.144586002003776,hifld_spatial,1,MONTANA-DAKOTA UTILITIES,INVESTOR-OWNED,99.99999999999984
38039,Griggs,ND,7.144586002003776,7.144586002003776,hifld_spatial,1,MONTANA-DAKOTA UTILITIES,INVESTOR-OWNED,100.0
38041,Hettinger,ND,7.144586002003776,7.144586002003776,hifld_spatial,1,MONTANA-DAKOTA UTILITIES,INVESTOR-OWNED,99.99999999999991
38043,Kidder,ND,7.144586002003776,7.144586002003776,hifld_spatial,1,MONTANA-DAKOTA UTILITIES,INVESTOR-OWNED,100.0
38045,LaMoure,ND,7.144586002003776,7.144586002003776,hifld_spatial,1,MONTANA-DAKOTA UTILITIES,INVESTOR-OWNED,36.30059077805115
38047,Logan,ND,7.144586002003776,7.144586002003776,hifld_spatial,1,MONTANA-DAKOTA UTILITIES,INVESTOR-OWNED,98.60931763370476
38049,McHenry,ND,7.144586002003776,7.144586002003776,hifld_spatial,1,MONTANA-DAKOTA UTILITIES,INVESTOR-OWNED,89.04578561437586
38051,McIntosh,ND,7.145028476949911,7.145028476949911,hifld_spatial,2,MONTANA-DAKOTA UTILITIES,INVESTOR-OWNED,99.7297216000178
38053,McKenzie,ND,7.144586002003776,7.144586002003776,hifld_spatial,1,MONTANA-DAKOTA UTILITIES,INVESTOR-OWNED,100.00000000000004
38055,McLean,ND,7.144586002003776,7.144586002003776,hifld_spatial,1,MONTANA-DAKOTA UTILITIES,INVESTOR-OWNED,99.99999999999991
38057,Mercer,ND,7.144586002003776,7.144586002003776,hifld_spatial,1,MONTANA-DAKOTA UTILITIES,INVESTOR-OWNED,100.0
38059,Morton,ND,7.144586002003777,7.144586002003777,hifld_spatial,1,MONTANA-DAKOTA UTILITIES,INVESTOR-OWNED,99.99999999999989
38061,Mountrail,ND,7.144586002003776,7.144586002003776,hifld_spatial,1,MONTANA-DAKOTA UTILITIES,INVESTOR-OWNED,100.00000000000009
38063,Nelson,ND,7.144586002003776,7.144586002003776,hifld_spatial,1,MONTANA-DAKOTA UTILITIES,INVESTOR-OWNED,100.0
38065,Oliver,ND,7.144586002003775,7.144586002003775,hifld_spatial,1,MONTANA-DAKOTA UTILITIES,INVESTOR-OWNED,100.00000000000004
38067,Pembina,ND,7.144586002003776,7.144586002003776,hifld_spatial,1,MONTANA-DAKOTA UTILITIES,INVESTOR-OWNED,81.57806765460074
38069,Pierce,ND,7.144586002003776,7.144586002003776,hifld_spatial,1,MONTANA-DAKOTA UTILITIES,INVESTOR-OWNED,99.99999999999996
38071,Ramsey,ND,7.144586002003776,7.144586002003776,hifld_spatial,1,MONTANA-DAKOTA UTILITIES,INVESTOR-OWNED,100.0
38073,Ransom,ND,3.255254212669212,3.255254212669212,state_avg_no_coverage,0,,,0.0
38075,Renville,ND,7.144586002003776,7.144586002003776,hifld_spatial,1,MONTANA-DAKOTA UTILITIES,INVESTOR-OWNED,93.08356187391377
38077,Richland,ND,5.782307555809563,5.782307555809563,hifld_spatial,1,GREAT PLAINS NATURAL GAS,INVESTOR-OWNED,6.632517882132648
38079,Rolette,ND,7.144586002003776,7.144586002003776,hifld_spatial,1,MONTANA-DAKOTA UTILITIES,INVESTOR-OWNED,47.01557672519359
38081,Sargent,ND,3.255254212669212,3.255254212669212,state_avg_no_coverage,0,,,0.0
38083,Sheridan,ND,7.144586002003775,7.144586002003775,hifld_spatial,1,MONTANA-DAKOTA UTILITIES,INVESTOR-OWNED,99.99999999999996
38085,Sioux,ND,7.1445937138331495,7.1445937138331495,hifld_spatial,2,MONTANA-DAKOTA UTILITIES,INVESTOR-OWNED,99.92571747756566
38087,Slope,ND,7.144566760326697,7.144566760326697,hifld_spatial,2,MONTANA-DAKOTA UTILITIES,INVESTOR-OWNED,99.99999999999996
38089,Stark,ND,7.144586002003776,7.144586002003776,hifld_spatial,1,MONTANA-DAKOTA UTILITIES,INVESTOR-OWNED,100.00000000000004
38091,Steele,ND,7.144586002003776,7.144586002003776,hifld_spatial,1,MONTANA-DAKOTA UTILITIES,INVESTOR-OWNED,64.91878759325597
38093,Stutsman,ND,7.144586002003776,7.144586002003776,hifld_spatial,1,MONTANA-DAKOTA UTILITIES,INVESTOR-OWNED,100.00000000000009
38095,Towner,ND,7.144586002003776,7.144586002003776,hifld_spatial,1,MONTANA-DAKOTA UTILITIES,INVESTOR-OWNED,88.564346539406
38097,Traill,ND,5.996728451466528,5.996728451466528,hifld_spatial,2,NORTHERN STATES POWER COMPANY,INVESTOR-OWNED,71.87792544078467
38099,Walsh,ND,7.144586002003776,7.144586002003776,hifld_spatial,1,MONTANA-DAKOTA UTILITIES,INVESTOR-OWNED,90.38869109889168
38101,Ward,ND,6.807356174738738,6.807356174738738,hifld_spatial,2,MONTANA-DAKOTA UTILITIES,INVESTOR-OWNED,100.0000000000001
38103,Wells,ND,7.144586002003776,7.144586002003776,hifld_spatial,1,MONTANA-DAKOTA UTILITIES,INVESTOR-OWNED,99.99999999999996
38105,Williams,ND,7.144586002003776,7.144586002003776,hifld_spatial,1,MONTANA-DAKOTA UTILITIES,INVESTOR-OWNED,99.98269288529244
39001,Adams,OH,8.95626122975012,8.95626122975012,hifld_spatial,5,DUKE ENERGY OHIO,INVESTOR-OWNED,99.1132751522414
39003,Allen,OH,8.20898715632272,8.20898715632272,hifld_spatial,3,KNG ENERGY INC.,INVESTOR-OWNED,100.04024726412892
39005,Ashland,OH,7.956466439970078,7.956466439970078,hifld_spatial,3,COLUMBIA GAS OF OHIO,INVESTOR-OWNED,199.99671535142747
39007,Ashtabula,OH,8.517075549208547,8.517075549208547,hifld_spatial,2,ORWELL NATURAL GAS,INVESTOR-OWNED,206.8671016999615
39009,Athens,OH,8.104599036025682,8.104599036025682,hifld_spatial,1,COLUMBIA GAS OF OHIO,INVESTOR-OWNED,100.00001299271928
39011,Auglaize,OH,7.042027446820066,7.042027446820066,hifld_spatial,2,VECTREN ENERGY DELIVERY OF OHIO,INVESTOR-OWNED,100.00912565146038
39013,Belmont,OH,7.98956087105752,7.98956087105752,hifld_spatial,3,COLUMBIA GAS OF OHIO,INVESTOR-OWNED,106.242925545683
39015,Brown,OH,8.956001511224093,8.956001511224093,hifld_spatial,4,DUKE ENERGY OHIO,INVESTOR-OWNED,100.0123030573196
39017,Butler,OH,8.687452679883723,8.687452679883723,hifld_spatial,2,DUKE ENERGY OHIO,INVESTOR-OWNED,128.70016436533027
39019,Carroll,OH,7.990599425981929,7.990599425981929,hifld_spatial,4,COLUMBIA GAS OF OHIO,INVESTOR-OWNED,101.66608149411468
39021,Champaign,OH,7.961080488827108,7.961080488827108,hifld_spatial,2,COLUMBIA GAS OF OHIO,INVESTOR-OWNED,100.02825858867902
39023,Clark,OH,7.845151567690363,7.845151567690363,hifld_spatial,2,COLUMBIA GAS OF OHIO,INVESTOR-OWNED,100.0271928422432
39025,Clermont,OH,8.951199748349124,8.951199748349124,hifld_spatial,4,DUKE ENERGY OHIO,INVESTOR-OWNED,99.99847964083888
39027,Clinton,OH,7.811303543173123,7.811303543173123,hifld_spatial,2,VECTREN ENERGY DELIVERY OF OHIO,INVESTOR-OWNED,105.71549361383316
39029,Columbiana,OH,7.99441053161825,7.99441053161825,hifld_spatial,3,COLUMBIA GAS OF OHIO,INVESTOR-OWNED,99.50475715920084
39031,Coshocton,OH,7.912102711949921,7.912102711949921,hifld_spatial,4,PIEDMONT GAS COMPANY,PRIVATE,201.2726544082784
39033,Crawford,OH,8.104713367553622,8.104713367553622,hifld_spatial,4,COLUMBIA GAS OF OHIO,INVESTOR-OWNED,100.01349957892177
39035,Cuyahoga,OH,8.708497382726913,8.708497382726913,hifld_spatial,3,ORWELL NATURAL GAS,INVESTOR-OWNED,299.5035541519415
39037,Darke,OH,7.95548341187825,7.95548341187825,hifld_spatial,2,VECTREN ENERGY DELIVERY OF OHIO,INVESTOR-OWNED,199.9147629507876
39039,Defiance,OH,8.232178444551723,8.232178444551723,hifld_spatial,1,KNG ENERGY INC.,INVESTOR-OWNED,100.0029396651736
39041,Delaware,OH,8.104599036025682,8.104599036025682,hifld_spatial,1,COLUMBIA GAS OF OHIO,INVESTOR-OWNED,100.12721328427236
39043,Erie,OH,8.106023593217067,8.106023593217067,hifld_spatial,2,COLUMBIA GAS OF OHIO,INVESTOR-OWNED,97.8209235143719
39045,Fairfield,OH,8.037109455501241,8.037109455501241,hifld_spatial,3,COLUMBIA GAS OF OHIO,INVESTOR-OWNED,103.08722854885556
39047,Fayette,OH,7.05795216276289,7.05795216276289,hifld_spatial,2,VECTREN ENERGY DELIVERY OF OHIO,INVESTOR-OWNED,100.01370004602607
39049,Franklin,OH,8.104599036025682,8.104599036025682,hifld_spatial,1,COLUMBIA GAS OF OHIO,INVESTOR-OWNED,100.05260887642956
39051,Fulton,OH,8.232178444551723,8.232178444551723,hifld_spatial,1,KNG ENERGY INC.,INVESTOR-OWNED,100.01626000956448
39053,Gallia,OH,8.104599036025682,8.104599036025682,hifld_spatial,1,COLUMBIA GAS OF OHIO,INVESTOR-OWNED,100.01375804012164
39055,Geauga,OH,8.513730906218896,8.513730906218896,hifld_spatial,2,EAST OHIO GAS CO/DOMINION,INVESTOR-OWNED,299.9320952143111
39057,Greene,OH,7.045392373570716,7.045392373570716,hifld_spatial,3,VECTREN ENERGY DELIVERY OF OHIO,INVESTOR-OWNED,100.00071114702564
39059,Guernsey,OH,7.950575867853671,7.950575867853671,hifld_spatial,2,COLUMBIA GAS OF OHIO,INVESTOR-OWNED,199.97559572703332
39061,Hamilton,OH,8.95328017042453,8.95328017042453,hifld_spatial,3,DUKE ENERGY OHIO,INVESTOR-OWNED,99.88314629620446
39063,Hancock,OH,8.190284537369694,8.190284537369694,hifld_spatial,5,KNG ENERGY INC.,INVESTOR-OWNED,200.25694049386388
39065,Hardin,OH,8.697830727624535,8.697830727624535,hifld_spatial,3,SHELDON GAS COMPANY,PRIVATE,199.9939957740103
39067,Harrison,OH,8.075440372548435,8.075440372548435,hifld_spatial,3,COLUMBIA GAS OF OHIO,INVESTOR-OWNED,103.6661624330662
39069,Henry,OH,8.487365498847009,8.487365498847009,hifld_spatial,3,KNG ENERGY INC.,INVESTOR-OWNED,200.5311481494468
39071,Highland,OH,8.477604209842626,8.477604209842626,hifld_spatial,3,COLUMBIA GAS OF OHIO,INVESTOR-OWNED,100.00000897975193
39073,Hocking,OH,8.104599036025682,8.104599036025682,hifld_spatial,1,COLUMBIA GAS OF OHIO,INVESTOR-OWNED,100.00000000000004
39075,Holmes,OH,7.87938184533179,7.87938184533179,hifld_spatial,4,PIEDMONT GAS COMPANY,PRIVATE,202.2581033850161
39077,Huron,OH,8.10473946126402,8.10473946126402,hifld_spatial,3,COLUMBIA GAS OF OHIO,INVESTOR-OWNED,100.01241609822604
39079,Jackson,OH,8.104599036025682,8.104599036025682,hifld_spatial,1,COLUMBIA GAS OF OHIO,INVESTOR-OWNED,100.00000000000004
39081,Jefferson,OH,8.104599036025682,8.104599036025682,hifld_spatial,1,COLUMBIA GAS OF OHIO,INVESTOR-OWNED,99.85206340526972
39083,Knox,OH,7.923639366252022,7.923639366252022,hifld_spatial,3,COLUMBIA GAS OF OHIO,INVESTOR-OWNED,199.99958091658735
39085,Lake,OH,8.52647578662205,8.52647578662205,hifld_spatial,2,ORWELL NATURAL GAS,INVESTOR-OWNED,198.33386866823136
39087,Lawrence,OH,8.107970280081508,8.107970280081508,hifld_spatial,3,COLUMBIA GAS OF OHIO,INVESTOR-OWNED,100.19313607229545
39089,Licking,OH,7.6888548111366894,7.6888548111366894,hifld_spatial,3,COLUMBIA GAS OF OHIO,INVESTOR-OWNED,227.43035164050028
39091,Logan,OH,7.559896135859447,7.559896135859447,hifld_spatial,3,VECTREN ENERGY DELIVERY OF OHIO,INVESTOR-OWNED,199.9895039885524
39093,Lorain,OH,8.104008216507186,8.104008216507186,hifld_spatial,3,COLUMBIA GAS OF OHIO,INVESTOR-OWNED,99.365987453105
39095,Lucas,OH,8.31544809708436,8.31544809708436,hifld_spatial,4,COLUMBIA GAS OF OHIO,INVESTOR-OWNED,107.32081116408644
39097,Madison,OH,7.99429462312198,7.99429462312198,hifld_spatial,2,COLUMBIA GAS OF OHIO,INVESTOR-OWNED,199.78800360315904
39099,Mahoning,OH,7.072203637352083,7.072203637352083,hifld_spatial,3,EAST OHIO GAS CO/DOMINION,INVESTOR-OWNED,99.8215022085922
39101,Marion,OH,8.104844454287687,8.104844454287687,hifld_spatial,2,COLUMBIA GAS OF OHIO,INVESTOR-OWNED,100.03710484841504
39103,Medina,OH,7.92603364126485,7.92603364126485,hifld_spatial,3,COLUMBIA GAS OF OHIO,INVESTOR-OWNED,199.9816378030521
39105,Meigs,OH,8.104599036025682,8.104599036025682,hifld_spatial,1,COLUMBIA GAS OF OHIO,INVESTOR-OWNED,109.27964808585712
39107,Mercer,OH,7.054250006082538,7.054250006082538,hifld_spatial,2,VECTREN ENERGY DELIVERY OF OHIO,INVESTOR-OWNED,100.0022742658078
39109,Miami,OH,7.041680090773024,7.041680090773024,hifld_spatial,2,VECTREN ENERGY DELIVERY OF OHIO,INVESTOR-OWNED,100.00647404151954
39111,Monroe,OH,8.026073606013874,8.026073606013874,hifld_spatial,2,COLUMBIA GAS OF OHIO,INVESTOR-OWNED,102.62304618787932
39113,Montgomery,OH,7.041535525051853,7.041535525051853,hifld_spatial,4,VECTREN ENERGY DELIVERY OF OHIO,INVESTOR-OWNED,100.02005554358978
39115,Morgan,OH,8.104599036025682,8.104599036025682,hifld_spatial,1,COLUMBIA GAS OF OHIO,INVESTOR-OWNED,100.00000000000004
39117,Morrow,OH,8.104599036025682,8.104599036025682,hifld_spatial,1,COLUMBIA GAS OF OHIO,INVESTOR-OWNED,199.97641393318952
39119,Muskingum,OH,7.654510636095893,7.654510636095893,hifld_spatial,3,COLUMBIA GAS OF OHIO,INVESTOR-OWNED,130.4394334421535
39121,Noble,OH,7.713739352581883,7.713739352581883,hifld_spatial,3,COLUMBIA GAS OF OHIO,INVESTOR-OWNED,125.40639837200472
39123,Ottawa,OH,8.104800008664286,8.104800008664286,hifld_spatial,3,COLUMBIA GAS OF OHIO,INVESTOR-OWNED,91.80853749949976
39125,Paulding,OH,8.232178444551723,8.232178444551723,hifld_spatial,1,KNG ENERGY INC.,INVESTOR-OWNED,99.95206930639824
39127,Perry,OH,7.911795857906289,7.911795857906289,hifld_spatial,3,COLUMBIA GAS OF OHIO,INVESTOR-OWNED,110.81355261061496
39129,Pickaway,OH,8.103894231433411,8.103894231433411,hifld_spatial,2,COLUMBIA GAS OF OHIO,INVESTOR-OWNED,100.3467979516323
39131,Pike,OH,8.305240613208893,8.305240613208893,hifld_spatial,2,COLUMBIA GAS OF OHIO,INVESTOR-OWNED,99.9999999999999
39133,Portage,OH,6.586713965828526,6.586713965828526,hifld_spatial,2,EAST OHIO GAS CO/DOMINION,INVESTOR-OWNED,100.00902967019864
39135,Preble,OH,7.043985906041183,7.043985906041183,hifld_spatial,4,VECTREN ENERGY DELIVERY OF OHIO,INVESTOR-OWNED,100.17414439891158
39137,Putnam,OH,8.231919050986372,8.231919050986372,hifld_spatial,3,KNG ENERGY INC.,INVESTOR-OWNED,199.9926054141625
39139,Richland,OH,8.104442089238939,8.104442089238939,hifld_spatial,2,COLUMBIA GAS OF OHIO,INVESTOR-OWNED,199.99275072477343
39141,Ross,OH,8.104599036025682,8.104599036025682,hifld_spatial,1,COLUMBIA GAS OF OHIO,INVESTOR-OWNED,100.00000568426724
39143,Sandusky,OH,9.65874393791588,9.65874393791588,hifld_spatial,3,COLUMBIA GAS OF OHIO,INVESTOR-OWNED,199.8473028673
39145,Scioto,OH,8.116897527489215,8.116897527489215,hifld_spatial,4,COLUMBIA GAS OF OHIO,INVESTOR-OWNED,100.3103077277316
39147,Seneca,OH,9.1841682694046,9.1841682694046,hifld_spatial,4,COLUMBIA GAS OF OHIO,INVESTOR-OWNED,299.97388431494414
39149,Shelby,OH,7.041603265811652,7.041603265811652,hifld_spatial,2,VECTREN ENERGY DELIVERY OF OHIO,INVESTOR-OWNED,100.00571042166722
39151,Stark,OH,7.115391157328096,7.115391157328096,hifld_spatial,4,EAST OHIO GAS CO/DOMINION,INVESTOR-OWNED,103.71758649348632
39153,Summit,OH,6.587496275523976,6.587496275523976,hifld_spatial,2,EAST OHIO GAS CO/DOMINION,INVESTOR-OWNED,100.05468521851571
39155,Trumbull,OH,6.60994920278786,6.60994920278786,hifld_spatial,4,EAST OHIO GAS CO/DOMINION,INVESTOR-OWNED,120.67685811015346
39157,Tuscarawas,OH,7.426412582386222,7.426412582386222,hifld_spatial,4,PIEDMONT GAS COMPANY,PRIVATE,200.8190143783049
39159,Union,OH,8.104640330285637,8.104640330285637,hifld_spatial,2,COLUMBIA GAS OF OHIO,INVESTOR-OWNED,199.95658786631677
39161,Van Wert,OH,8.232178444551723,8.232178444551723,hifld_spatial,1,KNG ENERGY INC.,INVESTOR-OWNED,100.00215066195688
39163,Vinton,OH,8.104599036025682,8.104599036025682,hifld_spatial,1,COLUMBIA GAS OF OHIO,INVESTOR-OWNED,99.99999999999996
39165,Warren,OH,8.37027629403068,8.37027629403068,hifld_spatial,2,DUKE ENERGY OHIO,INVESTOR-OWNED,133.27252773595674
39167,Washington,OH,7.961381153740178,7.961381153740178,hifld_spatial,3,COLUMBIA GAS OF OHIO,INVESTOR-OWNED,102.5968539479224
39169,Wayne,OH,7.397981875356798,7.397981875356798,hifld_spatial,4,COLUMBIA GAS OF OHIO,INVESTOR-OWNED,203.856568520255
39171,Williams,OH,7.156763838646895,7.156763838646895,hifld_spatial,2,MICHIGAN GAS UTILITIES COMPANY,INVESTOR-OWNED,99.9014377104624
39173,Wood,OH,8.300150200528597,8.300150200528597,hifld_spatial,4,KNG ENERGY INC.,INVESTOR-OWNED,200.0126772073033
39175,Wyandot,OH,8.562997951993115,8.562997951993115,hifld_spatial,4,COLUMBIA GAS OF OHIO,INVESTOR-OWNED,200.01199991233372
40001,Adair,OK,7.569963641465658,7.569963641465658,hifld_spatial,2,NORTHEAST OKLAHOMA PUBLIC FAC,MUNICIPAL,85.86419217022274
40003,Alfalfa,OK,8.134649250498839,8.134649250498839,hifld_spatial,1,OKLAHOMA NATURAL GAS CO.,INVESTOR-OWNED,59.89388827549553
40005,Atoka,OK,8.600046055728914,8.600046055728914,hifld_spatial,2,CENTERPOINT ENERGY,INVESTOR-OWNED,88.57769051663622
40007,Beaver,OK,7.397347610915466,7.397347610915466,hifld_spatial,2,WEST TEXAS GAS,PRIVATE,98.56525091204894
40009,Beckham,OK,8.394527869537121,8.394527869537121,hifld_spatial,3,CENTERPOINT ENERGY,INVESTOR-OWNED,178.912888907708
40011,Blaine,OK,8.416082978729877,8.416082978729877,hifld_spatial,3,CENTERPOINT ENERGY,INVESTOR-OWNED,111.2709447446074
40013,Bryan,OK,8.199569872973653,8.199569872973653,hifld_spatial,3,OKLAHOMA NATURAL GAS CO.,INVESTOR-OWNED,44.56346881460888
40015,Caddo,OK,8.712524143699662,8.712524143699662,hifld_spatial,4,CENTERPOINT ENERGY,INVESTOR-OWNED,157.0662543756428
40017,Canadian,OK,8.02844638664772,8.02844638664772,hifld_spatial,3,OKLAHOMA NATURAL GAS CO.,INVESTOR-OWNED,90.8388797931286
40019,Carter,OK,8.134649250498839,8.134649250498839,hifld_spatial,1,OKLAHOMA NATURAL GAS CO.,INVESTOR-OWNED,99.91549648003073
40021,Cherokee,OK,12.745856619815582,12.745856619815582,hifld_spatial,3,HULBERT PUBLIC WORKS AUTH.,MUNICIPAL,31.541561721667737
40023,Choctaw,OK,8.111505487657768,8.111505487657768,hifld_spatial,2,OKLAHOMA NATURAL GAS CO.,INVESTOR-OWNED,31.609509384928383
40025,Cimarron,OK,7.397197882661162,7.397197882661162,hifld_spatial,2,WEST TEXAS GAS,PRIVATE,99.95255322700284
40027,Cleveland,OK,8.134649250498839,8.134649250498839,hifld_spatial,1,OKLAHOMA NATURAL GAS CO.,INVESTOR-OWNED,60.11506420600443
40029,Coal,OK,8.59993819109829,8.59993819109829,hifld_spatial,2,CENTERPOINT ENERGY,INVESTOR-OWNED,99.8121254629588
40031,Comanche,OK,8.579138726531857,8.579138726531857,hifld_spatial,2,CENTERPOINT ENERGY,INVESTOR-OWNED,103.38704487836812
40033,Cotton,OK,8.439387763601351,8.439387763601351,hifld_spatial,3,CENTERPOINT ENERGY,INVESTOR-OWNED,151.57809761471808
40035,Craig,OK,8.714377690488636,8.714377690488636,hifld_spatial,4,CHELSEA GAS AUTHORITY,MUNICIPAL,0.0212183659824898
40037,Creek,OK,8.691690456883897,8.691690456883897,hifld_spatial,4,OKLAHOMA NATURAL GAS CO.,INVESTOR-OWNED,52.03065087976997
40039,Custer,OK,8.475526424285823,8.475526424285823,hifld_spatial,3,CENTERPOINT ENERGY,INVESTOR-OWNED,95.8564852602459
40041,Delaware,OK,9.976978422216565,9.976978422216565,hifld_spatial,5,JAY UTIL ITY AUTHORITY,MUNICIPAL,89.19995411057066
40043,Dewey,OK,8.5931245049666,8.5931245049666,hifld_spatial,2,CENTERPOINT ENERGY,INVESTOR-OWNED,102.45326940462554
40045,Ellis,OK,8.094512268848828,8.094512268848828,hifld_spatial,2,OKLAHOMA NATURAL GAS CO.,INVESTOR-OWNED,0.2095191970653538
40047,Garfield,OK,8.48506376454405,8.48506376454405,hifld_spatial,2,CENTERPOINT ENERGY,INVESTOR-OWNED,141.32862518277236
40049,Garvin,OK,8.1787472562858,8.1787472562858,hifld_spatial,2,OKLAHOMA NATURAL GAS CO.,INVESTOR-OWNED,99.35991516235713
40051,Grady,OK,8.313713433849804,8.313713433849804,hifld_spatial,2,OKLAHOMA NATURAL GAS CO.,INVESTOR-OWNED,92.9337906152709
40053,Grant,OK,8.599736685989441,8.599736685989441,hifld_spatial,2,CENTERPOINT ENERGY,INVESTOR-OWNED,73.47667364834105
40055,Greer,OK,8.573371867752746,8.573371867752746,hifld_spatial,2,CENTERPOINT ENERGY,INVESTOR-OWNED,129.6953798954715
40057,Harmon,OK,8.368288839447262,8.368288839447262,hifld_spatial,4,CENTERPOINT ENERGY,INVESTOR-OWNED,198.2544760608035
40059,Harper,OK,8.134139017749696,8.134139017749696,hifld_spatial,2,OKLAHOMA NATURAL GAS CO.,INVESTOR-OWNED,98.68421897117904
40061,Haskell,OK,7.837968180369729,7.837968180369729,hifld_spatial,2,ARKANSAS OKLAHOMA GAS CORP,OTHER,100.09501001788034
40063,Hughes,OK,8.2160506182009,8.2160506182009,hifld_spatial,2,OKLAHOMA NATURAL GAS CO.,INVESTOR-OWNED,84.16352711526075
40065,Jackson,OK,8.550991103629814,8.550991103629814,hifld_spatial,3,CENTERPOINT ENERGY,INVESTOR-OWNED,105.7137822425466
40067,Jefferson,OK,8.133525850049349,8.133525850049349,hifld_spatial,3,OKLAHOMA NATURAL GAS CO.,INVESTOR-OWNED,63.9109235325987
40069,Johnston,OK,8.135501969466155,8.135501969466155,hifld_spatial,2,OKLAHOMA NATURAL GAS CO.,INVESTOR-OWNED,35.64843447060735
40071,Kay,OK,8.437743968455202,8.437743968455202,hifld_spatial,4,CENTERPOINT ENERGY,INVESTOR-OWNED,119.71352496859085
40073,Kingfisher,OK,8.136127171500037,8.136127171500037,hifld_spatial,3,OKLAHOMA NATURAL GAS CO.,INVESTOR-OWNED,100.19906896018628
40075,Kiowa,OK,8.13879729389858,8.13879729389858,hifld_spatial,2,OKLAHOMA NATURAL GAS CO.,INVESTOR-OWNED,84.2105508661507
40077,Latimer,OK,8.07152567602249,8.07152567602249,hifld_spatial,3,ARKANSAS OKLAHOMA GAS CORP,OTHER,195.10604876642537
40079,Le Flore,OK,7.956835787649504,7.956835787649504,hifld_spatial,4,ARKANSAS OKLAHOMA GAS CORP,OTHER,160.35694530650176
40081,Lincoln,OK,8.138237063951726,8.138237063951726,hifld_spatial,2,OKLAHOMA NATURAL GAS CO.,INVESTOR-OWNED,64.1562875287884
40083,Logan,OK,8.139093072414818,8.139093072414818,hifld_spatial,2,OKLAHOMA NATURAL GAS CO.,INVESTOR-OWNED,54.45720777818889
40085,Love,OK,6.850298007754718,6.850298007754718,hifld_spatial,2,ATMOS ENERGY CORPORATION,INVESTOR-OWNED,0.5177173450376128
40087,McClain,OK,8.134649250498839,8.134649250498839,hifld_spatial,1,OKLAHOMA NATURAL GAS CO.,INVESTOR-OWNED,90.15737121899386
40089,McCurtain,OK,8.116353275907391,8.116353275907391,hifld_spatial,4,OKLAHOMA NATURAL GAS CO.,INVESTOR-OWNED,47.53436414564011
40091,McIntosh,OK,8.134616286640156,8.134616286640156,hifld_spatial,2,OKLAHOMA NATURAL GAS CO.,INVESTOR-OWNED,56.98541797176467
40093,Major,OK,8.596661972004759,8.596661972004759,hifld_spatial,2,CENTERPOINT ENERGY,INVESTOR-OWNED,29.17695597155448
40095,Marshall,OK,8.593944118422051,8.593944118422051,hifld_spatial,3,CENTERPOINT ENERGY,INVESTOR-OWNED,58.7309967118677
40097,Mayes,OK,8.135765466317398,8.135765466317398,hifld_spatial,2,OKLAHOMA NATURAL GAS CO.,INVESTOR-OWNED,81.25348461246597
40099,Murray,OK,8.305708847817355,8.305708847817355,hifld_spatial,2,OKLAHOMA NATURAL GAS CO.,INVESTOR-OWNED,12.24072972941747
40101,Muskogee,OK,8.135080204892343,8.135080204892343,hifld_spatial,4,OKLAHOMA NATURAL GAS CO.,INVESTOR-OWNED,91.0567184212743
40103,Noble,OK,8.152163598701103,8.152163598701103,hifld_spatial,3,OKLAHOMA NATURAL GAS CO.,INVESTOR-OWNED,64.74264081676
40105,Nowata,OK,6.837829984610717,6.837829984610717,hifld_spatial,2,ATMOS ENERGY CORPORATION,INVESTOR-OWNED,0.178752319661511
40107,Okfuskee,OK,8.153682347680222,8.153682347680222,hifld_spatial,2,OKLAHOMA NATURAL GAS CO.,INVESTOR-OWNED,104.26736489042749
40109,Oklahoma,OK,8.134649250498839,8.134649250498839,hifld_spatial,1,OKLAHOMA NATURAL GAS CO.,INVESTOR-OWNED,101.88242056732167
40111,Okmulgee,OK,8.134649250498839,8.134649250498839,hifld_spatial,1,OKLAHOMA NATURAL GAS CO.,INVESTOR-OWNED,123.90297897929337
40113,Osage,OK,8.452721131902544,8.452721131902544,hifld_spatial,4,CENTERPOINT ENERGY,INVESTOR-OWNED,72.54757948052699
40115,Ottawa,OK,8.155015919333032,8.155015919333032,hifld_spatial,4,NORTHEAST OKLAHOMA PUBLIC FAC,MUNICIPAL,54.33677328576972
40117,Pawnee,OK,8.687442232715345,8.687442232715345,hifld_spatial,3,CENTERPOINT ENERGY,INVESTOR-OWNED,201.63653928750057
40119,Payne,OK,8.391872165767975,8.391872165767975,hifld_spatial,3,CENTERPOINT ENERGY,INVESTOR-OWNED,171.44649757379344
40121,Pittsburg,OK,8.484786350991811,8.484786350991811,hifld_spatial,3,CENTERPOINT ENERGY,INVESTOR-OWNED,77.1880456939194
40123,Pontotoc,OK,8.558743136153762,8.558743136153762,hifld_spatial,2,CENTERPOINT ENERGY,INVESTOR-OWNED,104.12541890178746
40125,Pottawatomie,OK,8.223313689047194,8.223313689047194,hifld_spatial,2,OKLAHOMA NATURAL GAS CO.,INVESTOR-OWNED,117.84104377491047
40127,Pushmataha,OK,8.136975096243157,8.136975096243157,hifld_spatial,3,OKLAHOMA NATURAL GAS CO.,INVESTOR-OWNED,19.26875026935865
40129,Roger Mills,OK,8.59202665206944,8.59202665206944,hifld_spatial,2,CENTERPOINT ENERGY,INVESTOR-OWNED,39.63338980347064
40131,Rogers,OK,8.568991779921717,8.568991779921717,hifld_spatial,2,OKLAHOMA NATURAL GAS CO.,INVESTOR-OWNED,77.49861846674615
40133,Seminole,OK,8.410382152671712,8.410382152671712,hifld_spatial,2,CENTERPOINT ENERGY,INVESTOR-OWNED,163.13410436571525
40135,Sequoyah,OK,7.751341286438931,7.751341286438931,hifld_spatial,3,ARKANSAS OKLAHOMA GAS CORP,OTHER,100.45299276999756
40137,Stephens,OK,8.564910257521145,8.564910257521145,hifld_spatial,2,CENTERPOINT ENERGY,INVESTOR-OWNED,43.99769695195146
40139,Texas,OK,8.076091861695518,8.076091861695518,hifld_spatial,5,WEST TEXAS GAS,PRIVATE,100.161922078129
40141,Tillman,OK,8.14321038394781,8.14321038394781,hifld_spatial,3,OKLAHOMA NATURAL GAS CO.,INVESTOR-OWNED,74.0694011711069
40143,Tulsa,OK,8.136534045525588,8.136534045525588,hifld_spatial,3,OKLAHOMA NATURAL GAS CO.,INVESTOR-OWNED,93.1440482885519
40145,Wagoner,OK,8.134820102961756,8.134820102961756,hifld_spatial,2,OKLAHOMA NATURAL GAS CO.,INVESTOR-OWNED,79.52906720069393
40147,Washington,OK,8.122050917152208,8.122050917152208,hifld_spatial,2,OKLAHOMA NATURAL GAS CO.,INVESTOR-OWNED,26.598661559164896
40149,Washita,OK,8.592169340121716,8.592169340121716,hifld_spatial,2,CENTERPOINT ENERGY,INVESTOR-OWNED,101.49580932351913
40151,Woods,OK,8.134649250498839,8.134649250498839,hifld_spatial,1,OKLAHOMA NATURAL GAS CO.,INVESTOR-OWNED,0.1851417303312997
40153,Woodward,OK,8.134649250498839,8.134649250498839,hifld_spatial,1,OKLAHOMA NATURAL GAS CO.,INVESTOR-OWNED,99.93986821489258
41001,Baker,OR,6.811565428729259,6.811565428729259,hifld_spatial,2,AVISTA CORP,INVESTOR-OWNED,29.732649952589544
41003,Benton,OR,6.072482560541808,6.072482560541808,hifld_spatial,1,NORTHWEST NATURAL GAS CO.,INVESTOR-OWNED,99.99999999999996
41005,Clackamas,OR,6.072482560541808,6.072482560541808,hifld_spatial,1,NORTHWEST NATURAL GAS CO.,INVESTOR-OWNED,24.09970861586663
41007,Clatsop,OR,6.072482560541808,6.072482560541808,hifld_spatial,1,NORTHWEST NATURAL GAS CO.,INVESTOR-OWNED,97.7290079350389
41009,Columbia,OR,6.176088135282684,6.176088135282684,hifld_spatial,3,NORTHWEST NATURAL GAS CO.,INVESTOR-OWNED,99.99477984711132
41011,Coos,OR,6.0724825605418085,6.0724825605418085,hifld_spatial,1,NORTHWEST NATURAL GAS CO.,INVESTOR-OWNED,1.4541170256674372
41013,Crook,OR,7.93795499046089,7.93795499046089,hifld_spatial,1,CASCADE NATURAL GAS,OTHER,1.7583431358649233
41015,Curry,OR,6.160791513667891,6.160791513667891,hifld_spatial,1,AVISTA CORP,INVESTOR-OWNED,0.6953281490222898
41017,Deschutes,OR,7.937954990460889,7.937954990460889,hifld_spatial,1,CASCADE NATURAL GAS,OTHER,11.960468101145208
41019,Douglas,OR,6.16807125163778,6.16807125163778,hifld_spatial,3,AVISTA CORP,INVESTOR-OWNED,33.33783745570012
41021,Gilliam,OR,7.599463172245627,7.599463172245627,hifld_spatial,1,NORTHWEST NATURAL GAS CO.,INVESTOR-OWNED,0.1903421840984979
41023,Grant,OR,7.93795499046089,7.93795499046089,hifld_spatial,1,CASCADE NATURAL GAS,OTHER,0.009606582221813
41025,Harney,OR,7.794581088074813,7.794581088074813,hifld_spatial,2,SOUTHWEST GAS CORP,INVESTOR-OWNED,0.1777448050651948
41027,Hood River,OR,6.099938127241792,6.099938127241792,hifld_spatial,2,NORTHWEST NATURAL GAS CO.,INVESTOR-OWNED,98.50317216574848
41029,Jackson,OR,6.160802760847112,6.160802760847112,hifld_spatial,2,AVISTA CORP,INVESTOR-OWNED,99.58901952410211
41031,Jefferson,OR,7.935926977236743,7.935926977236743,hifld_spatial,2,CASCADE NATURAL GAS,OTHER,24.69080582974868
41033,Josephine,OR,6.160791513667891,6.160791513667891,hifld_spatial,1,AVISTA CORP,INVESTOR-OWNED,94.70958373747692
41035,Klamath,OR,6.924314639484426,6.924314639484426,hifld_spatial,2,AVISTA CORP,INVESTOR-OWNED,65.84755940508165
41037,Lake,OR,7.771610929460901,7.771610929460901,hifld_spatial,3,CASCADE NATURAL GAS,OTHER,0.0443751577418338
41039,Lane,OR,6.074537112927375,6.074537112927375,hifld_spatial,2,NORTHWEST NATURAL GAS CO.,INVESTOR-OWNED,55.25225046360981
41041,Lincoln,OR,6.072482560541808,6.072482560541808,hifld_spatial,1,NORTHWEST NATURAL GAS CO.,INVESTOR-OWNED,99.75093882882628
41043,Linn,OR,6.072482560541808,6.072482560541808,hifld_spatial,1,NORTHWEST NATURAL GAS CO.,INVESTOR-OWNED,60.18492458659777
41045,Malheur,OR,7.926672753365612,7.926672753365612,hifld_spatial,2,CASCADE NATURAL GAS,OTHER,2.008651700326801
41047,Marion,OR,6.072482560541808,6.072482560541808,hifld_spatial,1,NORTHWEST NATURAL GAS CO.,INVESTOR-OWNED,72.95394935251328
41049,Morrow,OR,7.93795499046089,7.93795499046089,hifld_spatial,1,CASCADE NATURAL GAS,OTHER,17.163617644210387
41051,Multnomah,OR,6.0802047332858375,6.0802047332858375,hifld_spatial,2,NORTHWEST NATURAL GAS CO.,INVESTOR-OWNED,98.23681380125316
41053,Polk,OR,6.072482560541808,6.072482560541808,hifld_spatial,1,NORTHWEST NATURAL GAS CO.,INVESTOR-OWNED,100.00000000000004
41055,Sherman,OR,7.599463172245627,7.599463172245627,hifld_spatial,1,NORTHWEST NATURAL GAS CO.,INVESTOR-OWNED,7.287447552543506e-06
41057,Tillamook,OR,6.072482560541808,6.072482560541808,hifld_spatial,1,NORTHWEST NATURAL GAS CO.,INVESTOR-OWNED,99.57168166552005
41059,Umatilla,OR,7.944371890973971,7.944371890973971,hifld_spatial,4,CASCADE NATURAL GAS,OTHER,99.21191528774344
41061,Union,OR,6.164862319954219,6.164862319954219,hifld_spatial,2,AVISTA CORP,INVESTOR-OWNED,69.16323744932436
41063,Wallowa,OR,7.153729976078199,7.153729976078199,hifld_spatial,2,CASCADE NATURAL GAS,OTHER,0.2137330608420654
41065,Wasco,OR,6.316313711643506,6.316313711643506,hifld_spatial,3,NORTHWEST NATURAL GAS CO.,INVESTOR-OWNED,9.049636687691802
41067,Washington,OR,6.072482560541808,6.072482560541808,hifld_spatial,1,NORTHWEST NATURAL GAS CO.,INVESTOR-OWNED,100.0
41069,Wheeler,OR,7.98069120606989,7.98069120606989,state_avg_no_coverage,0,,,0.0
41071,Yamhill,OR,6.0724825605418085,6.0724825605418085,hifld_spatial,1,NORTHWEST NATURAL GAS CO.,INVESTOR-OWNED,99.99999999999991
42001,Adams,PA,8.799202278574805,8.799202278574805,hifld_spatial,3,COLUMBIA GAS OF PENNSYLVANIA,INVESTOR-OWNED,107.65055339696552
42003,Allegheny,PA,7.429099242495712,7.429099242495712,hifld_spatial,4,COLUMBIA GAS OF PENNSYLVANIA,INVESTOR-OWNED,229.16092125206185
42005,Armstrong,PA,7.423342756319736,7.423342756319736,hifld_spatial,2,PHILLIPS T W GAS & OIL CO,PRIVATE,210.7915640827895
42007,Beaver,PA,8.793880180417837,8.793880180417837,hifld_spatial,2,COLUMBIA GAS OF PENNSYLVANIA,INVESTOR-OWNED,100.18732794900563
42009,Bedford,PA,8.799227608269907,8.799227608269907,hifld_spatial,2,COLUMBIA GAS OF PENNSYLVANIA,INVESTOR-OWNED,128.0171980863665
42011,Berks,PA,7.720121678263056,7.720121678263056,hifld_spatial,3,PECO ENERGY CO,INVESTOR-OWNED,16.47080220436659
42013,Blair,PA,8.799197984003506,8.799197984003506,hifld_spatial,1,COLUMBIA GAS OF PENNSYLVANIA,INVESTOR-OWNED,108.78921874946514
42015,Bradford,PA,6.206202177983738,6.206202177983738,hifld_spatial,5,"VALLEY ENERGY, INC.",INVESTOR-OWNED,67.83810995427505
42017,Bucks,PA,6.372686343528732,6.372686343528732,hifld_spatial,5,PECO ENERGY CO,INVESTOR-OWNED,67.86609661822139
42019,Butler,PA,7.423495762725504,7.423495762725504,hifld_spatial,2,COLUMBIA GAS OF PENNSYLVANIA,INVESTOR-OWNED,212.9728551875045
42021,Cambria,PA,7.379924771294707,7.379924771294707,hifld_spatial,2,PHILLIPS T W GAS & OIL CO,PRIVATE,4.010512017677504
42023,Cameron,PA,8.799197984003506,8.799197984003506,hifld_spatial,1,COLUMBIA GAS OF PENNSYLVANIA,INVESTOR-OWNED,1.0629103434563008
42025,Carbon,PA,10.613460584165397,10.613460584165397,hifld_spatial,1,UGI CENTRAL PENN GAS,INVESTOR-OWNED,29.585929300170104
42027,Centre,PA,8.799197984003506,8.799197984003506,hifld_spatial,1,COLUMBIA GAS OF PENNSYLVANIA,INVESTOR-OWNED,101.18225349036118
42029,Chester,PA,7.543929407424407,7.543929407424407,hifld_spatial,3,COLUMBIA GAS OF PENNSYLVANIA,INVESTOR-OWNED,178.4623441519901
42031,Clarion,PA,7.423748295612456,7.423748295612456,hifld_spatial,2,COLUMBIA GAS OF PENNSYLVANIA,INVESTOR-OWNED,263.65081098571113
42033,Clearfield,PA,8.79915958907013,8.79915958907013,hifld_spatial,2,COLUMBIA GAS OF PENNSYLVANIA,INVESTOR-OWNED,128.72375301341896
42035,Clinton,PA,12.60125205970492,12.60125205970492,hifld_spatial,3,UGI PENN NATURAL GAS,INVESTOR-OWNED,50.614671916689794
42037,Columbia,PA,12.698233143626556,12.698233143626556,hifld_spatial,1,UGI PENN NATURAL GAS,INVESTOR-OWNED,21.531850894087512
42039,Crawford,PA,8.836613780425921,8.836613780425921,hifld_spatial,2,COLUMBIA GAS OF PENNSYLVANIA,INVESTOR-OWNED,0.0228486952354894
42041,Cumberland,PA,8.799197984003506,8.799197984003506,hifld_spatial,1,COLUMBIA GAS OF PENNSYLVANIA,INVESTOR-OWNED,20.023695389172445
42043,Dauphin,PA,8.799197984003506,8.799197984003506,hifld_spatial,1,COLUMBIA GAS OF PENNSYLVANIA,INVESTOR-OWNED,4.817482611291585
42045,Delaware,PA,5.8859589582788026,5.8859589582788026,hifld_spatial,6,PECO ENERGY CO,INVESTOR-OWNED,100.4580994428485
42047,Elk,PA,8.79349533360643,8.79349533360643,hifld_spatial,2,COLUMBIA GAS OF PENNSYLVANIA,INVESTOR-OWNED,107.05757026193751
42049,Erie,PA,7.583543642160852,7.583543642160852,hifld_spatial,4,NORTH EAST HEAT & LIGHT CO.,INVESTOR-OWNED,0.2817620633381721
42051,Fayette,PA,8.793499678824158,8.793499678824158,hifld_spatial,3,COLUMBIA GAS OF PENNSYLVANIA,INVESTOR-OWNED,100.19797121109016
42053,Forest,PA,6.325937318334176,6.325937318334176,hifld_spatial,2,PHILLIPS T W GAS & OIL CO,PRIVATE,51.092065060811365
42055,Franklin,PA,8.754603877093281,8.754603877093281,hifld_spatial,3,COLUMBIA GAS OF PENNSYLVANIA,INVESTOR-OWNED,129.43600842146736
42057,Fulton,PA,8.799217131998393,8.799217131998393,hifld_spatial,2,COLUMBIA GAS OF PENNSYLVANIA,INVESTOR-OWNED,117.47675418593148
42059,Greene,PA,8.799197984003506,8.799197984003506,hifld_spatial,1,COLUMBIA GAS OF PENNSYLVANIA,INVESTOR-OWNED,100.1120177450745
42061,Huntingdon,PA,9.559463489224656,9.559463489224656,hifld_spatial,2,COLUMBIA GAS OF PENNSYLVANIA,INVESTOR-OWNED,18.022518435000983
42063,Indiana,PA,7.42362687460164,7.42362687460164,hifld_spatial,2,COLUMBIA GAS OF PENNSYLVANIA,INVESTOR-OWNED,199.9419901348417
42065,Jefferson,PA,7.426102934070646,7.426102934070646,hifld_spatial,2,COLUMBIA GAS OF PENNSYLVANIA,INVESTOR-OWNED,209.82963974919684
42067,Juniata,PA,10.61102811061528,10.61102811061528,hifld_spatial,2,UGI CENTRAL PENN GAS,INVESTOR-OWNED,43.13567939984788
42069,Lackawanna,PA,12.698233143626556,12.698233143626556,hifld_spatial,1,UGI PENN NATURAL GAS,INVESTOR-OWNED,97.36820294465907
42071,Lancaster,PA,6.4280610860272205,6.4280610860272205,hifld_spatial,3,PECO ENERGY CO,INVESTOR-OWNED,7.781872839792788
42073,Lawrence,PA,8.798102908068884,8.798102908068884,hifld_spatial,2,COLUMBIA GAS OF PENNSYLVANIA,INVESTOR-OWNED,100.02181112674664
42075,Lebanon,PA,10.613460584165397,10.613460584165397,hifld_spatial,1,UGI CENTRAL PENN GAS,INVESTOR-OWNED,6.690224917414694
42077,Lehigh,PA,10.613460584165397,10.613460584165397,hifld_spatial,1,UGI CENTRAL PENN GAS,INVESTOR-OWNED,23.753200310431986
42079,Luzerne,PA,12.551829963768157,12.551829963768157,hifld_spatial,2,UGI PENN NATURAL GAS,INVESTOR-OWNED,76.54853739201559
42081,Lycoming,PA,12.641951466432022,12.641951466432022,hifld_spatial,2,UGI PENN NATURAL GAS,INVESTOR-OWNED,47.02155421751511
42083,McKean,PA,8.880881466582645,8.880881466582645,hifld_spatial,4,COLUMBIA GAS OF PENNSYLVANIA,INVESTOR-OWNED,163.35716752435675
42085,Mercer,PA,8.84881485533726,8.84881485533726,hifld_spatial,3,COLUMBIA GAS OF PENNSYLVANIA,INVESTOR-OWNED,102.83224791264485
42087,Mifflin,PA,9.546416109125802,9.546416109125802,hifld_spatial,2,COLUMBIA GAS OF PENNSYLVANIA,INVESTOR-OWNED,78.93175595123833
42089,Monroe,PA,13.859036439202557,13.859036439202557,hifld_spatial,2,ELIZABETHTOWN GAS CO.,INVESTOR-OWNED,26.50756209476168
42091,Montgomery,PA,5.857620665345267,5.857620665345267,hifld_spatial,4,PECO ENERGY CO,INVESTOR-OWNED,90.44365543943464
42093,Montour,PA,12.698233143626556,12.698233143626556,hifld_spatial,1,UGI PENN NATURAL GAS,INVESTOR-OWNED,63.90118875409696
42095,Northampton,PA,12.416673278970691,12.416673278970691,hifld_spatial,2,ELIZABETHTOWN GAS CO.,INVESTOR-OWNED,40.74690999039281
42097,Northumberland,PA,12.698233143626558,12.698233143626558,hifld_spatial,1,UGI PENN NATURAL GAS,INVESTOR-OWNED,75.05439091290505
42099,Perry,PA,8.799197984003506,8.799197984003506,hifld_spatial,1,COLUMBIA GAS OF PENNSYLVANIA,INVESTOR-OWNED,2.155454555211108
42101,Philadelphia,PA,12.93173127723242,12.93173127723242,hifld_spatial,3,PHILADELPHIA GAS WORKS,MUNICIPAL,99.5349928079743
42103,Pike,PA,12.345422412261216,12.345422412261216,hifld_spatial,4,UGI PENN NATURAL GAS,INVESTOR-OWNED,15.964415176819076
42105,Potter,PA,8.33267369352684,8.33267369352684,hifld_spatial,2,NATIONAL FUEL GAS DISTRIBUTION,INVESTOR-OWNED,93.42322363503692
42107,Schuylkill,PA,10.613460584165397,10.613460584165397,hifld_spatial,1,UGI CENTRAL PENN GAS,INVESTOR-OWNED,33.25620439748889
42109,Snyder,PA,12.698233143626556,12.698233143626556,hifld_spatial,1,UGI PENN NATURAL GAS,INVESTOR-OWNED,16.30934675548258
42111,Somerset,PA,8.841549910668881,8.841549910668881,hifld_spatial,4,COLUMBIA GAS OF PENNSYLVANIA,INVESTOR-OWNED,103.10098478377216
42113,Sullivan,PA,12.698233143626556,12.698233143626556,hifld_spatial,1,UGI PENN NATURAL GAS,INVESTOR-OWNED,0.1072351017882293
42115,Susquehanna,PA,12.677068574626404,12.677068574626404,hifld_spatial,2,UGI PENN NATURAL GAS,INVESTOR-OWNED,5.525844457479576
42117,Tioga,PA,10.576478849892592,10.576478849892592,hifld_spatial,2,UGI CENTRAL PENN GAS,INVESTOR-OWNED,94.4347044311848
42119,Union,PA,12.690108281264292,12.690108281264292,hifld_spatial,2,UGI PENN NATURAL GAS,INVESTOR-OWNED,50.41321977812744
42121,Venango,PA,8.784428883572868,8.784428883572868,hifld_spatial,2,COLUMBIA GAS OF PENNSYLVANIA,INVESTOR-OWNED,157.32581173016348
42123,Warren,PA,8.804463707562086,8.804463707562086,hifld_spatial,3,COLUMBIA GAS OF PENNSYLVANIA,INVESTOR-OWNED,100.51233902099943
42125,Washington,PA,8.79095875573148,8.79095875573148,hifld_spatial,2,COLUMBIA GAS OF PENNSYLVANIA,INVESTOR-OWNED,116.06864510772984
42127,Wayne,PA,12.69785057501712,12.69785057501712,hifld_spatial,2,UGI PENN NATURAL GAS,INVESTOR-OWNED,19.011861371713792
42129,Westmoreland,PA,7.4289180969145,7.4289180969145,hifld_spatial,2,COLUMBIA GAS OF PENNSYLVANIA,INVESTOR-OWNED,199.19166449310652
42131,Wyoming,PA,12.698233143626556,12.698233143626556,hifld_spatial,1,UGI PENN NATURAL GAS,INVESTOR-OWNED,99.87378352548578
42133,York,PA,8.828547365336023,8.828547365336023,hifld_spatial,3,COLUMBIA GAS OF PENNSYLVANIA,INVESTOR-OWNED,101.55532125822307
44001,Bristol,RI,10.282446358436625,10.282446358436625,hifld_spatial,3,NARRAGANSETT ELECTRIC CO (GAS DIVISION OF RI),INVESTOR-OWNED,100.12746466608664
44003,Kent,RI,10.27113180350819,10.27113180350819,hifld_spatial,1,NARRAGANSETT ELECTRIC CO (GAS DIVISION OF RI),INVESTOR-OWNED,89.08165870860009
44005,Newport,RI,10.288798260571207,10.288798260571207,hifld_spatial,2,NARRAGANSETT ELECTRIC CO (GAS DIVISION OF RI),INVESTOR-OWNED,37.67150720721395
44007,Providence,RI,10.31077620313851,10.31077620313851,hifld_spatial,5,NARRAGANSETT ELECTRIC CO (GAS DIVISION OF RI),INVESTOR-OWNED,65.40533666306298
44009,Washington,RI,10.270728549880433,10.270728549880433,hifld_spatial,2,NARRAGANSETT ELECTRIC CO (GAS DIVISION OF RI),INVESTOR-OWNED,49.552187588209264
45001,Abbeville,SC,5.969610479099954,5.969610479099954,hifld_spatial,3,GREENWOOD COMM. OF PUBLIC WOR,MUNICIPAL,1.2594805683932195
45003,Aiken,SC,6.293045302793065,6.293045302793065,hifld_spatial,1,SOUTH CAROLINA ELECTRIC & GAS,INVESTOR-OWNED,0.500578566389035
45005,Allendale,SC,6.257230708416819,6.257230708416819,hifld_spatial,2,SOUTH CAROLINA ELECTRIC & GAS,INVESTOR-OWNED,4.167470949599273
45007,Anderson,SC,7.157243617723285,7.157243617723285,hifld_spatial,2,PIEDMONT NATURAL GAS,INVESTOR-OWNED,126.95165283843102
45009,Bamberg,SC,6.293045302793065,6.293045302793065,hifld_spatial,1,SOUTH CAROLINA ELECTRIC & GAS,INVESTOR-OWNED,100.49680388268511
45011,Barnwell,SC,6.293045302793065,6.293045302793065,hifld_spatial,1,SOUTH CAROLINA ELECTRIC & GAS,INVESTOR-OWNED,99.2275763962775
45013,Beaufort,SC,6.293045302793065,6.293045302793065,hifld_spatial,1,SOUTH CAROLINA ELECTRIC & GAS,INVESTOR-OWNED,97.3011429065889
45015,Berkeley,SC,6.293045302793065,6.293045302793065,hifld_spatial,1,SOUTH CAROLINA ELECTRIC & GAS,INVESTOR-OWNED,99.99143956585492
45017,Calhoun,SC,6.29322759650373,6.29322759650373,hifld_spatial,2,SOUTH CAROLINA ELECTRIC & GAS,INVESTOR-OWNED,99.88771510603704
45019,Charleston,SC,6.293045302793065,6.293045302793065,hifld_spatial,1,SOUTH CAROLINA ELECTRIC & GAS,INVESTOR-OWNED,99.6692344402
45021,Cherokee,SC,7.309353521710641,7.309353521710641,hifld_spatial,6,PIEDMONT NATURAL GAS,INVESTOR-OWNED,103.73208133311988
45023,Chester,SC,5.905177792980807,5.905177792980807,hifld_spatial,4,SOUTH CAROLINA ELECTRIC & GAS,INVESTOR-OWNED,198.68933567661728
45025,Chesterfield,SC,6.293103065837047,6.293103065837047,hifld_spatial,2,SOUTH CAROLINA ELECTRIC & GAS,INVESTOR-OWNED,99.95197455656206
45027,Clarendon,SC,6.293045302793064,6.293045302793064,hifld_spatial,1,SOUTH CAROLINA ELECTRIC & GAS,INVESTOR-OWNED,2.984857550080413
45029,Colleton,SC,6.2930453027930655,6.2930453027930655,hifld_spatial,1,SOUTH CAROLINA ELECTRIC & GAS,INVESTOR-OWNED,99.80743282897252
45031,Darlington,SC,6.293045302793065,6.293045302793065,hifld_spatial,1,SOUTH CAROLINA ELECTRIC & GAS,INVESTOR-OWNED,100.00000000000004
45033,Dillon,SC,6.293045302793065,6.293045302793065,hifld_spatial,1,SOUTH CAROLINA ELECTRIC & GAS,INVESTOR-OWNED,99.8876656992618
45035,Dorchester,SC,6.293045302793065,6.293045302793065,hifld_spatial,1,SOUTH CAROLINA ELECTRIC & GAS,INVESTOR-OWNED,99.99999999999989
45037,Edgefield,SC,6.292752841609545,6.292752841609545,hifld_spatial,2,SOUTH CAROLINA ELECTRIC & GAS,INVESTOR-OWNED,95.89203209600194
45039,Fairfield,SC,7.461390102186687,7.461390102186687,hifld_spatial,3,"WINNSBORO, TOWN OF",MUNICIPAL,55.82164329487976
45041,Florence,SC,6.293045302793065,6.293045302793065,hifld_spatial,1,SOUTH CAROLINA ELECTRIC & GAS,INVESTOR-OWNED,99.98755812520804
45043,Georgetown,SC,6.293045302793065,6.293045302793065,hifld_spatial,1,SOUTH CAROLINA ELECTRIC & GAS,INVESTOR-OWNED,99.8434326742608
45045,Greenville,SC,7.369700793115324,7.369700793115324,hifld_spatial,6,PIEDMONT NATURAL GAS,INVESTOR-OWNED,107.08837184171549
45047,Greenwood,SC,5.9820017643752985,5.9820017643752985,hifld_spatial,3,GREENWOOD COMM. OF PUBLIC WOR,MUNICIPAL,197.7855576498208
45049,Hampton,SC,6.291600436297782,6.291600436297782,hifld_spatial,2,SOUTH CAROLINA ELECTRIC & GAS,INVESTOR-OWNED,96.45895119685348
45051,Horry,SC,6.293045302793065,6.293045302793065,hifld_spatial,1,SOUTH CAROLINA ELECTRIC & GAS,INVESTOR-OWNED,99.86276496198434
45053,Jasper,SC,6.293045302793065,6.293045302793065,hifld_spatial,1,SOUTH CAROLINA ELECTRIC & GAS,INVESTOR-OWNED,3.069068858842273
45055,Kershaw,SC,6.293045302793065,6.293045302793065,hifld_spatial,1,SOUTH CAROLINA ELECTRIC & GAS,INVESTOR-OWNED,99.93147653414997
45057,Lancaster,SC,6.23325648237457,6.23325648237457,hifld_spatial,4,SOUTH CAROLINA ELECTRIC & GAS,INVESTOR-OWNED,210.38266211094225
45059,Laurens,SC,6.697033603981973,6.697033603981973,hifld_spatial,6,LAURENS COMM. OF PUBLIC WORKS,MUNICIPAL,72.53090322174283
45061,Lee,SC,6.293045302793065,6.293045302793065,hifld_spatial,1,SOUTH CAROLINA ELECTRIC & GAS,INVESTOR-OWNED,100.00000000000016
45063,Lexington,SC,6.293081720688627,6.293081720688627,hifld_spatial,2,SOUTH CAROLINA ELECTRIC & GAS,INVESTOR-OWNED,99.64538629182276
45065,McCormick,SC,6.013396780830642,6.013396780830642,hifld_spatial,2,SOUTH CAROLINA ELECTRIC & GAS,INVESTOR-OWNED,1.2934462914616676
45067,Marion,SC,6.293045302793065,6.293045302793065,hifld_spatial,1,SOUTH CAROLINA ELECTRIC & GAS,INVESTOR-OWNED,100.00000000000016
45069,Marlboro,SC,6.539219058438226,6.539219058438226,hifld_spatial,2,SOUTH CAROLINA ELECTRIC & GAS,INVESTOR-OWNED,121.76578209373372
45071,Newberry,SC,6.407324678097825,6.407324678097825,hifld_spatial,4,SOUTH CAROLINA ELECTRIC & GAS,INVESTOR-OWNED,117.04219285192158
45073,Oconee,SC,6.4656401338346905,6.4656401338346905,hifld_spatial,4,FORT HILL NATURAL GAS AUTHORITY,OTHER,39.554673611630825
45075,Orangeburg,SC,6.5961358454051,6.5961358454051,hifld_spatial,2,SOUTH CAROLINA ELECTRIC & GAS,INVESTOR-OWNED,116.86321602494776
45077,Pickens,SC,6.483013334381659,6.483013334381659,hifld_spatial,3,FORT HILL NATURAL GAS AUTHORITY,OTHER,71.00040643131155
45079,Richland,SC,6.296317405379023,6.296317405379023,hifld_spatial,2,SOUTH CAROLINA ELECTRIC & GAS,INVESTOR-OWNED,99.97569096930717
45081,Saluda,SC,6.289273540149496,6.289273540149496,hifld_spatial,2,SOUTH CAROLINA ELECTRIC & GAS,INVESTOR-OWNED,100.37871006502746
45083,Spartanburg,SC,7.191305491963729,7.191305491963729,hifld_spatial,7,PIEDMONT NATURAL GAS,INVESTOR-OWNED,105.29048999739064
45085,Sumter,SC,6.293045302793064,6.293045302793064,hifld_spatial,1,SOUTH CAROLINA ELECTRIC & GAS,INVESTOR-OWNED,99.35410694147389
45087,Union,SC,6.071355535914215,6.071355535914215,hifld_spatial,6,SOUTH CAROLINA ELECTRIC & GAS,INVESTOR-OWNED,133.66236189992344
45089,Williamsburg,SC,6.293045302793065,6.293045302793065,hifld_spatial,1,SOUTH CAROLINA ELECTRIC & GAS,INVESTOR-OWNED,99.88791700332452
45091,York,SC,6.0034964767637415,6.0034964767637415,hifld_spatial,6,SOUTH CAROLINA ELECTRIC & GAS,INVESTOR-OWNED,197.9630330755967
46003,Aurora,SD,6.139739366453759,6.139739366453759,state_avg_no_coverage,0,,,0.0
46005,Beadle,SD,6.745817343699976,6.745817343699976,hifld_spatial,1,NORTHWESTERN ENERGY,INVESTOR-OWNED,0.4892514127532902
46007,Bennett,SD,6.139739366453759,6.139739366453759,state_avg_ldc_no_price,1,KINDER MORGAN INC,OTHER,1.0427908133565064e-06
46009,Bon Homme,SD,6.745817343699976,6.745817343699976,hifld_spatial,1,NORTHWESTERN ENERGY,INVESTOR-OWNED,0.178830076977068
46011,Brookings,SD,6.7667039750841615,6.7667039750841615,hifld_spatial,2,NORTHWESTERN ENERGY,INVESTOR-OWNED,9.867181263233968
46013,Brown,SD,6.745817343699977,6.745817343699977,hifld_spatial,1,NORTHWESTERN ENERGY,INVESTOR-OWNED,32.230012001789255
46015,Brule,SD,6.139739366453759,6.139739366453759,state_avg_no_coverage,0,,,0.0
46017,Buffalo,SD,6.139739366453759,6.139739366453759,state_avg_no_coverage,0,,,0.0
46019,Butte,SD,7.610392768972804,7.610392768972804,hifld_spatial,2,MONTANA-DAKOTA UTILITIES,INVESTOR-OWNED,57.3655305445643
46021,Campbell,SD,7.608275403147387,7.608275403147387,hifld_spatial,2,MONTANA-DAKOTA UTILITIES,INVESTOR-OWNED,99.94695652692376
46023,Charles Mix,SD,6.139739366453759,6.139739366453759,state_avg_ldc_no_price,1,KINDER MORGAN INC,OTHER,0.0147124668655546
46025,Clark,SD,6.745817343699976,6.745817343699976,hifld_spatial,1,NORTHWESTERN ENERGY,INVESTOR-OWNED,5.706139245545425
46027,Clay,SD,7.142099718196805,7.142099718196805,hifld_spatial,2,MIDAMERICAN ENERGY,INVESTOR-OWNED,94.24164861820545
46029,Codington,SD,7.085521177266461,7.085521177266461,hifld_spatial,2,WATERTOWN MUNICIPAL GAS,MUNICIPAL,3.215236790441621
46031,Corson,SD,7.609655804918603,7.609655804918603,hifld_spatial,2,MONTANA-DAKOTA UTILITIES,INVESTOR-OWNED,46.98555290559244
46033,Custer,SD,6.139739366453759,6.139739366453759,state_avg_ldc_no_price,1,BLACK HILLS ENERGY,INVESTOR-OWNED,0.0024482963449568
46035,Davison,SD,6.745817343699977,6.745817343699977,hifld_spatial,1,NORTHWESTERN ENERGY,INVESTOR-OWNED,17.180296234118025
46037,Day,SD,6.745817343699976,6.745817343699976,hifld_spatial,1,NORTHWESTERN ENERGY,INVESTOR-OWNED,17.339565018748473
46039,Deuel,SD,6.745817343699976,6.745817343699976,hifld_spatial,1,NORTHWESTERN ENERGY,INVESTOR-OWNED,32.368521286132285
46041,Dewey,SD,7.61048944951462,7.61048944951462,hifld_spatial,1,MONTANA-DAKOTA UTILITIES,INVESTOR-OWNED,0.0016895675932401
46043,Douglas,SD,6.139739366453759,6.139739366453759,state_avg_no_coverage,0,,,0.0
46045,Edmunds,SD,7.610489449514619,7.610489449514619,hifld_spatial,1,MONTANA-DAKOTA UTILITIES,INVESTOR-OWNED,99.1719993583074
46047,Fall River,SD,6.139739366453759,6.139739366453759,state_avg_ldc_no_price,1,KINDER MORGAN INC,OTHER,0.0120295494418029
46049,Faulk,SD,7.610489449514619,7.610489449514619,hifld_spatial,1,MONTANA-DAKOTA UTILITIES,INVESTOR-OWNED,16.687714400696834
46051,Grant,SD,6.745817343699977,6.745817343699977,hifld_spatial,1,NORTHWESTERN ENERGY,INVESTOR-OWNED,5.069191166000923
46053,Gregory,SD,6.745817343699976,6.745817343699976,hifld_spatial,1,NORTHWESTERN ENERGY,INVESTOR-OWNED,1.9330044453639567e-05
46055,Haakon,SD,6.139739366453759,6.139739366453759,state_avg_no_coverage,0,,,0.0
46057,Hamlin,SD,6.745817343699976,6.745817343699976,hifld_spatial,1,NORTHWESTERN ENERGY,INVESTOR-OWNED,53.54856522126009
46059,Hand,SD,6.139739366453759,6.139739366453759,state_avg_no_coverage,0,,,0.0
46061,Hanson,SD,6.745817343699977,6.745817343699977,hifld_spatial,1,NORTHWESTERN ENERGY,INVESTOR-OWNED,0.1517401392375433
46063,Harding,SD,7.610460888436197,7.610460888436197,hifld_spatial,3,MONTANA-DAKOTA UTILITIES,INVESTOR-OWNED,28.551647530166083
46065,Hughes,SD,7.61048944951462,7.61048944951462,hifld_spatial,1,MONTANA-DAKOTA UTILITIES,INVESTOR-OWNED,2.816911441944
46067,Hutchinson,SD,6.745817343699977,6.745817343699977,hifld_spatial,1,NORTHWESTERN ENERGY,INVESTOR-OWNED,0.3387907356000385
46069,Hyde,SD,7.61048944951462,7.61048944951462,hifld_spatial,1,MONTANA-DAKOTA UTILITIES,INVESTOR-OWNED,19.705863136437305
46071,Jackson,SD,6.139739366453759,6.139739366453759,state_avg_no_coverage,0,,,0.0
46073,Jerauld,SD,6.139739366453759,6.139739366453759,state_avg_no_coverage,0,,,0.0
46075,Jones,SD,6.139739366453759,6.139739366453759,state_avg_no_coverage,0,,,0.0
46077,Kingsbury,SD,6.749840411843997,6.749840411843997,hifld_spatial,2,NORTHWESTERN ENERGY,INVESTOR-OWNED,8.534562850088077
46079,Lake,SD,7.142129673976522,7.142129673976522,hifld_spatial,1,MIDAMERICAN ENERGY,INVESTOR-OWNED,91.32911645404351
46081,Lawrence,SD,7.61048944951462,7.61048944951462,hifld_spatial,1,MONTANA-DAKOTA UTILITIES,INVESTOR-OWNED,98.2638173638971
46083,Lincoln,SD,7.142249083031325,7.142249083031325,hifld_spatial,2,MIDAMERICAN ENERGY,INVESTOR-OWNED,99.90565385534411
46085,Lyman,SD,6.745817343699977,6.745817343699977,hifld_spatial,1,NORTHWESTERN ENERGY,INVESTOR-OWNED,2.353171856561061
46087,McCook,SD,7.141629681317375,7.141629681317375,hifld_spatial,2,MIDAMERICAN ENERGY,INVESTOR-OWNED,48.71102989994835
46089,McPherson,SD,7.61048944951462,7.61048944951462,hifld_spatial,1,MONTANA-DAKOTA UTILITIES,INVESTOR-OWNED,99.6374370169606
46091,Marshall,SD,6.139739366453759,6.139739366453759,state_avg_no_coverage,0,,,0.0
46093,Meade,SD,7.61048944951462,7.61048944951462,hifld_spatial,1,MONTANA-DAKOTA UTILITIES,INVESTOR-OWNED,30.624072989905944
46095,Mellette,SD,6.139739366453759,6.139739366453759,state_avg_no_coverage,0,,,0.0
46097,Miner,SD,6.950165902933984,6.950165902933984,hifld_spatial,2,MIDAMERICAN ENERGY,INVESTOR-OWNED,13.015412818785256
46099,Minnehaha,SD,7.141797762619054,7.141797762619054,hifld_spatial,3,MIDAMERICAN ENERGY,INVESTOR-OWNED,99.1411826431936
46101,Moody,SD,7.141044362976807,7.141044362976807,hifld_spatial,2,MIDAMERICAN ENERGY,INVESTOR-OWNED,81.75211751009468
46102,Oglala Lakota,SD,6.139739366453759,6.139739366453759,state_avg_ldc_no_price,1,KINDER MORGAN INC,OTHER,0.0116427958036347
46103,Pennington,SD,7.61048944951462,7.61048944951462,hifld_spatial,1,MONTANA-DAKOTA UTILITIES,INVESTOR-OWNED,0.0020305062177259
46105,Perkins,SD,7.443032626633266,7.443032626633266,hifld_spatial,2,MONTANA-DAKOTA UTILITIES,INVESTOR-OWNED,0.2186892456488135
46107,Potter,SD,7.61048944951462,7.61048944951462,hifld_spatial,1,MONTANA-DAKOTA UTILITIES,INVESTOR-OWNED,52.25698070449768
46109,Roberts,SD,6.745817343699976,6.745817343699976,hifld_spatial,1,NORTHWESTERN ENERGY,INVESTOR-OWNED,0.0041594713652255
46111,Sanborn,SD,6.139739366453759,6.139739366453759,state_avg_no_coverage,0,,,0.0
46115,Spink,SD,6.745817343699976,6.745817343699976,hifld_spatial,1,NORTHWESTERN ENERGY,INVESTOR-OWNED,57.9010359596542
46117,Stanley,SD,7.610489449514619,7.610489449514619,hifld_spatial,1,MONTANA-DAKOTA UTILITIES,INVESTOR-OWNED,0.6777134857090076
46119,Sully,SD,7.61048944951462,7.61048944951462,hifld_spatial,1,MONTANA-DAKOTA UTILITIES,INVESTOR-OWNED,32.04674821697418
46121,Todd,SD,6.139739366453759,6.139739366453759,state_avg_ldc_no_price,1,KINDER MORGAN INC,OTHER,1.9953252128950662e-05
46123,Tripp,SD,6.745817343699977,6.745817343699977,hifld_spatial,1,NORTHWESTERN ENERGY,INVESTOR-OWNED,0.0009315188484971
46125,Turner,SD,6.978721264618795,6.978721264618795,hifld_spatial,2,MIDAMERICAN ENERGY,INVESTOR-OWNED,39.46583867467032
46127,Union,SD,7.167103594581738,7.167103594581738,hifld_spatial,4,MIDAMERICAN ENERGY,INVESTOR-OWNED,101.39969157909414
46129,Walworth,SD,7.61048944951462,7.61048944951462,hifld_spatial,1,MONTANA-DAKOTA UTILITIES,INVESTOR-OWNED,97.2958328558261
46135,Yankton,SD,7.142129673976522,7.142129673976522,hifld_spatial,1,MIDAMERICAN ENERGY,INVESTOR-OWNED,20.73857790919996
46137,Ziebach,SD,6.139739366453759,6.139739366453759,state_avg_no_coverage,0,,,0.0
47001,Anderson,TN,7.463820282355485,7.463820282355485,hifld_spatial,3,OAK RIDGE UTILITY DISTRICT,MUNICIPAL,18.903631245061984
47003,Bedford,TN,8.995108499743047,8.995108499743047,hifld_spatial,2,ATMOS ENERGY CORPORATION,INVESTOR-OWNED,192.4010059531566
47005,Benton,TN,5.240159439635726,5.240159439635726,hifld_spatial,1,WEST TENNESSEE PUBLIC UTILITY,OTHER,9.04990247351231
47007,Bledsoe,TN,13.437953732433424,13.437953732433424,hifld_spatial,3,PIKEVILLE NATURAL GAS SYSTEM,MUNICIPAL,8.742536865651756
47009,Blount,TN,6.378777834738501,6.378777834738501,hifld_spatial,4,ATMOS ENERGY CORPORATION,INVESTOR-OWNED,16.99715282312993
47011,Bradley,TN,4.634253979554127,4.634253979554127,hifld_spatial,1,CHATTANOOGA GAS COMPANY,OTHER,97.48064880639636
47013,Campbell,TN,7.447071864829544,7.447071864829544,hifld_spatial,5,POWELL CLINCH UTILITY DISTRICT,MUNICIPAL,4.456428569822522
47015,Cannon,TN,5.8744875338414175,5.8744875338414175,hifld_spatial,2,MIDDLE TENNESSEE NATURAL GAS,MUNICIPAL,6.891877110050172
47017,Carroll,TN,5.240159439635726,5.240159439635726,hifld_spatial,1,WEST TENNESSEE PUBLIC UTILITY,OTHER,15.388127687629696
47019,Carter,TN,6.361495874353684,6.361495874353684,hifld_spatial,1,ATMOS ENERGY CORPORATION,INVESTOR-OWNED,6.833981809943726
47021,Cheatham,TN,8.157535536369405,8.157535536369405,hifld_spatial,3,PIEDMONT NATURAL GAS,INVESTOR-OWNED,27.873444894940555
47023,Chester,TN,9.405794564719532,9.405794564719532,hifld_spatial,2,"HENDERSON, CITY OF",MUNICIPAL,3.147797636206316
47025,Claiborne,TN,11.570199765729486,11.570199765729486,hifld_spatial,2,CLAIBORNE UTILITIES DISTRICT,MUNICIPAL,98.34294404902658
47027,Clay,TN,7.839785208689285,7.839785208689285,hifld_spatial,1,CLAY GAS UTILITY DISTRICT,MUNICIPAL,98.18765509556444
47029,Cocke,TN,6.355614750987953,6.355614750987953,hifld_spatial,3,JEFFERSON-COCKE COUNTY UTILITY,MUNICIPAL,2.5243448256495675
47031,Coffee,TN,6.238919031839529,6.238919031839529,hifld_spatial,4,MIDDLE TENNESSEE NATURAL GAS,MUNICIPAL,15.539924528892604
47033,Crockett,TN,11.28830999303999,11.28830999303999,hifld_spatial,6,FRIENDSHIP GAS DEPT.,MUNICIPAL,38.934721736071886
47035,Cumberland,TN,5.871889945258939,5.871889945258939,hifld_spatial,2,MIDDLE TENNESSEE NATURAL GAS,MUNICIPAL,10.043434354627934
47037,Davidson,TN,8.348304835958608,8.348304835958608,hifld_spatial,3,PIEDMONT NATURAL GAS,INVESTOR-OWNED,99.33774027464996
47039,Decatur,TN,8.7900692865938,8.7900692865938,hifld_spatial,4,"PARSONS, TOWN OF NATURAL GAS",MUNICIPAL,5.946612392064864
47041,DeKalb,TN,5.795713877104768,5.795713877104768,hifld_spatial,1,MIDDLE TENNESSEE NATURAL GAS,MUNICIPAL,13.5396961196169
47043,Dickson,TN,5.206456541940829,5.206456541940829,hifld_spatial,3,GREATER DICKSON GAS AUTHORITY,MUNICIPAL,87.29043984056976
47045,Dyer,TN,7.257189693894518,7.257189693894518,hifld_spatial,5,DYERSBURG GAS SYSTEM,MUNICIPAL,11.83349480369291
47047,Fayette,TN,7.320195489915354,7.320195489915354,hifld_spatial,4,HARDEMAN-FAYETTE UTILITY DIST,MUNICIPAL,17.661223201327484
47049,Fentress,TN,12.206789232570683,12.206789232570683,hifld_spatial,2,JAMESTOWN GAS SYSTEM,MUNICIPAL,11.96048928413357
47051,Franklin,TN,6.678146028486848,6.678146028486848,hifld_spatial,3,ELK RIVER PUBLIC UTILITY DISTRICT,COOPERATIVE,9.415796453862333
47053,Gibson,TN,8.805317590082746,8.805317590082746,hifld_spatial,4,GIBSON COUNTY UTILITY DISTRICT,MUNICIPAL,30.04205827814944
47055,Giles,TN,7.279230528829286,7.279230528829286,hifld_spatial,5,PULASKI NATURAL GAS DEPT.,MUNICIPAL,49.413459020701424
47057,Grainger,TN,10.045107020203,10.045107020203,hifld_spatial,3,CLAIBORNE UTILITIES DISTRICT,MUNICIPAL,4.547102101207128
47059,Greene,TN,6.401125101344016,6.401125101344016,hifld_spatial,2,ATMOS ENERGY CORPORATION,INVESTOR-OWNED,6.448352477366775
47061,Grundy,TN,5.795713877104768,5.795713877104768,hifld_spatial,1,MIDDLE TENNESSEE NATURAL GAS,MUNICIPAL,1.2659936331923538
47063,Hamblen,TN,6.361495874353683,6.361495874353683,hifld_spatial,1,ATMOS ENERGY CORPORATION,INVESTOR-OWNED,89.29084683283521
47065,Hamilton,TN,4.726708214220627,4.726708214220627,hifld_spatial,2,CHATTANOOGA GAS COMPANY,OTHER,106.5001965299968
47067,Hancock,TN,11.570189178289048,11.570189178289048,hifld_spatial,1,CLAIBORNE UTILITIES DISTRICT,MUNICIPAL,0.0539320366345894
47069,Hardeman,TN,7.2484090215220975,7.2484090215220975,hifld_spatial,3,HARDEMAN-FAYETTE UTILITY DIST,MUNICIPAL,12.17881935813269
47071,Hardin,TN,10.201622460374574,10.201622460374574,hifld_spatial,4,"ADAMSVILLE, CITY OF GAS DEPARTMENT",MUNICIPAL,8.967238844556503
47073,Hawkins,TN,8.290894852264309,8.290894852264309,hifld_spatial,2,PIEDMONT NATURAL GAS,INVESTOR-OWNED,107.65874193155156
47075,Haywood,TN,4.630845428594014,4.630845428594014,hifld_spatial,3,BROWNSVILLE ENERGY AUTHORITY,MUNICIPAL,18.84972968031869
47077,Henderson,TN,7.870526383231712,7.870526383231712,hifld_spatial,3,LEXINGTON GAS SYSTEM,MUNICIPAL,18.01146015453243
47079,Henry,TN,7.240051757634893,7.240051757634893,hifld_spatial,3,PARIS-HENRY COUNTY PUBLIC UTILITIES,OTHER,6.665722976228111
47081,Hickman,TN,13.83729923209218,13.83729923209218,hifld_spatial,4,"CENTERVILLE, TOWN",MUNICIPAL,4.0628309783241
47083,Houston,TN,5.20639563296583,5.20639563296583,hifld_spatial,1,GREATER DICKSON GAS AUTHORITY,MUNICIPAL,70.97498363993229
47085,Humphreys,TN,5.551481051146569,5.551481051146569,hifld_spatial,2,HUMPHREYS COUNTY UTILITY DISTRICT,MUNICIPAL,20.96603168943563
47087,Jackson,TN,7.839785208689285,7.839785208689285,hifld_spatial,1,CLAY GAS UTILITY DISTRICT,MUNICIPAL,1.764444278107483
47089,Jefferson,TN,6.448882589319349,6.448882589319349,hifld_spatial,3,JEFFERSON-COCKE COUNTY UTILITY,MUNICIPAL,6.054357081833648
47091,Johnson,TN,8.86101983700403,8.86101983700403,hifld_spatial,3,FRONTIER ENERGY LLC,INVESTOR-OWNED,2.46501207034814
47093,Knox,TN,6.977167294938064,6.977167294938064,hifld_spatial,3,KNOXVILLE UTILITIES BOARD,MUNICIPAL,95.41245109002
47095,Lake,TN,7.3661573434250815,7.3661573434250815,hifld_spatial,1,"HICKMAN, CITY OF",MUNICIPAL,8.433962073487391
47097,Lauderdale,TN,7.008959955081958,7.008959955081958,hifld_spatial,5,"RIPLEY, CITY OF GAS DEPARTMENT",MUNICIPAL,24.92061684831375
47099,Lawrence,TN,8.09329462826407,8.09329462826407,hifld_spatial,5,"LAWRENCEBURG, CITY OF GAS DEPARTMENT",MUNICIPAL,17.588248033616345
47101,Lewis,TN,11.290179150788871,11.290179150788871,hifld_spatial,3,"HOHENWALD, CITY OF NATURAL GAS",MUNICIPAL,4.942079953294559
47103,Lincoln,TN,6.44553477212665,6.44553477212665,hifld_spatial,4,FAYETTEVILLE PUBLIC UTILITY GAS DEPT.,MUNICIPAL,13.69157373896081
47105,Loudon,TN,6.469137269572975,6.469137269572975,hifld_spatial,3,LOUDON UTILITIES GAS DIVISION,MUNICIPAL,41.82668123496291
47107,McMinn,TN,7.993115126662965,7.993115126662965,hifld_spatial,4,ATHENS UTILITIES BOARD,MUNICIPAL,13.12887746483986
47109,McNairy,TN,11.76262149322419,11.76262149322419,hifld_spatial,2,SELMER NATURAL GAS SYSTEM,MUNICIPAL,21.56761231765563
47111,Macon,TN,9.215661076463824,9.215661076463824,hifld_spatial,3,"LAFAYETTE, CITY OF",MUNICIPAL,46.21857610540585
47113,Madison,TN,6.212239161621841,6.212239161621841,hifld_spatial,4,JACKSON ENERGY AUTHORITY,MUNICIPAL,23.71515146410419
47115,Marion,TN,8.338780481645314,8.338780481645314,hifld_spatial,3,MARION NATURAL GAS SYSTEM,MUNICIPAL,8.951284914730575
47117,Marshall,TN,7.1026538237219965,7.1026538237219965,hifld_spatial,6,LEWISBURG GAS DEPT.,MUNICIPAL,23.000767617157912
47119,Maury,TN,5.9563346034891,5.9563346034891,hifld_spatial,3,MIDDLE TENNESSEE NATURAL GAS,MUNICIPAL,97.86670142356776
47121,Meigs,TN,4.875696960997311,4.875696960997311,hifld_spatial,2,CHATTANOOGA GAS COMPANY,OTHER,1.2966573740233929
47123,Monroe,TN,9.266677278353344,9.266677278353344,hifld_spatial,2,SWEETWATER BOARD OF PUBLIC UTILITIES,MUNICIPAL,2.683615385558257
47125,Montgomery,TN,5.643712177142493,5.643712177142493,hifld_spatial,3,CLARKSVILLE GAS DEPT.,MUNICIPAL,13.297105850106846
47127,Moore,TN,6.404228602734619,6.404228602734619,hifld_spatial,3,ATMOS ENERGY CORPORATION,INVESTOR-OWNED,95.54837811148852
47129,Morgan,TN,11.058776739169511,11.058776739169511,hifld_spatial,1,CITIZENS GAS UTILITY DISTRICT,OTHER,11.213591354333404
47131,Obion,TN,6.721806045127173,6.721806045127173,hifld_spatial,6,ATMOS ENERGY CORPORATION,INVESTOR-OWNED,33.88239347780125
47133,Overton,TN,8.891274095327306,8.891274095327306,hifld_spatial,3,LIVINGSTON GAS SYSTEM,MUNICIPAL,8.666406582725925
47135,Perry,TN,10.707995740266616,10.707995740266616,hifld_spatial,2,"HOHENWALD, CITY OF NATURAL GAS",MUNICIPAL,99.956412539247
47137,Pickett,TN,7.839785208689286,7.839785208689286,hifld_spatial,1,CLAY GAS UTILITY DISTRICT,MUNICIPAL,0.0632158519982328
47139,Polk,TN,4.634253979554127,4.634253979554127,hifld_spatial,1,CHATTANOOGA GAS COMPANY,OTHER,0.1613388970574377
47141,Putnam,TN,6.289858551154695,6.289858551154695,hifld_spatial,3,COOKEVILLE GAS DEPARTMENT,MUNICIPAL,11.418204786318276
47143,Rhea,TN,5.755401009526299,5.755401009526299,hifld_spatial,2,MIDDLE TENNESSEE NATURAL GAS,MUNICIPAL,16.306274188961925
47145,Roane,TN,7.86765069700045,7.86765069700045,hifld_spatial,1,OAK RIDGE UTILITY DISTRICT,MUNICIPAL,31.38455234650416
47147,Robertson,TN,7.342884778676733,7.342884778676733,hifld_spatial,6,SPRINGFIELD GAS SYSTEM,MUNICIPAL,57.62672183008638
47149,Rutherford,TN,6.224298671263405,6.224298671263405,hifld_spatial,6,ATMOS ENERGY CORPORATION,INVESTOR-OWNED,119.72431940423836
47151,Scott,TN,11.060059294777682,11.060059294777682,hifld_spatial,2,CITIZENS GAS UTILITY DISTRICT,OTHER,10.785482324773746
47153,Sequatchie,TN,9.042290211616931,9.042290211616931,hifld_spatial,3,DUNLAP GAS SYSTEM,MUNICIPAL,10.899810276093168
47155,Sevier,TN,7.292526861636729,7.292526861636729,hifld_spatial,3,SEVIER COUNTY UTILITY DISTRICT,MUNICIPAL,9.41264488016783
47157,Shelby,TN,5.861516670517392,5.861516670517392,hifld_spatial,3,MEMPHIS LIGHT GAS & WATER DIV,MUNICIPAL,97.11534136852931
47159,Smith,TN,5.796351024468998,5.796351024468998,hifld_spatial,2,MIDDLE TENNESSEE NATURAL GAS,MUNICIPAL,12.306156052438446
47161,Stewart,TN,5.487484505981698,5.487484505981698,hifld_spatial,2,GREATER DICKSON GAS AUTHORITY,MUNICIPAL,14.738569995453638
47163,Sullivan,TN,6.361518618689219,6.361518618689219,hifld_spatial,2,ATMOS ENERGY CORPORATION,INVESTOR-OWNED,96.30866672050053
47165,Sumner,TN,7.735331153103974,7.735331153103974,hifld_spatial,7,PIEDMONT NATURAL GAS,INVESTOR-OWNED,22.5437756227675
47167,Tipton,TN,7.871443779821752,7.871443779821752,hifld_spatial,6,TIPTON COUNTY FIRST UTILITY DEPT,MUNICIPAL,36.89809296409957
47169,Trousdale,TN,8.543880504605198,8.543880504605198,hifld_spatial,2,"LAFAYETTE, CITY OF",MUNICIPAL,99.93176942572816
47171,Unicoi,TN,6.69442894163858,6.69442894163858,hifld_spatial,3,UNICOI COUNTY UTILITY DISTRICT,OTHER,11.017287079750233
47173,Union,TN,10.624599903166532,10.624599903166532,hifld_spatial,2,CLAIBORNE UTILITIES DISTRICT,MUNICIPAL,2.126547732079685
47175,Van Buren,TN,5.795713877104768,5.795713877104768,hifld_spatial,1,MIDDLE TENNESSEE NATURAL GAS,MUNICIPAL,4.70338343720452
47177,Warren,TN,5.795713877104768,5.795713877104768,hifld_spatial,1,MIDDLE TENNESSEE NATURAL GAS,MUNICIPAL,9.316704740634608
47179,Washington,TN,6.361495874353684,6.361495874353684,hifld_spatial,1,ATMOS ENERGY CORPORATION,INVESTOR-OWNED,96.54506420015888
47181,Wayne,TN,11.095819087858084,11.095819087858084,hifld_spatial,2,"WAYNESBORO, CITY OF NATURAL GAS",MUNICIPAL,22.26533969493133
47183,Weakley,TN,7.274485813029734,7.274485813029734,hifld_spatial,5,"MARTIN, CITY OF",MUNICIPAL,27.05187861833668
47185,White,TN,5.795763593692489,5.795763593692489,hifld_spatial,2,MIDDLE TENNESSEE NATURAL GAS,MUNICIPAL,16.287831247894474
47187,Williamson,TN,7.758563724942631,7.758563724942631,hifld_spatial,5,PIEDMONT NATURAL GAS,INVESTOR-OWNED,45.8156999989513
47189,Wilson,TN,6.636537985866239,6.636537985866239,hifld_spatial,5,MIDDLE TENNESSEE NATURAL GAS,MUNICIPAL,93.03032470952915
48001,Anderson,TX,6.152263358663684,6.152263358663684,hifld_spatial,2,ATMOS ENERGY CORPORATION,INVESTOR-OWNED,123.90784535202188
48003,Andrews,TX,5.925044306414229,5.925044306414229,hifld_spatial,2,ATMOS ENERGY CORPORATION,INVESTOR-OWNED,100.05175869959275
48005,Angelina,TX,7.105811641965828,7.105811641965828,hifld_spatial,2,CENTERPOINT ENERGY - ENTEX,INVESTOR-OWNED,63.0225944395222
48007,Aransas,TX,7.106416726968511,7.106416726968511,hifld_spatial,1,CENTERPOINT ENERGY - ENTEX,INVESTOR-OWNED,100.1924605174236
48009,Archer,TX,5.93041358653011,5.93041358653011,hifld_spatial,2,ATMOS ENERGY CORPORATION,INVESTOR-OWNED,100.34876536259364
48011,Armstrong,TX,5.924158614008916,5.924158614008916,hifld_spatial,1,ATMOS ENERGY CORPORATION,INVESTOR-OWNED,100.43080211438878
48013,Atascosa,TX,7.105936877542503,7.105936877542503,hifld_spatial,3,CENTERPOINT ENERGY - ENTEX,INVESTOR-OWNED,79.37452009179401
48015,Austin,TX,6.390044146810304,6.390044146810304,hifld_spatial,3,"SEALY, CITY OF",MUNICIPAL,72.5701427076814
48017,Bailey,TX,5.924158614008916,5.924158614008916,hifld_spatial,1,ATMOS ENERGY CORPORATION,INVESTOR-OWNED,99.99999709325344
48019,Bandera,TX,5.94334736928189,5.94334736928189,hifld_spatial,2,ATMOS ENERGY CORPORATION,INVESTOR-OWNED,77.58150735798708
48021,Bastrop,TX,6.921179183232368,6.921179183232368,hifld_spatial,3,CENTERPOINT ENERGY - ENTEX,INVESTOR-OWNED,84.38547437229761
48023,Baylor,TX,5.924158614008916,5.924158614008916,hifld_spatial,1,ATMOS ENERGY CORPORATION,INVESTOR-OWNED,100.0
48025,Bee,TX,7.106416726968511,7.106416726968511,hifld_spatial,1,CENTERPOINT ENERGY - ENTEX,INVESTOR-OWNED,74.60954805043002
48027,Bell,TX,5.924158614008916,5.924158614008916,hifld_spatial,1,ATMOS ENERGY CORPORATION,INVESTOR-OWNED,100.00000000000004
48029,Bexar,TX,6.232024582684098,6.232024582684098,hifld_spatial,4,GREY FOREST UTILITY,MUNICIPAL,170.8231225217639
48031,Blanco,TX,5.924158614008916,5.924158614008916,hifld_spatial,1,ATMOS ENERGY CORPORATION,INVESTOR-OWNED,99.9973811745632
48033,Borden,TX,5.924158614008916,5.924158614008916,hifld_spatial,1,ATMOS ENERGY CORPORATION,INVESTOR-OWNED,99.99980075300329
48035,Bosque,TX,5.924158614008916,5.924158614008916,hifld_spatial,1,ATMOS ENERGY CORPORATION,INVESTOR-OWNED,99.99999999999996
48037,Bowie,TX,7.602051241542101,7.602051241542101,hifld_spatial,4,CENTERPOINT ENERGY - ARKLA,INVESTOR-OWNED,10.404276680699276
48039,Brazoria,TX,7.144213796610615,7.144213796610615,hifld_spatial,2,CENTERPOINT ENERGY - ENTEX,INVESTOR-OWNED,61.07109004147079
48041,Brazos,TX,5.924175899239391,5.924175899239391,hifld_spatial,2,ATMOS ENERGY CORPORATION,INVESTOR-OWNED,100.0050387838628
48043,Brewster,TX,3.1175445983182155,3.1175445983182155,state_avg_ldc_no_price,2,CITY OF ALPINE GAS DEPT,MUNICIPAL,1.0697034586314558
48045,Briscoe,TX,5.924158614008916,5.924158614008916,hifld_spatial,1,ATMOS ENERGY CORPORATION,INVESTOR-OWNED,99.99999999999991
48047,Brooks,TX,7.106416726968511,7.106416726968511,hifld_spatial,1,CENTERPOINT ENERGY - ENTEX,INVESTOR-OWNED,20.5392987025579
48049,Brown,TX,5.924158614008916,5.924158614008916,hifld_spatial,1,ATMOS ENERGY CORPORATION,INVESTOR-OWNED,100.05878039341265
48051,Burleson,TX,5.924396286313536,5.924396286313536,hifld_spatial,2,ATMOS ENERGY CORPORATION,INVESTOR-OWNED,100.02622621552516
48053,Burnet,TX,5.924158614008916,5.924158614008916,hifld_spatial,1,ATMOS ENERGY CORPORATION,INVESTOR-OWNED,100.00000000000011
48055,Caldwell,TX,7.717703841762557,7.717703841762557,hifld_spatial,3,TEXAS GAS SERVICE COMPANY,MUNICIPAL,84.2721550917323
48057,Calhoun,TX,7.106416726968511,7.106416726968511,hifld_spatial,1,CENTERPOINT ENERGY - ENTEX,INVESTOR-OWNED,98.81440592603768
48059,Callahan,TX,5.924158614008916,5.924158614008916,hifld_spatial,1,ATMOS ENERGY CORPORATION,INVESTOR-OWNED,126.45750321682726
48061,Cameron,TX,3.1175445983182155,3.1175445983182155,state_avg_ldc_no_price,1,RIO GRANDE VALLEY GAS CO,INVESTOR-OWNED,60.96823983192832
48063,Camp,TX,5.924158614008917,5.924158614008917,hifld_spatial,1,ATMOS ENERGY CORPORATION,INVESTOR-OWNED,0.0198216512360807
48065,Carson,TX,5.924190701223918,5.924190701223918,hifld_spatial,2,ATMOS ENERGY CORPORATION,INVESTOR-OWNED,141.01312262700318
48067,Cass,TX,7.980240480313303,7.980240480313303,hifld_spatial,1,CENTERPOINT ENERGY - ARKLA,INVESTOR-OWNED,0.0601075047597634
48069,Castro,TX,5.924158614008916,5.924158614008916,hifld_spatial,1,ATMOS ENERGY CORPORATION,INVESTOR-OWNED,100.00000000000004
48071,Chambers,TX,7.106416726968512,7.106416726968512,hifld_spatial,1,CENTERPOINT ENERGY - ENTEX,INVESTOR-OWNED,43.38588719827992
48073,Cherokee,TX,6.322415066630193,6.322415066630193,hifld_spatial,3,ATMOS ENERGY CORPORATION,INVESTOR-OWNED,184.7161610499157
48075,Childress,TX,6.544046619674452,6.544046619674452,hifld_spatial,2,"GREEN LIGHT GAS, INC",OTHER,171.0525459714338
48077,Clay,TX,5.934794141041671,5.934794141041671,hifld_spatial,3,ATMOS ENERGY CORPORATION,INVESTOR-OWNED,100.34702576861665
48079,Cochran,TX,5.7808425221736,5.7808425221736,hifld_spatial,3,ATMOS ENERGY CORPORATION,INVESTOR-OWNED,199.7170541609491
48081,Coke,TX,5.924158614008916,5.924158614008916,hifld_spatial,1,ATMOS ENERGY CORPORATION,INVESTOR-OWNED,99.98472963511824
48083,Coleman,TX,5.924158614008916,5.924158614008916,hifld_spatial,1,ATMOS ENERGY CORPORATION,INVESTOR-OWNED,100.18098369496752
48085,Collin,TX,5.924158614008916,5.924158614008916,hifld_spatial,1,ATMOS ENERGY CORPORATION,INVESTOR-OWNED,169.73722192247686
48087,Collingsworth,TX,6.981720249398547,6.981720249398547,hifld_spatial,2,"GREEN LIGHT GAS, INC",OTHER,77.37128726319095
48089,Colorado,TX,7.105858731188515,7.105858731188515,hifld_spatial,2,CENTERPOINT ENERGY - ENTEX,INVESTOR-OWNED,78.42769195498198
48091,Comal,TX,7.0822146205058765,7.0822146205058765,hifld_spatial,4,CENTERPOINT ENERGY - ENTEX,INVESTOR-OWNED,41.901010498505286
48093,Comanche,TX,6.0479121467248405,6.0479121467248405,hifld_spatial,2,ATMOS ENERGY CORPORATION,INVESTOR-OWNED,107.38402558917234
48095,Concho,TX,5.924158614008916,5.924158614008916,hifld_spatial,1,ATMOS ENERGY CORPORATION,INVESTOR-OWNED,99.99999999999996
48097,Cooke,TX,5.924158614008916,5.924158614008916,hifld_spatial,1,ATMOS ENERGY CORPORATION,INVESTOR-OWNED,99.61971162804733
48099,Coryell,TX,5.924158614008916,5.924158614008916,hifld_spatial,1,ATMOS ENERGY CORPORATION,INVESTOR-OWNED,100.00000000000004
48101,Cottle,TX,6.941952624073874,6.941952624073874,hifld_spatial,2,"GREEN LIGHT GAS, INC",OTHER,58.411037207573145
48103,Crane,TX,7.105449236421197,7.105449236421197,hifld_spatial,2,CENTERPOINT ENERGY - ENTEX,INVESTOR-OWNED,100.0628079516684
48105,Crockett,TX,7.106416726968511,7.106416726968511,hifld_spatial,1,CENTERPOINT ENERGY - ENTEX,INVESTOR-OWNED,0.2809640961577764
48107,Crosby,TX,5.924158614008916,5.924158614008916,hifld_spatial,1,ATMOS ENERGY CORPORATION,INVESTOR-OWNED,99.83292371498924
48109,Culberson,TX,7.097380637994899,7.097380637994899,hifld_spatial,2,CENTERPOINT ENERGY - ENTEX,INVESTOR-OWNED,0.9823090324779812
48111,Dallam,TX,5.931404887431441,5.931404887431441,hifld_spatial,3,ATMOS ENERGY CORPORATION,INVESTOR-OWNED,100.6793840824626
48113,Dallas,TX,5.924158614008916,5.924158614008916,hifld_spatial,1,ATMOS ENERGY CORPORATION,INVESTOR-OWNED,104.34504333683
48115,Dawson,TX,5.924158614008916,5.924158614008916,hifld_spatial,1,ATMOS ENERGY CORPORATION,INVESTOR-OWNED,100.01099512109744
48117,Deaf Smith,TX,5.924158614008916,5.924158614008916,hifld_spatial,1,ATMOS ENERGY CORPORATION,INVESTOR-OWNED,99.99998704785314
48119,Delta,TX,5.924158614008916,5.924158614008916,hifld_spatial,1,ATMOS ENERGY CORPORATION,INVESTOR-OWNED,99.99999999999967
48121,Denton,TX,5.924158614008916,5.924158614008916,hifld_spatial,1,ATMOS ENERGY CORPORATION,INVESTOR-OWNED,188.3130583813143
48123,DeWitt,TX,7.346886130580186,7.346886130580186,hifld_spatial,2,CENTERPOINT ENERGY - ENTEX,INVESTOR-OWNED,50.30879343628749
48125,Dickens,TX,5.924158614008916,5.924158614008916,hifld_spatial,1,ATMOS ENERGY CORPORATION,INVESTOR-OWNED,29.734229858804813
48127,Dimmit,TX,7.723875091617574,7.723875091617574,hifld_spatial,1,TEXAS GAS SERVICE COMPANY,MUNICIPAL,32.65387008218663
48129,Donley,TX,6.961061411896134,6.961061411896134,hifld_spatial,2,"GREEN LIGHT GAS, INC",OTHER,45.46554907713252
48131,Duval,TX,7.106416726968511,7.106416726968511,hifld_spatial,1,CENTERPOINT ENERGY - ENTEX,INVESTOR-OWNED,43.25162568923454
48133,Eastland,TX,6.240837310276652,6.240837310276652,hifld_spatial,2,ATMOS ENERGY CORPORATION,INVESTOR-OWNED,121.74334422105356
48135,Ector,TX,5.945634587037207,5.945634587037207,hifld_spatial,2,ATMOS ENERGY CORPORATION,INVESTOR-OWNED,101.8444770234622
48137,Edwards,TX,5.924158614008916,5.924158614008916,hifld_spatial,1,ATMOS ENERGY CORPORATION,INVESTOR-OWNED,29.990464105525938
48139,Ellis,TX,5.924158614008916,5.924158614008916,hifld_spatial,1,ATMOS ENERGY CORPORATION,INVESTOR-OWNED,99.99999999999996
48141,El Paso,TX,7.09924740489747,7.09924740489747,hifld_spatial,2,CENTERPOINT ENERGY - ENTEX,INVESTOR-OWNED,15.904920099129592
48143,Erath,TX,5.957498090754199,5.957498090754199,hifld_spatial,2,ATMOS ENERGY CORPORATION,INVESTOR-OWNED,101.88744966272704
48145,Falls,TX,5.924158614008916,5.924158614008916,hifld_spatial,1,ATMOS ENERGY CORPORATION,INVESTOR-OWNED,100.00000000000004
48147,Fannin,TX,5.924158614008916,5.924158614008916,hifld_spatial,1,ATMOS ENERGY CORPORATION,INVESTOR-OWNED,99.86897408257528
48149,Fayette,TX,7.0677946895852175,7.0677946895852175,hifld_spatial,3,CENTERPOINT ENERGY - ENTEX,INVESTOR-OWNED,45.41243257433791
48151,Fisher,TX,5.924158614008916,5.924158614008916,hifld_spatial,1,ATMOS ENERGY CORPORATION,INVESTOR-OWNED,99.99780907198304
48153,Floyd,TX,5.924158614008916,5.924158614008916,hifld_spatial,1,ATMOS ENERGY CORPORATION,INVESTOR-OWNED,99.78745860238158
48155,Foard,TX,5.926897208297062,5.926897208297062,hifld_spatial,2,ATMOS ENERGY CORPORATION,INVESTOR-OWNED,97.96997045031164
48157,Fort Bend,TX,7.107383132106638,7.107383132106638,hifld_spatial,3,CENTERPOINT ENERGY - ENTEX,INVESTOR-OWNED,83.39216737876474
48159,Franklin,TX,5.924158614008916,5.924158614008916,hifld_spatial,1,ATMOS ENERGY CORPORATION,INVESTOR-OWNED,99.97946284850347
48161,Freestone,TX,5.924158614008916,5.924158614008916,hifld_spatial,1,ATMOS ENERGY CORPORATION,INVESTOR-OWNED,100.00000000000011
48163,Frio,TX,7.107425336205432,7.107425336205432,hifld_spatial,2,CENTERPOINT ENERGY - ENTEX,INVESTOR-OWNED,84.02594980494617
48165,Gaines,TX,5.928165092378613,5.928165092378613,hifld_spatial,2,ATMOS ENERGY CORPORATION,INVESTOR-OWNED,100.43180501642172
48167,Galveston,TX,7.106416726968511,7.106416726968511,hifld_spatial,1,CENTERPOINT ENERGY - ENTEX,INVESTOR-OWNED,85.26951723955692
48169,Garza,TX,5.924158614008916,5.924158614008916,hifld_spatial,1,ATMOS ENERGY CORPORATION,INVESTOR-OWNED,0.7122408868213149
48171,Gillespie,TX,5.924158614008916,5.924158614008916,hifld_spatial,1,ATMOS ENERGY CORPORATION,INVESTOR-OWNED,100.00000000000004
48173,Glasscock,TX,5.924158614008916,5.924158614008916,hifld_spatial,1,ATMOS ENERGY CORPORATION,INVESTOR-OWNED,0.0004175453655506
48175,Goliad,TX,7.106416726968511,7.106416726968511,hifld_spatial,1,CENTERPOINT ENERGY - ENTEX,INVESTOR-OWNED,3.2582928558435933
48177,Gonzales,TX,7.723189798922902,7.723189798922902,hifld_spatial,2,TEXAS GAS SERVICE COMPANY,MUNICIPAL,36.40066409083103
48179,Gray,TX,5.924158614008916,5.924158614008916,hifld_spatial,1,ATMOS ENERGY CORPORATION,INVESTOR-OWNED,112.40763104710452
48181,Grayson,TX,5.925717190767877,5.925717190767877,hifld_spatial,3,ATMOS ENERGY CORPORATION,INVESTOR-OWNED,100.06187554675331
48183,Gregg,TX,6.179222040717311,6.179222040717311,hifld_spatial,2,ATMOS ENERGY CORPORATION,INVESTOR-OWNED,128.1293441156263
48185,Grimes,TX,6.02584836810999,6.02584836810999,hifld_spatial,3,ATMOS ENERGY CORPORATION,INVESTOR-OWNED,110.68553169540655
48187,Guadalupe,TX,7.038040200788118,7.038040200788118,hifld_spatial,4,CENTERPOINT ENERGY - ENTEX,INVESTOR-OWNED,15.10960902778742
48189,Hale,TX,5.924158614008916,5.924158614008916,hifld_spatial,1,ATMOS ENERGY CORPORATION,INVESTOR-OWNED,99.99999999999996
48191,Hall,TX,6.421777783087719,6.421777783087719,hifld_spatial,2,ATMOS ENERGY CORPORATION,INVESTOR-OWNED,188.35421867370124
48193,Hamilton,TX,5.924158614008916,5.924158614008916,hifld_spatial,1,ATMOS ENERGY CORPORATION,INVESTOR-OWNED,100.0
48195,Hansford,TX,7.103931332178924,7.103931332178924,hifld_spatial,2,CENTERPOINT ENERGY - ENTEX,INVESTOR-OWNED,65.7131215851574
48197,Hardeman,TX,5.942372401703882,5.942372401703882,hifld_spatial,4,ATMOS ENERGY CORPORATION,INVESTOR-OWNED,100.81829054824856
48199,Hardin,TX,7.373135037221309,7.373135037221309,hifld_spatial,3,CENTERPOINT ENERGY - ENTEX,INVESTOR-OWNED,115.36281944294338
48201,Harris,TX,7.106416726968512,7.106416726968512,hifld_spatial,1,CENTERPOINT ENERGY - ENTEX,INVESTOR-OWNED,57.81857519004924
48203,Harrison,TX,7.110381967047397,7.110381967047397,hifld_spatial,3,CENTERPOINT ENERGY - ENTEX,INVESTOR-OWNED,77.5126137934834
48205,Hartley,TX,5.924158614008916,5.924158614008916,hifld_spatial,1,ATMOS ENERGY CORPORATION,INVESTOR-OWNED,99.9999999999984
48207,Haskell,TX,5.924158614008916,5.924158614008916,hifld_spatial,1,ATMOS ENERGY CORPORATION,INVESTOR-OWNED,99.99999999999996
48209,Hays,TX,7.106223744492058,7.106223744492058,hifld_spatial,3,CENTERPOINT ENERGY - ENTEX,INVESTOR-OWNED,47.72246214313687
48211,Hemphill,TX,5.924158614008916,5.924158614008916,hifld_spatial,1,ATMOS ENERGY CORPORATION,INVESTOR-OWNED,0.056254443690924
48213,Henderson,TX,5.929625631060724,5.929625631060724,hifld_spatial,2,ATMOS ENERGY CORPORATION,INVESTOR-OWNED,100.46456988592304
48215,Hidalgo,TX,3.1175445983182155,3.1175445983182155,state_avg_ldc_no_price,1,RIO GRANDE VALLEY GAS CO,INVESTOR-OWNED,39.26695176784312
48217,Hill,TX,5.924158614008916,5.924158614008916,hifld_spatial,1,ATMOS ENERGY CORPORATION,INVESTOR-OWNED,99.94301304219128
48219,Hockley,TX,5.924043865531628,5.924043865531628,hifld_spatial,2,ATMOS ENERGY CORPORATION,INVESTOR-OWNED,114.20724548006562
48221,Hood,TX,5.924158614008916,5.924158614008916,hifld_spatial,1,ATMOS ENERGY CORPORATION,INVESTOR-OWNED,99.99999999999989
48223,Hopkins,TX,5.924158614008916,5.924158614008916,hifld_spatial,1,ATMOS ENERGY CORPORATION,INVESTOR-OWNED,100.0
48225,Houston,TX,6.476128398440962,6.476128398440962,hifld_spatial,2,ATMOS ENERGY CORPORATION,INVESTOR-OWNED,253.69820638568703
48227,Howard,TX,5.924158614008916,5.924158614008916,hifld_spatial,1,ATMOS ENERGY CORPORATION,INVESTOR-OWNED,43.06866695552383
48229,Hudspeth,TX,3.1175445983182155,3.1175445983182155,state_avg_no_coverage,0,,,0.0
48231,Hunt,TX,5.927219043501087,5.927219043501087,hifld_spatial,2,ATMOS ENERGY CORPORATION,INVESTOR-OWNED,100.25953489691172
48233,Hutchinson,TX,6.226568677473636,6.226568677473636,hifld_spatial,2,ATMOS ENERGY CORPORATION,INVESTOR-OWNED,199.63362663419952
48235,Irion,TX,5.924158614008916,5.924158614008916,hifld_spatial,1,ATMOS ENERGY CORPORATION,INVESTOR-OWNED,0.0819470221542925
48237,Jack,TX,6.671013599225878,6.671013599225878,hifld_spatial,2,ATMOS ENERGY CORPORATION,INVESTOR-OWNED,170.93572997150795
48239,Jackson,TX,7.106517228583308,7.106517228583308,hifld_spatial,2,CENTERPOINT ENERGY - ENTEX,INVESTOR-OWNED,43.515562901196056
48241,Jasper,TX,7.106103671286298,7.106103671286298,hifld_spatial,2,CENTERPOINT ENERGY - ENTEX,INVESTOR-OWNED,99.2659014653844
48243,Jeff Davis,TX,7.106416726968512,7.106416726968512,hifld_spatial,1,CENTERPOINT ENERGY - ENTEX,INVESTOR-OWNED,6.300309716711794
48245,Jefferson,TX,7.1176324076308815,7.1176324076308815,hifld_spatial,2,CENTERPOINT ENERGY - ENTEX,INVESTOR-OWNED,23.98107707234959
48247,Jim Hogg,TX,7.106416726968511,7.106416726968511,hifld_spatial,1,CENTERPOINT ENERGY - ENTEX,INVESTOR-OWNED,0.9130466182227798
48249,Jim Wells,TX,7.106416726968511,7.106416726968511,hifld_spatial,1,CENTERPOINT ENERGY - ENTEX,INVESTOR-OWNED,64.61718177987781
48251,Johnson,TX,5.924158614008916,5.924158614008916,hifld_spatial,1,ATMOS ENERGY CORPORATION,INVESTOR-OWNED,100.00000000000004
48253,Jones,TX,5.924158614008916,5.924158614008916,hifld_spatial,1,ATMOS ENERGY CORPORATION,INVESTOR-OWNED,100.00000000000004
48255,Karnes,TX,7.106416726968511,7.106416726968511,hifld_spatial,1,CENTERPOINT ENERGY - ENTEX,INVESTOR-OWNED,74.86074040061992
48257,Kaufman,TX,5.940543048384075,5.940543048384075,hifld_spatial,2,ATMOS ENERGY CORPORATION,INVESTOR-OWNED,101.40533530142432
48259,Kendall,TX,5.924140289539031,5.924140289539031,hifld_spatial,2,ATMOS ENERGY CORPORATION,INVESTOR-OWNED,137.6066782680947
48261,Kenedy,TX,7.106416726968511,7.106416726968511,hifld_spatial,1,CENTERPOINT ENERGY - ENTEX,INVESTOR-OWNED,0.0215161554920999
48263,Kent,TX,5.924158614008916,5.924158614008916,hifld_spatial,1,ATMOS ENERGY CORPORATION,INVESTOR-OWNED,0.0320068859667612
48265,Kerr,TX,5.924158614008916,5.924158614008916,hifld_spatial,1,ATMOS ENERGY CORPORATION,INVESTOR-OWNED,100.00000000000004
48267,Kimble,TX,5.924158614008916,5.924158614008916,hifld_spatial,1,ATMOS ENERGY CORPORATION,INVESTOR-OWNED,100.00002099892497
48269,King,TX,5.924158614008916,5.924158614008916,hifld_spatial,1,ATMOS ENERGY CORPORATION,INVESTOR-OWNED,99.99247838506491
48271,Kinney,TX,3.1175445983182155,3.1175445983182155,state_avg_ldc_no_price,2,BRACKETTVILLE MUNICIPAL GAS,MUNICIPAL,99.78950974627035
48273,Kleberg,TX,7.106416726968511,7.106416726968511,hifld_spatial,1,CENTERPOINT ENERGY - ENTEX,INVESTOR-OWNED,77.92325551680452
48275,Knox,TX,5.924158614008916,5.924158614008916,hifld_spatial,1,ATMOS ENERGY CORPORATION,INVESTOR-OWNED,100.00000000000004
48277,Lamar,TX,5.927124383495834,5.927124383495834,hifld_spatial,2,ATMOS ENERGY CORPORATION,INVESTOR-OWNED,99.87395954316192
48279,Lamb,TX,5.924158614008916,5.924158614008916,hifld_spatial,1,ATMOS ENERGY CORPORATION,INVESTOR-OWNED,99.99999999999996
48281,Lampasas,TX,5.924158614008916,5.924158614008916,hifld_spatial,1,ATMOS ENERGY CORPORATION,INVESTOR-OWNED,100.00000000000004
48283,La Salle,TX,3.1175445983182155,3.1175445983182155,state_avg_ldc_no_price,3,COTULLA GAS DEPARTMENT,MUNICIPAL,76.12064284605479
48285,Lavaca,TX,7.347763041175999,7.347763041175999,hifld_spatial,2,CENTERPOINT ENERGY - ENTEX,INVESTOR-OWNED,89.5055562593278
48287,Lee,TX,6.29507475471645,6.29507475471645,hifld_spatial,3,ATMOS ENERGY CORPORATION,INVESTOR-OWNED,100.17334147922485
48289,Leon,TX,5.933034533124607,5.933034533124607,hifld_spatial,2,ATMOS ENERGY CORPORATION,INVESTOR-OWNED,102.2199257527414
48291,Liberty,TX,7.241178812775453,7.241178812775453,hifld_spatial,2,CENTERPOINT ENERGY - ENTEX,INVESTOR-OWNED,194.44904901849628
48293,Limestone,TX,5.924158614008916,5.924158614008916,hifld_spatial,1,ATMOS ENERGY CORPORATION,INVESTOR-OWNED,99.99999999999996
48295,Lipscomb,TX,5.924158614008916,5.924158614008916,hifld_spatial,1,ATMOS ENERGY CORPORATION,INVESTOR-OWNED,29.556070150369383
48297,Live Oak,TX,7.106416726968512,7.106416726968512,hifld_spatial,1,CENTERPOINT ENERGY - ENTEX,INVESTOR-OWNED,100.01028072502255
48299,Llano,TX,5.924158614008916,5.924158614008916,hifld_spatial,1,ATMOS ENERGY CORPORATION,INVESTOR-OWNED,99.99999999999991
48301,Loving,TX,6.276954118363404,6.276954118363404,hifld_spatial,4,ATMOS ENERGY CORPORATION,INVESTOR-OWNED,126.39543524865088
48303,Lubbock,TX,5.924158614008916,5.924158614008916,hifld_spatial,1,ATMOS ENERGY CORPORATION,INVESTOR-OWNED,100.0
48305,Lynn,TX,5.924158614008916,5.924158614008916,hifld_spatial,1,ATMOS ENERGY CORPORATION,INVESTOR-OWNED,99.7232309898408
48307,McCulloch,TX,5.924158614008916,5.924158614008916,hifld_spatial,1,ATMOS ENERGY CORPORATION,INVESTOR-OWNED,136.69778968559342
48309,McLennan,TX,5.924158614008916,5.924158614008916,hifld_spatial,1,ATMOS ENERGY CORPORATION,INVESTOR-OWNED,100.00000000000011
48311,McMullen,TX,7.106416726968511,7.106416726968511,hifld_spatial,1,CENTERPOINT ENERGY - ENTEX,INVESTOR-OWNED,0.4923009036012111
48313,Madison,TX,5.941841638622062,5.941841638622062,hifld_spatial,2,ATMOS ENERGY CORPORATION,INVESTOR-OWNED,105.49046306733348
48315,Marion,TX,7.106416726968511,7.106416726968511,hifld_spatial,1,CENTERPOINT ENERGY - ENTEX,INVESTOR-OWNED,1.6845852529975076
48317,Martin,TX,5.924158614008916,5.924158614008916,hifld_spatial,1,ATMOS ENERGY CORPORATION,INVESTOR-OWNED,99.984952751605
48319,Mason,TX,5.924158614008916,5.924158614008916,hifld_spatial,1,ATMOS ENERGY CORPORATION,INVESTOR-OWNED,100.03118653160256
48321,Matagorda,TX,7.695997671318636,7.695997671318636,hifld_spatial,3,CENTERPOINT ENERGY - ENTEX,INVESTOR-OWNED,53.17588993926614
48323,Maverick,TX,7.723875091617574,7.723875091617574,hifld_spatial,1,TEXAS GAS SERVICE COMPANY,MUNICIPAL,53.51453735229639
48325,Medina,TX,7.106288753075289,7.106288753075289,hifld_spatial,4,CENTERPOINT ENERGY - ENTEX,INVESTOR-OWNED,43.567009237904
48327,Menard,TX,5.924158614008916,5.924158614008916,hifld_spatial,1,ATMOS ENERGY CORPORATION,INVESTOR-OWNED,100.05516480521509
48329,Midland,TX,5.924158614008916,5.924158614008916,hifld_spatial,1,ATMOS ENERGY CORPORATION,INVESTOR-OWNED,30.128209616699483
48331,Milam,TX,5.924158614008916,5.924158614008916,hifld_spatial,1,ATMOS ENERGY CORPORATION,INVESTOR-OWNED,99.99999999999991
48333,Mills,TX,5.924158614008916,5.924158614008916,hifld_spatial,1,ATMOS ENERGY CORPORATION,INVESTOR-OWNED,99.99999999999989
48335,Mitchell,TX,5.924158614008916,5.924158614008916,hifld_spatial,1,ATMOS ENERGY CORPORATION,INVESTOR-OWNED,100.35498708410576
48337,Montague,TX,5.940446925137016,5.940446925137016,hifld_spatial,3,ATMOS ENERGY CORPORATION,INVESTOR-OWNED,100.60718305850403
48339,Montgomery,TX,7.123530121336408,7.123530121336408,hifld_spatial,4,CENTERPOINT ENERGY - ENTEX,INVESTOR-OWNED,120.38580740070068
48341,Moore,TX,5.924767570022949,5.924767570022949,hifld_spatial,2,ATMOS ENERGY CORPORATION,INVESTOR-OWNED,199.37740656725916
48343,Morris,TX,5.924158614008916,5.924158614008916,hifld_spatial,1,ATMOS ENERGY CORPORATION,INVESTOR-OWNED,0.0505503211026345
48345,Motley,TX,5.924158614008916,5.924158614008916,hifld_spatial,1,ATMOS ENERGY CORPORATION,INVESTOR-OWNED,0.0874334596037341
48347,Nacogdoches,TX,7.109261232206556,7.109261232206556,hifld_spatial,3,CENTERPOINT ENERGY - ENTEX,INVESTOR-OWNED,52.700606454543646
48349,Navarro,TX,5.924158614008916,5.924158614008916,hifld_spatial,1,ATMOS ENERGY CORPORATION,INVESTOR-OWNED,99.99999999999994
48351,Newton,TX,7.285371415682537,7.285371415682537,hifld_spatial,3,CENTERPOINT ENERGY - ENTEX,INVESTOR-OWNED,67.57665956624056
48353,Nolan,TX,5.924158614008916,5.924158614008916,hifld_spatial,1,ATMOS ENERGY CORPORATION,INVESTOR-OWNED,100.00000000000004
48355,Nueces,TX,7.10641672696851,7.10641672696851,hifld_spatial,1,CENTERPOINT ENERGY - ENTEX,INVESTOR-OWNED,88.9052161983846
48357,Ochiltree,TX,5.924158614008916,5.924158614008916,hifld_spatial,1,ATMOS ENERGY CORPORATION,INVESTOR-OWNED,99.93002860339382
48359,Oldham,TX,5.924158614008916,5.924158614008916,hifld_spatial,1,ATMOS ENERGY CORPORATION,INVESTOR-OWNED,99.99999898409236
48361,Orange,TX,7.111355276049512,7.111355276049512,hifld_spatial,2,CENTERPOINT ENERGY - ENTEX,INVESTOR-OWNED,81.38005575179731
48363,Palo Pinto,TX,5.96016245412933,5.96016245412933,hifld_spatial,2,ATMOS ENERGY CORPORATION,INVESTOR-OWNED,102.04136656704398
48365,Panola,TX,6.283999573907643,6.283999573907643,hifld_spatial,4,ATMOS ENERGY CORPORATION,INVESTOR-OWNED,142.07068583253903
48367,Parker,TX,5.924158614008916,5.924158614008916,hifld_spatial,1,ATMOS ENERGY CORPORATION,INVESTOR-OWNED,100.00000000000004
48369,Parmer,TX,5.924158614008916,5.924158614008916,hifld_spatial,1,ATMOS ENERGY CORPORATION,INVESTOR-OWNED,100.27437857822736
48371,Pecos,TX,7.106416726968511,7.106416726968511,hifld_spatial,1,CENTERPOINT ENERGY - ENTEX,INVESTOR-OWNED,84.42761551751386
48373,Polk,TX,7.10641672696851,7.10641672696851,hifld_spatial,1,CENTERPOINT ENERGY - ENTEX,INVESTOR-OWNED,200.3134146466064
48375,Potter,TX,5.924158614008916,5.924158614008916,hifld_spatial,1,ATMOS ENERGY CORPORATION,INVESTOR-OWNED,100.02360578569632
48377,Presidio,TX,3.1175445983182155,3.1175445983182155,state_avg_ldc_no_price,1,CITY OF ALPINE GAS DEPT,MUNICIPAL,2.5844051580247283
48379,Rains,TX,5.979186600060567,5.979186600060567,hifld_spatial,2,ATMOS ENERGY CORPORATION,INVESTOR-OWNED,104.88169937425243
48381,Randall,TX,5.924158614008916,5.924158614008916,hifld_spatial,1,ATMOS ENERGY CORPORATION,INVESTOR-OWNED,99.99999999999996
48383,Reagan,TX,3.1175445983182155,3.1175445983182155,state_avg_ldc_no_price,2,"BIG LAKE, CITY OF",MUNICIPAL,99.97625463008148
48385,Real,TX,5.924158614008916,5.924158614008916,hifld_spatial,1,ATMOS ENERGY CORPORATION,INVESTOR-OWNED,26.21812181386217
48387,Red River,TX,5.9402660562686025,5.9402660562686025,hifld_spatial,2,ATMOS ENERGY CORPORATION,INVESTOR-OWNED,100.04954744964618
48389,Reeves,TX,7.105950728614312,7.105950728614312,hifld_spatial,3,CENTERPOINT ENERGY - ENTEX,INVESTOR-OWNED,70.29004918833343
48391,Refugio,TX,7.106416726968511,7.106416726968511,hifld_spatial,1,CENTERPOINT ENERGY - ENTEX,INVESTOR-OWNED,78.43754678016313
48393,Roberts,TX,5.934901406041107,5.934901406041107,hifld_spatial,2,ATMOS ENERGY CORPORATION,INVESTOR-OWNED,100.94984477811764
48395,Robertson,TX,5.924158614008916,5.924158614008916,hifld_spatial,1,ATMOS ENERGY CORPORATION,INVESTOR-OWNED,100.00000000000009
48397,Rockwall,TX,5.924158614008916,5.924158614008916,hifld_spatial,1,ATMOS ENERGY CORPORATION,INVESTOR-OWNED,102.45343633661108
48399,Runnels,TX,5.924158614008916,5.924158614008916,hifld_spatial,1,ATMOS ENERGY CORPORATION,INVESTOR-OWNED,99.99999999999996
48401,Rusk,TX,6.303091763572269,6.303091763572269,hifld_spatial,3,ATMOS ENERGY CORPORATION,INVESTOR-OWNED,147.16474757916953
48403,Sabine,TX,7.106416726968511,7.106416726968511,hifld_spatial,1,CENTERPOINT ENERGY - ENTEX,INVESTOR-OWNED,69.94888197824925
48405,San Augustine,TX,7.106416726968511,7.106416726968511,hifld_spatial,1,CENTERPOINT ENERGY - ENTEX,INVESTOR-OWNED,51.66978529889205
48407,San Jacinto,TX,7.106416726968511,7.106416726968511,hifld_spatial,1,CENTERPOINT ENERGY - ENTEX,INVESTOR-OWNED,108.97674324649913
48409,San Patricio,TX,7.10641672696851,7.10641672696851,hifld_spatial,1,CENTERPOINT ENERGY - ENTEX,INVESTOR-OWNED,83.8346816899539
48411,San Saba,TX,5.924158614008917,5.924158614008917,hifld_spatial,1,ATMOS ENERGY CORPORATION,INVESTOR-OWNED,100.02235282677168
48413,Schleicher,TX,5.924158614008916,5.924158614008916,hifld_spatial,1,ATMOS ENERGY CORPORATION,INVESTOR-OWNED,167.98683958229725
48415,Scurry,TX,5.924158614008916,5.924158614008916,hifld_spatial,1,ATMOS ENERGY CORPORATION,INVESTOR-OWNED,99.99576831005602
48417,Shackelford,TX,5.974714415105799,5.974714415105799,hifld_spatial,2,ATMOS ENERGY CORPORATION,INVESTOR-OWNED,102.89028914128706
48419,Shelby,TX,7.10591348777544,7.10591348777544,hifld_spatial,2,CENTERPOINT ENERGY - ENTEX,INVESTOR-OWNED,38.50888721706049
48421,Sherman,TX,6.822906250862037,6.822906250862037,hifld_spatial,3,CENTERPOINT ENERGY - ENTEX,INVESTOR-OWNED,131.31067088535178
48423,Smith,TX,6.402022850467646,6.402022850467646,hifld_spatial,2,ATMOS ENERGY CORPORATION,INVESTOR-OWNED,167.73384583771423
48425,Somervell,TX,5.924158614008917,5.924158614008917,hifld_spatial,1,ATMOS ENERGY CORPORATION,INVESTOR-OWNED,100.00000000000004
48427,Starr,TX,3.1175445983182155,3.1175445983182155,state_avg_ldc_no_price,2,"ROMA, CITY OF",MUNICIPAL,24.64641323180772
48429,Stephens,TX,6.770598332341195,6.770598332341195,hifld_spatial,2,ATMOS ENERGY CORPORATION,INVESTOR-OWNED,188.7926523011853
48431,Sterling,TX,5.924158614008916,5.924158614008916,hifld_spatial,1,ATMOS ENERGY CORPORATION,INVESTOR-OWNED,10.634076761007853
48433,Stonewall,TX,5.924158614008916,5.924158614008916,hifld_spatial,1,ATMOS ENERGY CORPORATION,INVESTOR-OWNED,99.99375174270294
48435,Sutton,TX,5.924158614008916,5.924158614008916,hifld_spatial,1,ATMOS ENERGY CORPORATION,INVESTOR-OWNED,68.92141568022345
48437,Swisher,TX,5.924158614008916,5.924158614008916,hifld_spatial,1,ATMOS ENERGY CORPORATION,INVESTOR-OWNED,99.99999999999996
48439,Tarrant,TX,5.924158614008916,5.924158614008916,hifld_spatial,1,ATMOS ENERGY CORPORATION,INVESTOR-OWNED,103.38208706278012
48441,Taylor,TX,5.924158614008916,5.924158614008916,hifld_spatial,1,ATMOS ENERGY CORPORATION,INVESTOR-OWNED,100.00000000000004
48443,Terrell,TX,3.1175445983182155,3.1175445983182155,state_avg_ldc_no_price,2,FORT STOCKTON GAS SYSTEM,MUNICIPAL,0.0728332093737098
48445,Terry,TX,5.924184031288932,5.924184031288932,hifld_spatial,2,ATMOS ENERGY CORPORATION,INVESTOR-OWNED,100.0175392926931
48447,Throckmorton,TX,5.932229842146895,5.932229842146895,hifld_spatial,2,ATMOS ENERGY CORPORATION,INVESTOR-OWNED,100.45049253697763
48449,Titus,TX,5.924158614008916,5.924158614008916,hifld_spatial,1,ATMOS ENERGY CORPORATION,INVESTOR-OWNED,0.1377186980737061
48451,Tom Green,TX,5.924158614008916,5.924158614008916,hifld_spatial,1,ATMOS ENERGY CORPORATION,INVESTOR-OWNED,96.60083281733388
48453,Travis,TX,6.2973305497993,6.2973305497993,hifld_spatial,3,ATMOS ENERGY CORPORATION,INVESTOR-OWNED,146.0523469903247
48455,Trinity,TX,7.1063950130540885,7.1063950130540885,hifld_spatial,2,CENTERPOINT ENERGY - ENTEX,INVESTOR-OWNED,66.97778301925462
48457,Tyler,TX,5.994066279429547,5.994066279429547,hifld_spatial,2,"WOODVILLE, CITY OF",MUNICIPAL,164.82686791805466
48459,Upshur,TX,7.102584780797086,7.102584780797086,hifld_spatial,2,CENTERPOINT ENERGY - ENTEX,INVESTOR-OWNED,32.919266918779606
48461,Upton,TX,7.10641672696851,7.10641672696851,hifld_spatial,1,CENTERPOINT ENERGY - ENTEX,INVESTOR-OWNED,69.24332912496848
48463,Uvalde,TX,11.634615384615383,11.634615384615383,hifld_spatial,1,UVALDE GAS SYSTEM,MUNICIPAL,99.9501051461774
48465,Val Verde,TX,3.1175445983182155,3.1175445983182155,state_avg_ldc_no_price,2,DEL RIO GAS SYSTEM,MUNICIPAL,6.368745191268347
48467,Van Zandt,TX,6.35753163110861,6.35753163110861,hifld_spatial,2,ATMOS ENERGY CORPORATION,INVESTOR-OWNED,157.869093602681
48469,Victoria,TX,7.106518463649275,7.106518463649275,hifld_spatial,2,CENTERPOINT ENERGY - ENTEX,INVESTOR-OWNED,32.91665971558726
48471,Walker,TX,7.105996123214152,7.105996123214152,hifld_spatial,2,CENTERPOINT ENERGY - ENTEX,INVESTOR-OWNED,199.32586405976707
48473,Waller,TX,7.105061298912798,7.105061298912798,hifld_spatial,3,CENTERPOINT ENERGY - ENTEX,INVESTOR-OWNED,100.69312592210532
48475,Ward,TX,7.2731122640106385,7.2731122640106385,hifld_spatial,3,CENTERPOINT ENERGY - ENTEX,INVESTOR-OWNED,69.96181796964498
48477,Washington,TX,6.432096070099775,6.432096070099775,hifld_spatial,4,"BRENHAM, CITY OF",MUNICIPAL,79.44679242611208
48479,Webb,TX,7.106468915639533,7.106468915639533,hifld_spatial,2,CENTERPOINT ENERGY - ENTEX,INVESTOR-OWNED,33.06893704363262
48481,Wharton,TX,7.109444165245139,7.109444165245139,hifld_spatial,2,CENTERPOINT ENERGY - ENTEX,INVESTOR-OWNED,99.99480108152132
48483,Wheeler,TX,5.924158614008916,5.924158614008916,hifld_spatial,1,ATMOS ENERGY CORPORATION,INVESTOR-OWNED,0.4083757871749426
48485,Wichita,TX,5.958348287755133,5.958348287755133,hifld_spatial,3,ATMOS ENERGY CORPORATION,INVESTOR-OWNED,101.4591291987911
48487,Wilbarger,TX,5.943031131453315,5.943031131453315,hifld_spatial,3,ATMOS ENERGY CORPORATION,INVESTOR-OWNED,100.7120660734117
48489,Willacy,TX,3.1175445983182155,3.1175445983182155,state_avg_ldc_no_price,1,RIO GRANDE VALLEY GAS CO,INVESTOR-OWNED,18.225668287617427
48491,Williamson,TX,5.925282783400257,5.925282783400257,hifld_spatial,2,ATMOS ENERGY CORPORATION,INVESTOR-OWNED,100.09517713020308
48493,Wilson,TX,7.101844969915853,7.101844969915853,hifld_spatial,4,CENTERPOINT ENERGY - ENTEX,INVESTOR-OWNED,87.24793676518159
48495,Winkler,TX,6.596876290187105,6.596876290187105,hifld_spatial,4,ATMOS ENERGY CORPORATION,INVESTOR-OWNED,160.56120925705318
48497,Wise,TX,5.9709932179419845,5.9709932179419845,hifld_spatial,2,ATMOS ENERGY CORPORATION,INVESTOR-OWNED,102.6718630979314
48499,Wood,TX,6.236904522216167,6.236904522216167,hifld_spatial,2,ATMOS ENERGY CORPORATION,INVESTOR-OWNED,135.96447664888797
48501,Yoakum,TX,6.07109884243313,6.07109884243313,hifld_spatial,4,ATMOS ENERGY CORPORATION,INVESTOR-OWNED,162.52369699105574
48503,Young,TX,5.948612081578651,5.948612081578651,hifld_spatial,2,ATMOS ENERGY CORPORATION,INVESTOR-OWNED,101.3774560406798
48505,Zapata,TX,7.106416726968511,7.106416726968511,hifld_spatial,1,CENTERPOINT ENERGY - ENTEX,INVESTOR-OWNED,0.2791331872632909
48507,Zavala,TX,10.032191936809587,10.032191936809587,hifld_spatial,2,UVALDE GAS SYSTEM,MUNICIPAL,0.0805823664937023
49001,Beaver,UT,5.860893301351191,5.860893301351191,hifld_spatial,1,QUESTAR GAS CO,INVESTOR-OWNED,2.0675047864463303
49003,Box Elder,UT,5.862095314587477,5.862095314587477,hifld_spatial,2,QUESTAR GAS CO,INVESTOR-OWNED,9.85106465207459
49005,Cache,UT,5.860893301351191,5.860893301351191,hifld_spatial,1,QUESTAR GAS CO,INVESTOR-OWNED,48.70108439388266
49007,Carbon,UT,5.860893301351191,5.860893301351191,hifld_spatial,1,QUESTAR GAS CO,INVESTOR-OWNED,19.52789233220908
49009,Daggett,UT,6.165973615260443,6.165973615260443,hifld_spatial,2,QUESTAR GAS CO,INVESTOR-OWNED,0.6510387431473277
49011,Davis,UT,5.860893301351191,5.860893301351191,hifld_spatial,1,QUESTAR GAS CO,INVESTOR-OWNED,44.23730706013823
49013,Duchesne,UT,5.860893301351191,5.860893301351191,hifld_spatial,1,QUESTAR GAS CO,INVESTOR-OWNED,66.01244798873985
49015,Emery,UT,5.860893301351191,5.860893301351191,hifld_spatial,1,QUESTAR GAS CO,INVESTOR-OWNED,27.538966925970183
49017,Garfield,UT,5.860893301351191,5.860893301351191,hifld_spatial,1,QUESTAR GAS CO,INVESTOR-OWNED,2.1400710370235987
49019,Grand,UT,5.860893301351191,5.860893301351191,hifld_spatial,1,QUESTAR GAS CO,INVESTOR-OWNED,0.4988899608935927
49021,Iron,UT,5.860893301351191,5.860893301351191,hifld_spatial,1,QUESTAR GAS CO,INVESTOR-OWNED,55.15193869372007
49023,Juab,UT,5.834743732756584,5.834743732756584,hifld_spatial,3,QUESTAR GAS CO,INVESTOR-OWNED,1.8686073664132448
49025,Kane,UT,6.136488458412767,6.136488458412767,hifld_spatial,2,UNISOURCE ENERGY SERVICES (UNS),INVESTOR-OWNED,1.5086156530031487
49027,Millard,UT,5.860893301351192,5.860893301351192,hifld_spatial,1,QUESTAR GAS CO,INVESTOR-OWNED,1.1412592766874028
49029,Morgan,UT,5.860893301351191,5.860893301351191,hifld_spatial,1,QUESTAR GAS CO,INVESTOR-OWNED,17.340799444504064
49031,Piute,UT,5.860893301351191,5.860893301351191,hifld_spatial,1,QUESTAR GAS CO,INVESTOR-OWNED,96.36940300658178
49033,Rich,UT,5.860893301351191,5.860893301351191,hifld_spatial,1,QUESTAR GAS CO,INVESTOR-OWNED,65.65395756929114
49035,Salt Lake,UT,5.860893301351191,5.860893301351191,hifld_spatial,1,QUESTAR GAS CO,INVESTOR-OWNED,76.9555222959432
49037,San Juan,UT,5.896308598743662,5.896308598743662,hifld_spatial,3,QUESTAR GAS CO,INVESTOR-OWNED,21.66366268698144
49039,Sanpete,UT,5.860893301351191,5.860893301351191,hifld_spatial,1,QUESTAR GAS CO,INVESTOR-OWNED,96.54777060627784
49041,Sevier,UT,5.860893301351191,5.860893301351191,hifld_spatial,1,QUESTAR GAS CO,INVESTOR-OWNED,99.23913199833996
49043,Summit,UT,5.860893301351191,5.860893301351191,hifld_spatial,1,QUESTAR GAS CO,INVESTOR-OWNED,99.2832419014893
49045,Tooele,UT,5.873435207299607,5.873435207299607,hifld_spatial,2,QUESTAR GAS CO,INVESTOR-OWNED,12.35585177237448
49047,Uintah,UT,5.865838733623138,5.865838733623138,hifld_spatial,2,QUESTAR GAS CO,INVESTOR-OWNED,2.4728807433688296
49049,Utah,UT,5.860893301351191,5.860893301351191,hifld_spatial,1,QUESTAR GAS CO,INVESTOR-OWNED,89.50032457120487
49051,Wasatch,UT,5.860893301351191,5.860893301351191,hifld_spatial,1,QUESTAR GAS CO,INVESTOR-OWNED,98.91232118504922
49053,Washington,UT,5.86706319018053,5.86706319018053,hifld_spatial,2,QUESTAR GAS CO,INVESTOR-OWNED,75.01020024934797
49055,Wayne,UT,5.860893301351191,5.860893301351191,hifld_spatial,1,QUESTAR GAS CO,INVESTOR-OWNED,2.5092169098522445
49057,Weber,UT,5.860893301351191,5.860893301351191,hifld_spatial,1,QUESTAR GAS CO,INVESTOR-OWNED,30.02840739844539
50001,Addison,VT,5.686060591474595,5.686060591474595,state_avg_no_coverage,0,,,0.0
50003,Bennington,VT,5.686060591474595,5.686060591474595,state_avg_no_coverage,0,,,0.0
50005,Caledonia,VT,5.686060591474595,5.686060591474595,state_avg_no_coverage,0,,,0.0
50007,Chittenden,VT,6.632701721525664,6.632701721525664,hifld_spatial,1,VERMONT GAS SYSTEMS INC.,INVESTOR-OWNED,40.708244696865655
50009,Essex,VT,5.686060591474595,5.686060591474595,state_avg_no_coverage,0,,,0.0
50011,Franklin,VT,6.632701721525664,6.632701721525664,hifld_spatial,1,VERMONT GAS SYSTEMS INC.,INVESTOR-OWNED,34.53213663341855
50013,Grand Isle,VT,6.8063208778812925,6.8063208778812925,hifld_spatial,2,VERMONT GAS SYSTEMS INC.,INVESTOR-OWNED,3.716831229414179
50015,Lamoille,VT,5.686060591474595,5.686060591474595,state_avg_no_coverage,0,,,0.0
50017,Orange,VT,5.686060591474595,5.686060591474595,state_avg_no_coverage,0,,,0.0
50019,Orleans,VT,5.686060591474595,5.686060591474595,state_avg_no_coverage,0,,,0.0
50021,Rutland,VT,5.686060591474595,5.686060591474595,state_avg_no_coverage,0,,,0.0
50023,Washington,VT,5.686060591474595,5.686060591474595,state_avg_no_coverage,0,,,0.0
50025,Windham,VT,5.686060591474595,5.686060591474595,state_avg_no_coverage,0,,,0.0
50027,Windsor,VT,5.686060591474595,5.686060591474595,state_avg_no_coverage,0,,,0.0
51001,Accomack,VA,5.050358575772297,5.050358575772297,state_avg_outlier_filter,1,SAND-PIPER ENERGY,INVESTOR-OWNED,0.0060950923478976
51003,Albemarle,VA,5.646099106782106,5.646099106782106,hifld_spatial,2,COLUMBIA GAS OF VIRGINIA,INVESTOR-OWNED,100.02101721548472
51005,Alleghany,VA,5.655124391878586,5.655124391878586,hifld_spatial,2,COLUMBIA GAS OF VIRGINIA,INVESTOR-OWNED,94.02154727995116
51007,Amelia,VA,5.644993139765474,5.644993139765474,hifld_spatial,1,COLUMBIA GAS OF VIRGINIA,INVESTOR-OWNED,99.99999999999996
51009,Amherst,VA,5.644993139765474,5.644993139765474,hifld_spatial,1,COLUMBIA GAS OF VIRGINIA,INVESTOR-OWNED,100.00000000000009
51011,Appomattox,VA,5.644993139765474,5.644993139765474,hifld_spatial,1,COLUMBIA GAS OF VIRGINIA,INVESTOR-OWNED,99.99999999999991
51013,Arlington,VA,5.050358575772297,5.050358575772297,state_avg_ldc_no_price,2,WASHINGTON GAS,INVESTOR-OWNED,100.00000000000004
51015,Augusta,VA,5.644993139765474,5.644993139765474,hifld_spatial,1,COLUMBIA GAS OF VIRGINIA,INVESTOR-OWNED,99.6187584680176
51017,Bath,VA,5.644993139765474,5.644993139765474,hifld_spatial,1,COLUMBIA GAS OF VIRGINIA,INVESTOR-OWNED,19.244047016573752
51019,Bedford,VA,5.677159627654618,5.677159627654618,hifld_spatial,2,ROANOKE GAS COMPANY,INVESTOR-OWNED,100.03552542742754
51021,Bland,VA,6.862190477695432,6.862190477695432,hifld_spatial,1,ATMOS ENERGY CORPORATION,INVESTOR-OWNED,3.513130395738599
51023,Botetourt,VA,5.704857396525814,5.704857396525814,hifld_spatial,1,ROANOKE GAS COMPANY,INVESTOR-OWNED,99.8801901122364
51025,Brunswick,VA,5.661268895618142,5.661268895618142,hifld_spatial,2,COLUMBIA GAS OF VIRGINIA,INVESTOR-OWNED,97.96197815690871
51027,Buchanan,VA,5.050358575772297,5.050358575772297,state_avg_ldc_no_price,1,APPALACHIAN NATURAL GAS,PRIVATE,99.8295053765736
51029,Buckingham,VA,5.644993139765474,5.644993139765474,hifld_spatial,1,COLUMBIA GAS OF VIRGINIA,INVESTOR-OWNED,100.0
51031,Campbell,VA,5.644993139765474,5.644993139765474,hifld_spatial,1,COLUMBIA GAS OF VIRGINIA,INVESTOR-OWNED,100.00000000000004
51033,Caroline,VA,5.644993139765474,5.644993139765474,hifld_spatial,1,COLUMBIA GAS OF VIRGINIA,INVESTOR-OWNED,99.99999999999984
51035,Carroll,VA,5.728820077274662,5.728820077274662,hifld_spatial,3,ROANOKE GAS COMPANY,INVESTOR-OWNED,102.396943675265
51036,Charles City,VA,6.219211526929895,6.219211526929895,hifld_spatial,2,COLUMBIA GAS OF VIRGINIA,INVESTOR-OWNED,99.99999999999996
51037,Charlotte,VA,5.644993139765474,5.644993139765474,hifld_spatial,1,COLUMBIA GAS OF VIRGINIA,INVESTOR-OWNED,100.00000000000009
51041,Chesterfield,VA,5.64523563766499,5.64523563766499,hifld_spatial,2,COLUMBIA GAS OF VIRGINIA,INVESTOR-OWNED,100.03148569007426
51043,Clarke,VA,5.644993139765474,5.644993139765474,hifld_spatial,1,COLUMBIA GAS OF VIRGINIA,INVESTOR-OWNED,98.5247767293538
51045,Craig,VA,5.678579409312066,5.678579409312066,hifld_spatial,2,ROANOKE GAS COMPANY,INVESTOR-OWNED,8.476788169654904
51047,Culpeper,VA,5.644993139765474,5.644993139765474,hifld_spatial,1,COLUMBIA GAS OF VIRGINIA,INVESTOR-OWNED,100.0000000000002
51049,Cumberland,VA,5.644993139765474,5.644993139765474,hifld_spatial,1,COLUMBIA GAS OF VIRGINIA,INVESTOR-OWNED,100.0000000000002
51051,Dickenson,VA,5.050358575772297,5.050358575772297,state_avg_ldc_no_price,1,APPALACHIAN NATURAL GAS,PRIVATE,99.90342102793876
51053,Dinwiddie,VA,5.644993139765474,5.644993139765474,hifld_spatial,1,COLUMBIA GAS OF VIRGINIA,INVESTOR-OWNED,99.99999999999994
51057,Essex,VA,5.957776519200167,5.957776519200167,hifld_spatial,2,COLUMBIA GAS OF VIRGINIA,INVESTOR-OWNED,99.98881919392396
51059,Fairfax,VA,5.644993139765474,5.644993139765474,hifld_spatial,1,COLUMBIA GAS OF VIRGINIA,INVESTOR-OWNED,98.3173173205876
51061,Fauquier,VA,5.644993139765474,5.644993139765474,hifld_spatial,1,COLUMBIA GAS OF VIRGINIA,INVESTOR-OWNED,99.62642855939124
51063,Floyd,VA,5.705157771082091,5.705157771082091,hifld_spatial,2,ROANOKE GAS COMPANY,INVESTOR-OWNED,53.03382517329794
51065,Fluvanna,VA,5.644993139765474,5.644993139765474,hifld_spatial,1,COLUMBIA GAS OF VIRGINIA,INVESTOR-OWNED,100.0
51067,Franklin,VA,5.704857396525814,5.704857396525814,hifld_spatial,1,ROANOKE GAS COMPANY,INVESTOR-OWNED,79.21596560946882
51069,Frederick,VA,5.050358575772297,5.050358575772297,state_avg_ldc_no_price,2,WASHINGTON GAS,INVESTOR-OWNED,98.66694921311164
51071,Giles,VA,5.645629176092642,5.645629176092642,hifld_spatial,3,COLUMBIA GAS OF VIRGINIA,INVESTOR-OWNED,73.44314667146097
51073,Gloucester,VA,8.419790306240769,8.419790306240769,hifld_spatial,1,VIRGINIA NATURAL GAS,INVESTOR-OWNED,98.24962100795022
51075,Goochland,VA,5.644993139765474,5.644993139765474,hifld_spatial,1,COLUMBIA GAS OF VIRGINIA,INVESTOR-OWNED,99.99999999999984
51077,Grayson,VA,6.862190477695432,6.862190477695432,hifld_spatial,1,ATMOS ENERGY CORPORATION,INVESTOR-OWNED,126.06932888514648
51079,Greene,VA,5.644993139765474,5.644993139765474,hifld_spatial,1,COLUMBIA GAS OF VIRGINIA,INVESTOR-OWNED,100.0
51081,Greensville,VA,5.644993139765474,5.644993139765474,hifld_spatial,1,COLUMBIA GAS OF VIRGINIA,INVESTOR-OWNED,90.66876298583524
51083,Halifax,VA,5.698654371445596,5.698654371445596,hifld_spatial,2,COLUMBIA GAS OF VIRGINIA,INVESTOR-OWNED,99.9691975301034
51085,Hanover,VA,5.720717299989872,5.720717299989872,hifld_spatial,2,COLUMBIA GAS OF VIRGINIA,INVESTOR-OWNED,99.99999999999994
51087,Henrico,VA,5.645494554178513,5.645494554178513,hifld_spatial,2,COLUMBIA GAS OF VIRGINIA,INVESTOR-OWNED,100.06512505032364
51089,Henry,VA,6.268325668483199,6.268325668483199,hifld_spatial,2,SOUTHWESTERN VA GAS CO,PRIVATE,37.58718537318389
51091,Highland,VA,5.644993139765474,5.644993139765474,hifld_spatial,1,COLUMBIA GAS OF VIRGINIA,INVESTOR-OWNED,2.7034164171252977
51093,Isle of Wight,VA,5.749746293023035,5.749746293023035,hifld_spatial,2,COLUMBIA GAS OF VIRGINIA,INVESTOR-OWNED,99.99999999999996
51095,James City,VA,7.438973777195355,7.438973777195355,hifld_spatial,2,VIRGINIA NATURAL GAS,INVESTOR-OWNED,100.00000000000004
51097,King and Queen,VA,6.604047490149968,6.604047490149968,hifld_spatial,2,COLUMBIA GAS OF VIRGINIA,INVESTOR-OWNED,99.99999999999972
51099,King George,VA,5.644993139765474,5.644993139765474,hifld_spatial,1,COLUMBIA GAS OF VIRGINIA,INVESTOR-OWNED,95.81588089300767
51101,King William,VA,6.505314434722853,6.505314434722853,hifld_spatial,2,COLUMBIA GAS OF VIRGINIA,INVESTOR-OWNED,99.9999999999999
51103,Lancaster,VA,5.050358575772297,5.050358575772297,state_avg_ldc_no_price,1,WASHINGTON GAS,INVESTOR-OWNED,94.60023544630704
51105,Lee,VA,10.42134358105517,10.42134358105517,hifld_spatial,3,DELTA NATURAL GAS CO.,INVESTOR-OWNED,101.88122275669689
51107,Loudoun,VA,5.65133284861296,5.65133284861296,hifld_spatial,2,COLUMBIA GAS OF VIRGINIA,INVESTOR-OWNED,95.7203992671292
51109,Louisa,VA,5.644993139765474,5.644993139765474,hifld_spatial,1,COLUMBIA GAS OF VIRGINIA,INVESTOR-OWNED,99.99999999999996
51111,Lunenburg,VA,5.644993139765474,5.644993139765474,hifld_spatial,1,COLUMBIA GAS OF VIRGINIA,INVESTOR-OWNED,99.99999999999996
51113,Madison,VA,5.644993139765475,5.644993139765475,hifld_spatial,1,COLUMBIA GAS OF VIRGINIA,INVESTOR-OWNED,100.00000000000011
51115,Mathews,VA,8.419790306240769,8.419790306240769,hifld_spatial,1,VIRGINIA NATURAL GAS,INVESTOR-OWNED,84.40355472001386
51117,Mecklenburg,VA,5.723887926103526,5.723887926103526,hifld_spatial,2,COLUMBIA GAS OF VIRGINIA,INVESTOR-OWNED,99.60944510410155
51119,Middlesex,VA,8.412831372632594,8.412831372632594,hifld_spatial,2,VIRGINIA NATURAL GAS,INVESTOR-OWNED,91.2259614370158
51121,Montgomery,VA,5.73709673523498,5.73709673523498,hifld_spatial,3,ROANOKE GAS COMPANY,INVESTOR-OWNED,91.74147866631844
51125,Nelson,VA,5.644993139765474,5.644993139765474,hifld_spatial,1,COLUMBIA GAS OF VIRGINIA,INVESTOR-OWNED,100.00000000000009
51127,New Kent,VA,8.252512989789473,8.252512989789473,hifld_spatial,2,VIRGINIA NATURAL GAS,INVESTOR-OWNED,100.0
51131,Northampton,VA,5.050358575772297,5.050358575772297,state_avg_no_coverage,0,,,0.0
51133,Northumberland,VA,5.050358575772297,5.050358575772297,state_avg_ldc_no_price,1,WASHINGTON GAS,INVESTOR-OWNED,97.1544492696334
51135,Nottoway,VA,5.644993139765474,5.644993139765474,hifld_spatial,1,COLUMBIA GAS OF VIRGINIA,INVESTOR-OWNED,99.99999999999982
51137,Orange,VA,5.644993139765473,5.644993139765473,hifld_spatial,1,COLUMBIA GAS OF VIRGINIA,INVESTOR-OWNED,100.00000000000004
51139,Page,VA,5.644993139765474,5.644993139765474,hifld_spatial,1,COLUMBIA GAS OF VIRGINIA,INVESTOR-OWNED,100.0
51141,Patrick,VA,10.708888678907478,10.708888678907478,hifld_spatial,1,FRONTIER ENERGY LLC,INVESTOR-OWNED,0.0417507735918961
51143,Pittsylvania,VA,5.685106637323719,5.685106637323719,hifld_spatial,5,COLUMBIA GAS OF VIRGINIA,INVESTOR-OWNED,97.85541341676684
51145,Powhatan,VA,5.644993139765474,5.644993139765474,hifld_spatial,1,COLUMBIA GAS OF VIRGINIA,INVESTOR-OWNED,100.00000000000004
51147,Prince Edward,VA,5.644993139765474,5.644993139765474,hifld_spatial,1,COLUMBIA GAS OF VIRGINIA,INVESTOR-OWNED,100.00000000000011
51149,Prince George,VA,5.644993139765474,5.644993139765474,hifld_spatial,1,COLUMBIA GAS OF VIRGINIA,INVESTOR-OWNED,99.99999999999991
51153,Prince William,VA,5.644993139765474,5.644993139765474,hifld_spatial,1,COLUMBIA GAS OF VIRGINIA,INVESTOR-OWNED,99.39492121434108
51155,Pulaski,VA,6.394661280605867,6.394661280605867,hifld_spatial,3,ATMOS ENERGY CORPORATION,INVESTOR-OWNED,161.70326796525626
51157,Rappahannock,VA,5.644993139765474,5.644993139765474,hifld_spatial,1,COLUMBIA GAS OF VIRGINIA,INVESTOR-OWNED,100.0
51159,Richmond,VA,5.644993139765474,5.644993139765474,hifld_spatial,1,COLUMBIA GAS OF VIRGINIA,INVESTOR-OWNED,97.72225695770317
51161,Roanoke,VA,5.704857396525814,5.704857396525814,hifld_spatial,1,ROANOKE GAS COMPANY,INVESTOR-OWNED,82.647579213907
51163,Rockbridge,VA,5.654941388658463,5.654941388658463,hifld_spatial,2,COLUMBIA GAS OF VIRGINIA,INVESTOR-OWNED,100.0
51165,Rockingham,VA,5.644993139765474,5.644993139765474,hifld_spatial,1,COLUMBIA GAS OF VIRGINIA,INVESTOR-OWNED,99.15287324606464
51167,Russell,VA,6.8621904776954326,6.8621904776954326,hifld_spatial,1,ATMOS ENERGY CORPORATION,INVESTOR-OWNED,99.9980319905184
51169,Scott,VA,6.860402261422631,6.860402261422631,hifld_spatial,2,ATMOS ENERGY CORPORATION,INVESTOR-OWNED,98.74198232923996
51171,Shenandoah,VA,5.644993139765474,5.644993139765474,hifld_spatial,1,COLUMBIA GAS OF VIRGINIA,INVESTOR-OWNED,99.96125071750988
51173,Smyth,VA,6.862190477695432,6.862190477695432,hifld_spatial,1,ATMOS ENERGY CORPORATION,INVESTOR-OWNED,100.08749484186258
51175,Southampton,VA,5.644993139765474,5.644993139765474,hifld_spatial,1,COLUMBIA GAS OF VIRGINIA,INVESTOR-OWNED,96.36063364093104
51177,Spotsylvania,VA,5.644993139765474,5.644993139765474,hifld_spatial,1,COLUMBIA GAS OF VIRGINIA,INVESTOR-OWNED,99.99999999999986
51179,Stafford,VA,5.644993139765474,5.644993139765474,hifld_spatial,1,COLUMBIA GAS OF VIRGINIA,INVESTOR-OWNED,99.93301573724924
51181,Surry,VA,5.761399799128514,5.761399799128514,hifld_spatial,2,COLUMBIA GAS OF VIRGINIA,INVESTOR-OWNED,100.00000000000004
51183,Sussex,VA,5.644993139765474,5.644993139765474,hifld_spatial,1,COLUMBIA GAS OF VIRGINIA,INVESTOR-OWNED,100.00000000000009
51185,Tazewell,VA,6.862190477695432,6.862190477695432,hifld_spatial,1,ATMOS ENERGY CORPORATION,INVESTOR-OWNED,98.47021505672645
51187,Warren,VA,5.644993139765474,5.644993139765474,hifld_spatial,1,COLUMBIA GAS OF VIRGINIA,INVESTOR-OWNED,99.99999999999989
51191,Washington,VA,6.8611405290481695,6.8611405290481695,hifld_spatial,2,ATMOS ENERGY CORPORATION,INVESTOR-OWNED,99.89845513548414
51193,Westmoreland,VA,5.644993139765474,5.644993139765474,hifld_spatial,1,COLUMBIA GAS OF VIRGINIA,INVESTOR-OWNED,97.61202350099931
51195,Wise,VA,7.026362771386317,7.026362771386317,hifld_spatial,2,ATMOS ENERGY CORPORATION,INVESTOR-OWNED,102.29367896862384
51197,Wythe,VA,6.848498773614613,6.848498773614613,hifld_spatial,2,ATMOS ENERGY CORPORATION,INVESTOR-OWNED,100.5980767843858
51199,York,VA,8.419790306240769,8.419790306240769,hifld_spatial,1,VIRGINIA NATURAL GAS,INVESTOR-OWNED,99.9778832714505
51510,Alexandria,VA,5.050358575772297,5.050358575772297,state_avg_ldc_no_price,3,WASHINGTON GAS,INVESTOR-OWNED,99.99692951948607
51520,Bristol,VA,6.8007015392773695,6.8007015392773695,hifld_spatial,2,ATMOS ENERGY CORPORATION,INVESTOR-OWNED,15.587868909588792
51530,Buena Vista,VA,5.644993139765474,5.644993139765474,hifld_spatial,1,COLUMBIA GAS OF VIRGINIA,INVESTOR-OWNED,99.99999999999989
51540,Charlottesville,VA,8.265852439561785,8.265852439561785,hifld_spatial,2,COLUMBIA GAS OF VIRGINIA,INVESTOR-OWNED,199.1832139322791
51550,Chesapeake,VA,6.98569260996676,6.98569260996676,hifld_spatial,2,COLUMBIA GAS OF VIRGINIA,INVESTOR-OWNED,99.11732380159135
51570,Colonial Heights,VA,5.644993139765474,5.644993139765474,hifld_spatial,1,COLUMBIA GAS OF VIRGINIA,INVESTOR-OWNED,100.0
51580,Covington,VA,5.644993139765473,5.644993139765473,hifld_spatial,1,COLUMBIA GAS OF VIRGINIA,INVESTOR-OWNED,100.0
51590,Danville,VA,5.950422997147829,5.950422997147829,hifld_spatial,3,"DANVILLE, CITY OF",MUNICIPAL,198.73166124131257
51595,Emporia,VA,5.644993139765474,5.644993139765474,hifld_spatial,1,COLUMBIA GAS OF VIRGINIA,INVESTOR-OWNED,100.00000000000004
51600,Fairfax,VA,5.050358575772297,5.050358575772297,state_avg_ldc_no_price,1,WASHINGTON GAS,INVESTOR-OWNED,100.00000000000004
51610,Falls Church,VA,5.050358575772297,5.050358575772297,state_avg_ldc_no_price,1,WASHINGTON GAS,INVESTOR-OWNED,99.99999999999996
51620,Franklin,VA,5.644993139765474,5.644993139765474,hifld_spatial,1,COLUMBIA GAS OF VIRGINIA,INVESTOR-OWNED,99.99999999999989
51630,Fredericksburg,VA,5.644993139765475,5.644993139765475,hifld_spatial,1,COLUMBIA GAS OF VIRGINIA,INVESTOR-OWNED,100.00000000000004
51640,Galax,VA,5.050358575772297,5.050358575772297,state_avg_ldc_no_price,1,APPALACHIAN NATURAL GAS,PRIVATE,100.00000000000004
51650,Hampton,VA,8.349797019120583,8.349797019120583,hifld_spatial,2,VIRGINIA NATURAL GAS,INVESTOR-OWNED,93.0634271814693
51660,Harrisonburg,VA,5.644993139765474,5.644993139765474,hifld_spatial,1,COLUMBIA GAS OF VIRGINIA,INVESTOR-OWNED,100.0
51670,Hopewell,VA,5.644993139765474,5.644993139765474,hifld_spatial,1,COLUMBIA GAS OF VIRGINIA,INVESTOR-OWNED,100.00000000000004
51678,Lexington,VA,5.644993139765474,5.644993139765474,hifld_spatial,1,COLUMBIA GAS OF VIRGINIA,INVESTOR-OWNED,100.0
51680,Lynchburg,VA,5.644993139765474,5.644993139765474,hifld_spatial,1,COLUMBIA GAS OF VIRGINIA,INVESTOR-OWNED,99.99999999999996
51683,Manassas,VA,5.644993139765474,5.644993139765474,hifld_spatial,1,COLUMBIA GAS OF VIRGINIA,INVESTOR-OWNED,100.00000000000011
51685,Manassas Park,VA,5.644993139765474,5.644993139765474,hifld_spatial,1,COLUMBIA GAS OF VIRGINIA,INVESTOR-OWNED,100.00000000000058
51690,Martinsville,VA,6.587567593960182,6.587567593960182,hifld_spatial,1,SOUTHWESTERN VA GAS CO,PRIVATE,94.7900139073186
51700,Newport News,VA,8.131431995719785,8.131431995719785,hifld_spatial,2,VIRGINIA NATURAL GAS,INVESTOR-OWNED,100.00000000000006
51710,Norfolk,VA,5.653149471861889,5.653149471861889,hifld_spatial,2,COLUMBIA GAS OF VIRGINIA,INVESTOR-OWNED,99.99758452553598
51720,Norton,VA,5.050358575772297,5.050358575772297,state_avg_ldc_no_price,1,APPALACHIAN NATURAL GAS,PRIVATE,100.00000000000004
51730,Petersburg,VA,5.644993139765474,5.644993139765474,hifld_spatial,1,COLUMBIA GAS OF VIRGINIA,INVESTOR-OWNED,100.00000000000004
51735,Poquoson,VA,8.419790306240769,8.419790306240769,hifld_spatial,1,VIRGINIA NATURAL GAS,INVESTOR-OWNED,87.41883150767626
51740,Portsmouth,VA,5.644993139765474,5.644993139765474,hifld_spatial,1,COLUMBIA GAS OF VIRGINIA,INVESTOR-OWNED,100.0
51750,Radford,VA,5.951755403270421,5.951755403270421,hifld_spatial,2,ROANOKE GAS COMPANY,INVESTOR-OWNED,127.1186835481417
51760,Richmond,VA,6.029186283720798,6.029186283720798,hifld_spatial,2,COLUMBIA GAS OF VIRGINIA,INVESTOR-OWNED,199.4716429738716
51770,Roanoke,VA,5.704857396525815,5.704857396525815,hifld_spatial,1,ROANOKE GAS COMPANY,INVESTOR-OWNED,100.00000000000009
51775,Salem,VA,5.704857396525814,5.704857396525814,hifld_spatial,1,ROANOKE GAS COMPANY,INVESTOR-OWNED,100.00000000000004
51790,Staunton,VA,5.644993139765474,5.644993139765474,hifld_spatial,1,COLUMBIA GAS OF VIRGINIA,INVESTOR-OWNED,100.00000000000004
51800,Suffolk,VA,6.425860692815519,6.425860692815519,hifld_spatial,2,COLUMBIA GAS OF VIRGINIA,INVESTOR-OWNED,98.12368501841686
51810,Virginia Beach,VA,8.285589169415244,8.285589169415244,hifld_spatial,2,VIRGINIA NATURAL GAS,INVESTOR-OWNED,98.5796365937061
51820,Waynesboro,VA,5.644993139765474,5.644993139765474,hifld_spatial,1,COLUMBIA GAS OF VIRGINIA,INVESTOR-OWNED,100.00000000000004
51830,Williamsburg,VA,8.2844295143739,8.2844295143739,hifld_spatial,2,VIRGINIA NATURAL GAS,INVESTOR-OWNED,100.00000000000028
51840,Winchester,VA,5.050358575772297,5.050358575772297,state_avg_ldc_no_price,1,WASHINGTON GAS,INVESTOR-OWNED,100.0
53001,Adams,WA,8.05404375604558,8.05404375604558,hifld_spatial,2,AVISTA CORP,INVESTOR-OWNED,99.79410746291347
53003,Asotin,WA,7.847917516876801,7.847917516876801,hifld_spatial,2,AVISTA CORP,INVESTOR-OWNED,17.58636103362144
53005,Benton,WA,9.101310154736964,9.101310154736964,hifld_spatial,4,CASCADE NATURAL GAS,OTHER,36.07827045113229
53007,Chelan,WA,9.155385413853375,9.155385413853375,hifld_spatial,1,CASCADE NATURAL GAS,OTHER,4.909887844188757
53009,Clallam,WA,11.379449983997612,11.379449983997612,state_avg_no_coverage,0,,,0.0
53011,Clark,WA,7.633454628118639,7.633454628118639,hifld_spatial,3,NORTHWEST NATURAL GAS CO.,INVESTOR-OWNED,100.00028624188164
53013,Columbia,WA,7.861111667501252,7.861111667501252,hifld_spatial,1,AVISTA CORP,INVESTOR-OWNED,0.0006380019961907
53015,Cowlitz,WA,8.811311274443641,8.811311274443641,hifld_spatial,3,CASCADE NATURAL GAS,OTHER,54.722778297073376
53017,Douglas,WA,9.153312770323904,9.153312770323904,hifld_spatial,2,CASCADE NATURAL GAS,OTHER,5.49604056747988
53019,Ferry,WA,7.861111667501252,7.861111667501252,hifld_spatial,1,AVISTA CORP,INVESTOR-OWNED,50.68926453966963
53021,Franklin,WA,7.971801260878635,7.971801260878635,hifld_spatial,2,AVISTA CORP,INVESTOR-OWNED,40.40006184825617
53023,Garfield,WA,7.861111667501252,7.861111667501252,hifld_spatial,1,AVISTA CORP,INVESTOR-OWNED,0.0673725136731437
53025,Grant,WA,9.155366736857095,9.155366736857095,hifld_spatial,2,CASCADE NATURAL GAS,OTHER,12.793107457171848
53027,Grays Harbor,WA,9.155385413853375,9.155385413853375,hifld_spatial,1,CASCADE NATURAL GAS,OTHER,14.96554298264033
53029,Island,WA,9.155385413853375,9.155385413853375,hifld_spatial,1,CASCADE NATURAL GAS,OTHER,1.7081751311799287
53031,Jefferson,WA,9.155385413853375,9.155385413853375,hifld_spatial,1,CASCADE NATURAL GAS,OTHER,3.8421596810127134
53033,King,WA,8.396957668016462,8.396957668016462,hifld_spatial,2,"PUGET SOUND ENERGY, INC.",PRIVATE,30.49094215412024
53035,Kitsap,WA,9.155385413853375,9.155385413853375,hifld_spatial,1,CASCADE NATURAL GAS,OTHER,96.4264421957144
53037,Kittitas,WA,9.151669521920953,9.151669521920953,hifld_spatial,2,CASCADE NATURAL GAS,OTHER,6.21786528510551
53039,Klickitat,WA,7.65405226824265,7.65405226824265,hifld_spatial,4,NORTHWEST NATURAL GAS CO.,INVESTOR-OWNED,18.77093599180877
53041,Lewis,WA,8.396910301633733,8.396910301633733,hifld_spatial,2,"PUGET SOUND ENERGY, INC.",PRIVATE,7.850240295534711
53043,Lincoln,WA,7.861111667501252,7.861111667501252,hifld_spatial,1,AVISTA CORP,INVESTOR-OWNED,67.90245532745448
53045,Mason,WA,9.03301045524092,9.03301045524092,hifld_spatial,2,CASCADE NATURAL GAS,OTHER,6.974457463693041
53047,Okanogan,WA,7.861111667501253,7.861111667501253,hifld_spatial,1,AVISTA CORP,INVESTOR-OWNED,10.059199498145974
53049,Pacific,WA,11.379449983997612,11.379449983997612,state_avg_no_coverage,0,,,0.0
53051,Pend Oreille,WA,7.861111667501252,7.861111667501252,hifld_spatial,1,AVISTA CORP,INVESTOR-OWNED,0.1838469340285287
53053,Pierce,WA,8.40679429921433,8.40679429921433,hifld_spatial,2,"PUGET SOUND ENERGY, INC.",PRIVATE,19.54022081447424
53055,San Juan,WA,11.379449983997612,11.379449983997612,state_avg_no_coverage,0,,,0.0
53057,Skagit,WA,9.155385413853375,9.155385413853375,hifld_spatial,1,CASCADE NATURAL GAS,OTHER,4.376207538007983
53059,Skamania,WA,7.583416972793079,7.583416972793079,hifld_spatial,2,NORTHWEST NATURAL GAS CO.,INVESTOR-OWNED,28.606687601536084
53061,Snohomish,WA,8.66698869894928,8.66698869894928,hifld_spatial,2,"PUGET SOUND ENERGY, INC.",PRIVATE,40.2371800163485
53063,Spokane,WA,7.850551733174671,7.850551733174671,hifld_spatial,2,AVISTA CORP,INVESTOR-OWNED,20.141083039195337
53065,Stevens,WA,7.861111667501252,7.861111667501252,hifld_spatial,1,AVISTA CORP,INVESTOR-OWNED,67.1584888361855
53067,Thurston,WA,8.400549085999,8.400549085999,hifld_spatial,2,"PUGET SOUND ENERGY, INC.",PRIVATE,40.08127136332767
53069,Wahkiakum,WA,6.074204533212979,6.074204533212979,hifld_spatial,2,NORTHWEST NATURAL GAS CO.,INVESTOR-OWNED,4.251882999170178
53071,Walla Walla,WA,9.155385413853375,9.155385413853375,hifld_spatial,1,CASCADE NATURAL GAS,OTHER,38.16950655922188
53073,Whatcom,WA,9.155385413853375,9.155385413853375,hifld_spatial,1,CASCADE NATURAL GAS,OTHER,14.606913485529088
53075,Whitman,WA,7.84427617336341,7.84427617336341,hifld_spatial,2,AVISTA CORP,INVESTOR-OWNED,49.29268822961277
53077,Yakima,WA,9.155385413853375,9.155385413853375,hifld_spatial,1,CASCADE NATURAL GAS,OTHER,28.75365629542892
54001,Barbour,WV,7.408530971269676,7.408530971269676,hifld_spatial,2,EQUITABLE GAS CO. (PEOPLES NATURAL GAS),PRIVATE,1.5272458774917756
54003,Berkeley,WV,9.8105144283634,9.8105144283634,hifld_spatial,1,COLUMBIA GAS OF WASHINGTON/MARYLAND,INVESTOR-OWNED,97.24521292414286
54005,Boone,WV,8.699611264501478,8.699611264501478,state_avg_ldc_no_price,2,MOUNTAINEER GAS CO.,PRIVATE,54.9442631605983
54007,Braxton,WV,7.953924781523095,7.953924781523095,hifld_spatial,1,EQUITABLE GAS CO. (PEOPLES NATURAL GAS),PRIVATE,0.1983553115665078
54009,Brooke,WV,8.115117462475057,8.115117462475057,hifld_spatial,2,COLUMBIA GAS OF OHIO,INVESTOR-OWNED,52.916729350347765
54011,Cabell,WV,8.104599036025682,8.104599036025682,hifld_spatial,1,COLUMBIA GAS OF OHIO,INVESTOR-OWNED,96.60597134464857
54013,Calhoun,WV,7.953924781523096,7.953924781523096,hifld_spatial,1,EQUITABLE GAS CO. (PEOPLES NATURAL GAS),PRIVATE,2.943566134370353
54015,Clay,WV,7.953924781523095,7.953924781523095,hifld_spatial,1,EQUITABLE GAS CO. (PEOPLES NATURAL GAS),PRIVATE,99.86915893743168
54017,Doddridge,WV,7.953924781523095,7.953924781523095,hifld_spatial,1,EQUITABLE GAS CO. (PEOPLES NATURAL GAS),PRIVATE,0.3163503164529915
54019,Fayette,WV,7.953924781523097,7.953924781523097,hifld_spatial,1,EQUITABLE GAS CO. (PEOPLES NATURAL GAS),PRIVATE,53.47878244480124
54021,Gilmer,WV,7.953924781523096,7.953924781523096,hifld_spatial,1,EQUITABLE GAS CO. (PEOPLES NATURAL GAS),PRIVATE,99.92257898900743
54023,Grant,WV,9.8105144283634,9.8105144283634,hifld_spatial,1,COLUMBIA GAS OF WASHINGTON/MARYLAND,INVESTOR-OWNED,0.098494125636573
54025,Greenbrier,WV,5.644993139765474,5.644993139765474,hifld_spatial,1,COLUMBIA GAS OF VIRGINIA,INVESTOR-OWNED,5.78561096267705
54027,Hampshire,WV,9.8105144283634,9.8105144283634,hifld_spatial,1,COLUMBIA GAS OF WASHINGTON/MARYLAND,INVESTOR-OWNED,6.324414625038239
54029,Hancock,WV,8.130383676026723,8.130383676026723,hifld_spatial,2,COLUMBIA GAS OF OHIO,INVESTOR-OWNED,53.10770367445303
54031,Hardy,WV,5.644993139765474,5.644993139765474,hifld_spatial,1,COLUMBIA GAS OF VIRGINIA,INVESTOR-OWNED,4.078473717194667
54033,Harrison,WV,7.190576465755287,7.190576465755287,hifld_spatial,2,EQUITABLE GAS CO. (PEOPLES NATURAL GAS),PRIVATE,69.84502425727952
54035,Jackson,WV,8.104599036025682,8.104599036025682,hifld_spatial,1,COLUMBIA GAS OF OHIO,INVESTOR-OWNED,84.47529115793408
54037,Jefferson,WV,9.8105144283634,9.8105144283634,hifld_spatial,1,COLUMBIA GAS OF WASHINGTON/MARYLAND,INVESTOR-OWNED,98.02240002181291
54039,Kanawha,WV,7.953924781523097,7.953924781523097,hifld_spatial,1,EQUITABLE GAS CO. (PEOPLES NATURAL GAS),PRIVATE,102.00672915163004
54041,Lewis,WV,7.953710885989251,7.953710885989251,hifld_spatial,2,EQUITABLE GAS CO. (PEOPLES NATURAL GAS),PRIVATE,100.0717268193489
54043,Lincoln,WV,8.699611264501478,8.699611264501478,state_avg_ldc_no_price,1,MOUNTAINEER GAS CO.,PRIVATE,7.477529828898034
54045,Logan,WV,8.699611264501478,8.699611264501478,state_avg_ldc_no_price,2,MOUNTAINEER GAS CO.,PRIVATE,102.0670452107409
54047,McDowell,WV,8.699611264501478,8.699611264501478,state_avg_ldc_no_price,2,WELCH GAS CO-OP,COOPERATIVE,0.6892688906612479
54049,Marion,WV,7.953924781523096,7.953924781523096,hifld_spatial,1,EQUITABLE GAS CO. (PEOPLES NATURAL GAS),PRIVATE,64.98558813370626
54051,Marshall,WV,8.106464220584053,8.106464220584053,hifld_spatial,2,COLUMBIA GAS OF OHIO,INVESTOR-OWNED,68.7909283474959
54053,Mason,WV,8.104599036025682,8.104599036025682,hifld_spatial,1,COLUMBIA GAS OF OHIO,INVESTOR-OWNED,36.0629333445749
54055,Mercer,WV,5.644993139765474,5.644993139765474,hifld_spatial,1,COLUMBIA GAS OF VIRGINIA,INVESTOR-OWNED,3.107062531377702
54057,Mineral,WV,9.8105144283634,9.8105144283634,hifld_spatial,1,COLUMBIA GAS OF WASHINGTON/MARYLAND,INVESTOR-OWNED,0.8185432479667711
54059,Mingo,WV,8.238684358063914,8.238684358063914,hifld_spatial,1,COLUMBIA GAS OF KENTUCKY,INVESTOR-OWNED,64.99475902253907
54061,Monongalia,WV,5.5859825866290125,5.5859825866290125,hifld_spatial,3,DOMINION HOPE GAS INC,INVESTOR-OWNED,2.3555165901949078
54063,Monroe,WV,7.810011642346756,7.810011642346756,hifld_spatial,2,EQUITABLE GAS CO. (PEOPLES NATURAL GAS),PRIVATE,10.972485695884744
54065,Morgan,WV,8.882411521830223,8.882411521830223,hifld_spatial,2,COLUMBIA GAS OF WASHINGTON/MARYLAND,INVESTOR-OWNED,0.3997766253003192
54067,Nicholas,WV,7.953924781523096,7.953924781523096,hifld_spatial,1,EQUITABLE GAS CO. (PEOPLES NATURAL GAS),PRIVATE,21.10974044267637
54069,Ohio,WV,8.113406995902277,8.113406995902277,hifld_spatial,2,COLUMBIA GAS OF OHIO,INVESTOR-OWNED,30.774521919131903
54071,Pendleton,WV,5.644993139765474,5.644993139765474,hifld_spatial,1,COLUMBIA GAS OF VIRGINIA,INVESTOR-OWNED,20.50931064199159
54073,Pleasants,WV,8.699611264501478,8.699611264501478,state_avg_ldc_no_price,2,THE RIVER GAS CO,PRIVATE,0.6190105484757308
54075,Pocahontas,WV,8.699611264501478,8.699611264501478,state_avg_no_coverage,0,,,0.0
54077,Preston,WV,9.614126710579148,9.614126710579148,hifld_spatial,2,COLUMBIA GAS OF WASHINGTON/MARYLAND,INVESTOR-OWNED,3.024728820300184
54079,Putnam,WV,7.953924781523095,7.953924781523095,hifld_spatial,1,EQUITABLE GAS CO. (PEOPLES NATURAL GAS),PRIVATE,6.310890636433948
54081,Raleigh,WV,7.953924781523096,7.953924781523096,hifld_spatial,1,EQUITABLE GAS CO. (PEOPLES NATURAL GAS),PRIVATE,45.52486367267866
54083,Randolph,WV,7.953924781523096,7.953924781523096,hifld_spatial,1,EQUITABLE GAS CO. (PEOPLES NATURAL GAS),PRIVATE,9.4849812099132
54085,Ritchie,WV,7.953924781523096,7.953924781523096,hifld_spatial,1,EQUITABLE GAS CO. (PEOPLES NATURAL GAS),PRIVATE,20.749216739546835
54087,Roane,WV,7.953924781523096,7.953924781523096,hifld_spatial,1,EQUITABLE GAS CO. (PEOPLES NATURAL GAS),PRIVATE,2.979444896746529
54089,Summers,WV,8.699611264501478,8.699611264501478,state_avg_ldc_no_price,1,MOUNTAINEER GAS CO.,PRIVATE,4.770862471945212
54091,Taylor,WV,7.953924781523096,7.953924781523096,hifld_spatial,1,EQUITABLE GAS CO. (PEOPLES NATURAL GAS),PRIVATE,58.86798050195758
54093,Tucker,WV,8.699611264501478,8.699611264501478,state_avg_ldc_no_price,2,CANAAN VALLEY GAS COMPANY,PRIVATE,38.70640646551405
54095,Tyler,WV,8.104599036025682,8.104599036025682,hifld_spatial,1,COLUMBIA GAS OF OHIO,INVESTOR-OWNED,2.306108141332641
54097,Upshur,WV,7.953498776262251,7.953498776262251,hifld_spatial,2,EQUITABLE GAS CO. (PEOPLES NATURAL GAS),PRIVATE,66.43122184280907
54099,Wayne,WV,8.635090113758618,8.635090113758618,hifld_spatial,3,COLUMBIA GAS OF KENTUCKY,INVESTOR-OWNED,4.195212750684676
54101,Webster,WV,7.953924781523096,7.953924781523096,hifld_spatial,1,EQUITABLE GAS CO. (PEOPLES NATURAL GAS),PRIVATE,0.0369680004286452
54103,Wetzel,WV,8.089754935964795,8.089754935964795,hifld_spatial,3,COLUMBIA GAS OF OHIO,INVESTOR-OWNED,1.5835977532258776
54105,Wirt,WV,7.953924781523097,7.953924781523097,hifld_spatial,1,EQUITABLE GAS CO. (PEOPLES NATURAL GAS),PRIVATE,19.87177139324318
54107,Wood,WV,5.761376307707173,5.761376307707173,hifld_spatial,2,DOMINION HOPE GAS INC,INVESTOR-OWNED,22.15353847737624
54109,Wyoming,WV,8.699611264501478,8.699611264501478,state_avg_ldc_no_price,1,MOUNTAINEER GAS CO.,PRIVATE,0.5708202270599695
55001,Adams,WI,8.436656755771201,8.436656755771201,hifld_spatial,2,WISCONSIN GAS CO,INVESTOR-OWNED,28.76649041856587
55003,Ashland,WI,6.8635450294060325,6.8635450294060325,hifld_spatial,2,NORTHERN STATES POWER COMPANY (XCEL ENERGY),INVESTOR-OWNED,41.3085105008041
55005,Barron,WI,8.43696811641081,8.43696811641081,hifld_spatial,1,WISCONSIN GAS CO,INVESTOR-OWNED,55.92190795089993
55007,Bayfield,WI,6.863545026612843,6.863545026612843,hifld_spatial,1,NORTHERN STATES POWER COMPANY (XCEL ENERGY),INVESTOR-OWNED,21.68439734699186
55009,Brown,WI,8.401246088232583,8.401246088232583,hifld_spatial,2,WISCONSIN PUB SVC CORP,INVESTOR-OWNED,86.76430241204339
55011,Buffalo,WI,7.197163500322366,7.197163500322366,hifld_spatial,3,MIDWEST NATURAL GAS,PRIVATE,5.651983327446886
55013,Burnett,WI,8.324736226544953,8.324736226544953,hifld_spatial,2,WISCONSIN GAS CO,INVESTOR-OWNED,50.68160605269502
55015,Calumet,WI,8.385628019446983,8.385628019446983,hifld_spatial,3,WISCONSIN PUB SVC CORP,INVESTOR-OWNED,54.40222002701842
55017,Chippewa,WI,7.715099762850498,7.715099762850498,hifld_spatial,2,WISCONSIN GAS CO,INVESTOR-OWNED,46.59217688897899
55019,Clark,WI,8.43696811641081,8.43696811641081,hifld_spatial,1,WISCONSIN GAS CO,INVESTOR-OWNED,35.446766531650404
55021,Columbia,WI,7.2828266890334525,7.2828266890334525,hifld_spatial,3,WISCONSIN POWER AND LIGHT,INVESTOR-OWNED,84.32464114716197
55023,Crawford,WI,8.43696811641081,8.43696811641081,hifld_spatial,1,WISCONSIN GAS CO,INVESTOR-OWNED,9.579378286561816
55025,Dane,WI,7.185483604464485,7.185483604464485,hifld_spatial,4,MADISON GAS & ELECTRIC CO,INVESTOR-OWNED,92.38576894416371
55027,Dodge,WI,7.775353456024537,7.775353456024537,hifld_spatial,3,WISCONSIN POWER AND LIGHT,INVESTOR-OWNED,112.3679071290888
55029,Door,WI,8.401179703421443,8.401179703421443,hifld_spatial,1,WISCONSIN PUB SVC CORP,INVESTOR-OWNED,41.631131751419865
55031,Douglas,WI,8.204845895153056,8.204845895153056,hifld_spatial,2,"SUPERIOR WATER, LT & POWER CO",PRIVATE,3.2550562933978657
55033,Dunn,WI,7.395442048943386,7.395442048943386,hifld_spatial,2,NORTHERN STATES POWER COMPANY (XCEL ENERGY),INVESTOR-OWNED,23.09997074042932
55035,Eau Claire,WI,7.568968240019968,7.568968240019968,hifld_spatial,3,NORTHERN STATES POWER COMPANY (XCEL ENERGY),INVESTOR-OWNED,52.615371033303056
55037,Florence,WI,8.439031579271711,8.439031579271711,hifld_spatial,2,FLORENCE UTILITY COMMISSION,MUNICIPAL,48.545300598283255
55039,Fond du Lac,WI,7.158901239027083,7.158901239027083,hifld_spatial,3,WISCONSIN POWER AND LIGHT,INVESTOR-OWNED,80.29017372356647
55041,Forest,WI,8.401098679584456,8.401098679584456,hifld_spatial,2,WISCONSIN PUB SVC CORP,INVESTOR-OWNED,30.669789033238786
55043,Grant,WI,7.8048441062237615,7.8048441062237615,hifld_spatial,3,WISCONSIN GAS CO,INVESTOR-OWNED,36.677823098524456
55045,Green,WI,8.009992142808718,8.009992142808718,hifld_spatial,4,WISCONSIN GAS CO,INVESTOR-OWNED,94.1046466525539
55047,Green Lake,WI,8.098901773937351,8.098901773937351,hifld_spatial,2,WISCONSIN GAS CO,INVESTOR-OWNED,82.4301602102616
55049,Iowa,WI,7.103614207097588,7.103614207097588,hifld_spatial,3,WISCONSIN POWER AND LIGHT,INVESTOR-OWNED,83.9090747459257
55051,Iron,WI,8.023764716931494,8.023764716931494,hifld_spatial,3,WISCONSIN ELECTRIC POWER CO,INVESTOR-OWNED,21.66722504060974
55053,Jackson,WI,8.43696811641081,8.43696811641081,hifld_spatial,1,WISCONSIN GAS CO,INVESTOR-OWNED,16.31621019164755
55055,Jefferson,WI,8.214665198614181,8.214665198614181,hifld_spatial,3,WISCONSIN GAS CO,INVESTOR-OWNED,193.1274408012713
55057,Juneau,WI,7.139290355923444,7.139290355923444,hifld_spatial,3,WISCONSIN POWER AND LIGHT,INVESTOR-OWNED,30.032015083451693
55059,Kenosha,WI,8.245191297513568,8.245191297513568,hifld_spatial,3,WISCONSIN ELECTRIC POWER CO,INVESTOR-OWNED,200.53128620183853
55061,Kewaunee,WI,8.401179703421443,8.401179703421443,hifld_spatial,1,WISCONSIN PUB SVC CORP,INVESTOR-OWNED,99.6482149890218
55063,La Crosse,WI,7.550949270711813,7.550949270711813,hifld_spatial,5,NORTHERN STATES POWER COMPANY (XCEL ENERGY),INVESTOR-OWNED,66.3899585336778
55065,Lafayette,WI,7.729923271633613,7.729923271633613,hifld_spatial,3,WISCONSIN POWER AND LIGHT,INVESTOR-OWNED,70.21648348476471
55067,Langlade,WI,7.509485152959977,7.509485152959977,hifld_spatial,2,CITY GAS CO.,PRIVATE,0.7393729443565887
55069,Lincoln,WI,8.401179703421443,8.401179703421443,hifld_spatial,1,WISCONSIN PUB SVC CORP,INVESTOR-OWNED,38.540598498452574
55071,Manitowoc,WI,8.401179703421443,8.401179703421443,hifld_spatial,1,WISCONSIN PUB SVC CORP,INVESTOR-OWNED,97.61968514867964
55073,Marathon,WI,8.408799243611249,8.408799243611249,hifld_spatial,2,WISCONSIN PUB SVC CORP,INVESTOR-OWNED,62.796268938004985
55075,Marinette,WI,8.397971501188488,8.397971501188488,hifld_spatial,4,WISCONSIN PUB SVC CORP,INVESTOR-OWNED,30.469382505106665
55077,Marquette,WI,8.43696753190495,8.43696753190495,hifld_spatial,2,WISCONSIN GAS CO,INVESTOR-OWNED,85.41607686712723
55078,Menominee,WI,8.43696811641081,8.43696811641081,hifld_spatial,1,WISCONSIN GAS CO,INVESTOR-OWNED,19.960534912294488
55079,Milwaukee,WI,8.061936174056635,8.061936174056635,hifld_spatial,1,WISCONSIN ELECTRIC POWER CO,INVESTOR-OWNED,42.6404491376484
55081,Monroe,WI,8.293998742990006,8.293998742990006,hifld_spatial,3,WISCONSIN GAS CO,INVESTOR-OWNED,33.43412676979775
55083,Oconto,WI,8.420850357970956,8.420850357970956,hifld_spatial,2,WISCONSIN GAS CO,INVESTOR-OWNED,51.25430879845719
55085,Oneida,WI,8.400927347296609,8.400927347296609,hifld_spatial,2,WISCONSIN PUB SVC CORP,INVESTOR-OWNED,62.84493741897984
55087,Outagamie,WI,8.375813814644802,8.375813814644802,hifld_spatial,3,WISCONSIN GAS CO,INVESTOR-OWNED,118.8235111331685
55089,Ozaukee,WI,6.862064940694176,6.862064940694176,state_avg_no_coverage,0,,,0.0
55091,Pepin,WI,8.309982514279309,8.309982514279309,hifld_spatial,3,WISCONSIN GAS CO,INVESTOR-OWNED,30.17559318191763
55093,Pierce,WI,7.898092903594662,7.898092903594662,hifld_spatial,3,WISCONSIN GAS CO,INVESTOR-OWNED,47.49312378424906
55095,Polk,WI,8.351047821342728,8.351047821342728,hifld_spatial,3,WISCONSIN GAS CO,INVESTOR-OWNED,33.01873203963516
55097,Portage,WI,8.29439241483228,8.29439241483228,hifld_spatial,3,WISCONSIN PUB SVC CORP,INVESTOR-OWNED,56.3963805929681
55099,Price,WI,6.863587608859985,6.863587608859985,hifld_spatial,2,NORTHERN STATES POWER COMPANY (XCEL ENERGY),INVESTOR-OWNED,54.39260400578918
55101,Racine,WI,8.247591209582986,8.247591209582986,hifld_spatial,2,WISCONSIN ELECTRIC POWER CO,INVESTOR-OWNED,197.7224899659194
55103,Richland,WI,8.151095803301468,8.151095803301468,hifld_spatial,3,WISCONSIN GAS CO,INVESTOR-OWNED,25.629462788133644
55105,Rock,WI,7.557199244726588,7.557199244726588,hifld_spatial,5,WISCONSIN POWER AND LIGHT,INVESTOR-OWNED,107.93651852523972
55107,Rusk,WI,8.43696811641081,8.43696811641081,hifld_spatial,1,WISCONSIN GAS CO,INVESTOR-OWNED,21.368310990593347
55109,St. Croix,WI,8.123135750625794,8.123135750625794,hifld_spatial,4,WISCONSIN GAS CO,INVESTOR-OWNED,33.922456407099375
55111,Sauk,WI,7.140258940137968,7.140258940137968,hifld_spatial,3,WISCONSIN POWER AND LIGHT,INVESTOR-OWNED,63.09725846124561
55113,Sawyer,WI,8.43677507132529,8.43677507132529,hifld_spatial,2,WISCONSIN GAS CO,INVESTOR-OWNED,9.664745133564468
55115,Shawano,WI,8.369061083013158,8.369061083013158,hifld_spatial,3,WISCONSIN GAS CO,INVESTOR-OWNED,86.41161986444985
55117,Sheboygan,WI,8.415045912545875,8.415045912545875,hifld_spatial,3,WISCONSIN PUB SVC CORP,INVESTOR-OWNED,87.59955948290937
55119,Taylor,WI,7.455821439360107,7.455821439360107,hifld_spatial,2,NORTHERN STATES POWER COMPANY (XCEL ENERGY),INVESTOR-OWNED,20.45728149009832
55121,Trempealeau,WI,7.377502339761081,7.377502339761081,hifld_spatial,4,MIDWEST NATURAL GAS,PRIVATE,40.06905728225343
55123,Vernon,WI,7.095711104630371,7.095711104630371,hifld_spatial,6,MIDWEST NATURAL GAS,PRIVATE,30.921192748061426
55125,Vilas,WI,8.11761230557013,8.11761230557013,hifld_spatial,4,WISCONSIN ELECTRIC POWER CO,INVESTOR-OWNED,88.01840813669668
55127,Walworth,WI,8.237466263808773,8.237466263808773,hifld_spatial,4,WISCONSIN ELECTRIC POWER CO,INVESTOR-OWNED,201.50670432491097
55129,Washburn,WI,8.43696811641081,8.43696811641081,hifld_spatial,1,WISCONSIN GAS CO,INVESTOR-OWNED,36.200019070267714
55131,Washington,WI,8.427608196570965,8.427608196570965,hifld_spatial,3,WISCONSIN GAS CO,INVESTOR-OWNED,84.20831550071046
55133,Waukesha,WI,8.061936174056635,8.061936174056635,hifld_spatial,1,WISCONSIN ELECTRIC POWER CO,INVESTOR-OWNED,87.90009765277185
55135,Waupaca,WI,8.113917205347022,8.113917205347022,hifld_spatial,3,WISCONSIN GAS CO,INVESTOR-OWNED,74.6889186396392
55137,Waushara,WI,8.346643986323567,8.346643986323567,hifld_spatial,2,WISCONSIN GAS CO,INVESTOR-OWNED,72.74389605679654
55139,Winnebago,WI,8.071727785829168,8.071727785829168,hifld_spatial,4,WISCONSIN PUB SVC CORP,INVESTOR-OWNED,86.29457941307201
55141,Wood,WI,8.436965345862227,8.436965345862227,hifld_spatial,2,WISCONSIN GAS CO,INVESTOR-OWNED,47.12696346668852
56001,Albany,WY,7.998757563303694,7.998757563303694,state_avg_ldc_no_price,3,BLACK HILLS ENERGY,INVESTOR-OWNED,54.57911173355359
56003,Big Horn,WY,6.412070804009383,6.412070804009383,hifld_spatial,1,MONTANA-DAKOTA UTILITIES,INVESTOR-OWNED,17.061718545778024
56005,Campbell,WY,5.73773180710056,5.73773180710056,hifld_spatial,2,MGTC INC,INVESTOR-OWNED,44.88705138632078
56007,Carbon,WY,7.383081213555311,7.383081213555311,hifld_spatial,1,ATMOS ENERGY CORPORATION,INVESTOR-OWNED,50.73752899636802
56009,Converse,WY,5.579432329034026,5.579432329034026,hifld_spatial,1,MGTC INC,INVESTOR-OWNED,51.41969201229994
56011,Crook,WY,5.752635645915182,5.752635645915182,hifld_spatial,3,MGTC INC,INVESTOR-OWNED,20.88355315695168
56013,Fremont,WY,7.998757563303694,7.998757563303694,state_avg_ldc_no_price,2,BLACK HILLS ENERGY,INVESTOR-OWNED,64.75536936648633
56015,Goshen,WY,7.998757563303694,7.998757563303694,state_avg_ldc_no_price,1,BLACK HILLS ENERGY,INVESTOR-OWNED,47.26480035883502
56017,Hot Springs,WY,6.287280641717086,6.287280641717086,hifld_spatial,1,ENERGY WEST WYOMING,INVESTOR-OWNED,76.20518129345358
56019,Johnson,WY,6.342763427408244,6.342763427408244,hifld_spatial,2,MONTANA-DAKOTA UTILITIES,INVESTOR-OWNED,48.145155250111735
56021,Laramie,WY,7.383081213555311,7.383081213555311,hifld_spatial,1,ATMOS ENERGY CORPORATION,INVESTOR-OWNED,35.265215467249945
56023,Lincoln,WY,5.048032234566287,5.048032234566287,hifld_spatial,2,QUESTAR GAS CO,INVESTOR-OWNED,32.29653844842295
56025,Natrona,WY,5.040753873803856,5.040753873803856,hifld_spatial,1,QUESTAR GAS CO,INVESTOR-OWNED,70.63445503821869
56027,Niobrara,WY,7.998757563303694,7.998757563303694,state_avg_ldc_no_price,1,BLACK HILLS ENERGY,INVESTOR-OWNED,28.24746770108951
56029,Park,WY,6.330274101397647,6.330274101397647,hifld_spatial,3,ENERGY WEST WYOMING,INVESTOR-OWNED,23.924771407381822
56031,Platte,WY,7.998757563303694,7.998757563303694,state_avg_ldc_no_price,1,BLACK HILLS ENERGY,INVESTOR-OWNED,78.55764315037189
56033,Sheridan,WY,6.3865752794650765,6.3865752794650765,hifld_spatial,2,MONTANA-DAKOTA UTILITIES,INVESTOR-OWNED,18.117245365751284
56035,Sublette,WY,7.998757563303694,7.998757563303694,state_avg_ldc_no_price,3,BLACK HILLS ENERGY,INVESTOR-OWNED,37.67461291896485
56037,Sweetwater,WY,5.052658480924866,5.052658480924866,hifld_spatial,3,QUESTAR GAS CO,INVESTOR-OWNED,44.105273878732966
56039,Teton,WY,7.998757563303694,7.998757563303694,state_avg_ldc_no_price,2,LOWER VALLEY ENERGY,COOPERATIVE,56.09446200237016
56041,Uinta,WY,5.055440891170809,5.055440891170809,hifld_spatial,2,QUESTAR GAS CO,INVESTOR-OWNED,50.12414828687107
56043,Washakie,WY,7.998757563303694,7.998757563303694,state_avg_ldc_no_price,1,WYOMING GAS CO,PRIVATE,4.56274801951894
56045,Weston,WY,5.580480807468221,5.580480807468221,hifld_spatial,2,MGTC INC,INVESTOR-OWNED,21.811979656433056
