county_fips,county_name,state,centroid_lat,centroid_lon
21007,"Ballard, KY",KY,37.058481961692515,-88.99925588833919
21017,"Bourbon, KY",KY,38.206734524949525,-84.21715057392247
21031,"Butler, KY",KY,37.207284503217736,-86.68162334315123
21065,"Estill, KY",KY,37.69244422727429,-83.96431121402227
21069,"Fleming, KY",KY,38.370118181282635,-83.69665601093851
21093,"Hardin, KY",KY,37.6979237482779,-85.96344816564529
21099,"Hart, KY",KY,37.29993003213643,-85.88469125715007
21131,"Leslie, KY",KY,37.09406861934723,-83.3811275508591
21151,"Madison, KY",KY,37.720182524752815,-84.27800422679782
21155,"Marion, KY",KY,37.55253601160119,-85.26963609723025
21179,"Nelson, KY",KY,37.80515400478388,-85.4659580165212
17091,"Kankakee, IL",IL,41.13771025937167,-87.86183129275948
17187,"Warren, IL",IL,40.84881676011244,-90.61501039462986
17197,"Will, IL",IL,41.44504270382514,-87.97864242148339
18027,"Daviess, IN",IN,38.7024060738727,-87.0720446045788
18061,"Harrison, IN",IN,38.19517152505245,-86.11130682918797
01001,"Autauga, AL",AL,32.53492293292812,-86.64273013739468
01005,"Barbour, AL",AL,31.869581438362314,-85.39320978902569
01023,"Choctaw, AL",AL,32.019771720975655,-88.26317980997915
01035,"Conecuh, AL",AL,31.42923693025014,-86.99366150725562
01051,"Elmore, AL",AL,32.5966474982654,-86.14915715534637
01055,"Etowah, AL",AL,34.04525667023056,-86.03476332697053
01065,"Hale, AL",AL,32.76266345818609,-87.62914936651768
01089,"Madison, AL",AL,34.76309047358268,-86.55022471636639
01113,"Russell, AL",AL,32.28839324253349,-85.18492486749624
01117,"Shelby, AL",AL,33.264277601125,-86.66066541307319
02016,"Aleutians West, AK",AK,52.79800051429747,-106.60612271215254
02130,"Ketchikan Gateway, AK",AK,55.58516170571998,-130.9288092651758
02180,"Nome, AK",AK,64.91109214261591,-164.02721167914206
02282,"Yakutat, AK",AK,59.88889522608026,-140.35768726394167
05011,"Bradley, AR",AR,33.466419933345364,-92.16239823980503
05015,"Carroll, AR",AR,36.34101968375258,-93.53823819549703
05019,"Clark, AR",AR,34.050970670851605,-93.17636676689386
05025,"Cleveland, AR",AR,33.89837312457409,-92.18518895706723
05063,"Independence, AR",AR,35.7415724849761,-91.56970871240067
05067,"Jackson, AR",AR,35.59922211078086,-91.21456610285112
05121,"Randolph, AR",AR,36.3414590326538,-91.02770853309575
06001,"Alameda, CA",CA,37.646893227585394,-121.88886747655656
06003,"Alpine, CA",CA,38.59719676739881,-119.82066974618064
06005,"Amador, CA",CA,38.446391490362714,-120.65109333340908
06013,"Contra Costa, CA",CA,37.91912233692718,-121.92778819106958
06019,"Fresno, CA",CA,36.758197639814554,-119.64930723709182
06023,"Humboldt, CA",CA,40.69929754064216,-123.87562886590823
06033,"Lake, CA",CA,39.09961720745284,-122.75318988686426
06037,"Los Angeles, CA",CA,34.320742959221135,-118.22480998416336
06047,"Merced, CA",CA,37.191889864977696,-120.71765231288775
06057,"Nevada, CA",CA,39.301363059753385,-120.76845107342851
06081,"San Mateo, CA",CA,37.42289743059975,-122.3290165412804
06085,"Santa Clara, CA",CA,37.231785029812926,-121.69512630659516
06115,"Yuba, CA",CA,39.26900718329727,-121.35126426312779
08013,"Boulder, CO",CO,40.0924885523253,-105.35772961262145
08029,"Delta, CO",CO,38.861359153761576,-107.8628891582186
08049,"Grand, CO",CO,40.10263076536024,-106.11833045965344
08077,"Mesa, CO",CO,39.01830152379928,-108.46644236398792
08083,"Montezuma, CO",CO,37.33856249066213,-108.59657713130177
08091,"Ouray, CO",CO,38.15546514326709,-107.76927130278033
09009,"New Haven, CT",CT,41.41047804821463,-72.93207761888475
11001,"District of Columbia, DC",DC,38.904733935498726,-77.01629383836658
12009,"Brevard, FL",FL,28.293721855653967,-80.73227050221601
12023,"Columbia, FL",FL,30.22424804587699,-82.6215392879257
12039,"Gadsden, FL",FL,30.57947808300991,-84.61362454008068
12055,"Highlands, FL",FL,27.343294339378847,-81.34103830391945
12065,"Jefferson, FL",FL,30.437489290653513,-83.8952923758476
12073,"Leon, FL",FL,30.458040822393304,-84.27789669045393
12095,"Orange, FL",FL,28.514424652065124,-81.32351241050317
12107,"Putnam, FL",FL,29.608652485033243,-81.74430345444475
12123,"Taylor, FL",FL,30.04701274004675,-83.60352701355336
12127,"Volusia, FL",FL,29.05842069048299,-81.1819206464182
12131,"Walton, FL",FL,30.643581658467333,-86.16965567860775
12133,"Washington, FL",FL,30.61060117393221,-85.6653326437579
13009,"Baldwin, GA",GA,33.06926620604074,-83.24955570280326
13027,"Brooks, GA",GA,30.841980890813787,-83.58020127816073
13103,"Effingham, GA",GA,32.36728626780035,-81.34135177842046
13121,"Fulton, GA",GA,33.790281935946396,-84.466990863304
13141,"Hancock, GA",GA,33.27045137148866,-83.00067258771404
13149,"Heard, GA",GA,33.2970394184972,-85.12833608227382
13179,"Liberty, GA",GA,31.828090427969027,-81.49472957063509
13183,"Long, GA",GA,31.752555201377376,-81.74569516867166
13189,"McDuffie, GA",GA,33.48286163979095,-82.48136661504543
13209,"Montgomery, GA",GA,32.173393679756025,-82.53477357833202
13229,"Pierce, GA",GA,31.358769606864815,-82.21276281112966
13267,"Tattnall, GA",GA,32.04579765483292,-82.05812943063302
13271,"Telfair, GA",GA,31.929805870155402,-82.93901137308181
13291,"Union, GA",GA,34.83408734987639,-83.99071662776927
13305,"Wayne, GA",GA,31.551447524552763,-81.91672490842868
13319,"Wilkinson, GA",GA,32.80238192466023,-83.17123807562939
15007,"Kauai, HI",HI,22.039621354073873,-159.59635448385885
16015,"Boise, ID",ID,43.98913016767068,-115.73036319079512
16023,"Butte, ID",ID,43.7229121870266,-113.17206737202956
16025,"Camas, ID",ID,43.463329368952074,-114.80576739792693
16027,"Canyon, ID",ID,43.62513686554448,-116.7093125890369
16037,"Custer, ID",ID,44.24112590596943,-114.28172809751781
16039,"Elmore, ID",ID,43.353955143058585,-115.46929719662232
16043,"Fremont, ID",ID,44.22879172803202,-111.48194033762111
16061,"Lewis, ID",ID,46.237000971122,-116.42631505924325
16063,"Lincoln, ID",ID,43.00237269629252,-114.13827390348872
16085,"Valley, ID",ID,44.76660705705652,-115.56633740420317
19175,"Union, IA",IA,41.027728022295605,-94.24234882958395
20053,"Ellsworth, KS",KS,38.69663853398439,-98.2047604807401
20095,"Kingman, KS",KS,37.558898379636304,-98.13633586716959
20135,"Ness, KS",KS,38.47942841040646,-99.9161527727777
20199,"Wallace, KS",KS,38.916681207931404,-101.76361597256924
48011,"Armstrong, TX",TX,34.96494291716541,-101.35738391020797
48025,"Bee, TX",TX,28.41737148687723,-97.74116665682793
48035,"Bosque, TX",TX,31.900384903922504,-97.63433618541782
48053,"Burnet, TX",TX,30.788340885510962,-98.18244667510307
48055,"Caldwell, TX",TX,29.83709224994197,-97.61999433383114
48083,"Coleman, TX",TX,31.773207271519773,-99.45363424728338
29057,"Dade, MO",MO,37.4320646091911,-93.85026948379071
29143,"New Madrid, MO",MO,36.59459088435141,-89.65174111082695
29157,"Perry, MO",MO,37.7071583146988,-89.82444242108927
29189,"St. Louis, MO",MO,38.64053524186288,-90.44334713686665
29199,"Scotland, MO",MO,40.45259096987766,-92.14702659066657
29207,"Stoddard, MO",MO,36.855598754744086,-89.94430551744406
30015,"Chouteau, MT",MT,47.88059234595718,-110.43526508786559
30023,"Deer Lodge, MT",MT,46.060730871319436,-113.06792460857282
30029,"Flathead, MT",MT,48.2951464007917,-114.04966978729469
30039,"Granite, MT",MT,46.404486026434846,-113.44036224565738
30057,"Madison, MT",MT,45.300695726498695,-111.92027616307274
30071,"Phillips, MT",MT,48.25918629304327,-107.91325243445984
30077,"Powell, MT",MT,46.85635100234463,-112.93610944351883
30085,"Roosevelt, MT",MT,48.29450728233392,-105.0164075804916
30087,"Rosebud, MT",MT,46.22970146907111,-106.7307052974206
30105,"Valley, MT",MT,48.365265073656296,-106.66746130014916
31091,"Hooker, NE",NE,41.916065673038666,-101.13532015377785
53065,"Stevens, WA",WA,48.399099823819896,-117.85516055896076
21189,"Owsley, KY",KY,37.419199638938686,-83.68309732468298
21195,"Pike, KY",KY,37.46907040006162,-82.39582318912706
21217,"Taylor, KY",KY,37.36646569645785,-85.32792647312922
21237,"Wolfe, KY",KY,37.739319225008444,-83.49316615527577
21239,"Woodford, KY",KY,38.04238650871746,-84.74360193801228
22001,"Acadia, LA",LA,30.290536480532673,-92.4119841455808
22009,"Avoyelles, LA",LA,31.076237716704714,-92.00138567599062
22011,"Beauregard, LA",LA,30.648458659038976,-93.34336855242913
22029,"Concordia, LA",LA,31.44585575886444,-91.6400695789172
22031,"De Soto, LA",LA,32.055435349292495,-93.73724615963786
22033,"East Baton Rouge, LA",LA,30.538251256349,-91.09560315466165
22047,"Iberville, LA",LA,30.25848996280985,-91.34933844106884
22071,"Orleans, LA",LA,30.06868620057436,-89.92883166748327
22081,"Red River, LA",LA,32.09313295492966,-93.33986542407423
22099,"St. Martin, LA",LA,30.129089210862407,-91.60830333719848
22119,"Webster, LA",LA,32.713469494696554,-93.3349740823823
23013,"Knox, ME",ME,44.14104239320975,-69.1685693088214
23015,"Lincoln, ME",ME,44.06638252607709,-69.54350467475409
24003,"Anne Arundel, MD",MD,39.00646279521253,-76.60506838121917
18103,"Miami, IN",IN,40.769456371656574,-86.04504973375286
18129,"Posey, IN",IN,38.02181793172545,-87.86845961108344
18147,"Spencer, IN",IN,38.014096395972985,-87.00766950958703
19001,"Adair, IA",IA,41.33074048993052,-94.47096640545881
19045,"Clinton, IA",IA,41.89802867609232,-90.53196563427734
19083,"Hardin, IA",IA,42.3838738801468,-93.24039754219056
19111,"Lee, IA",IA,40.64199983788537,-91.4792547054729
31167,"Stanton, NE",NE,41.91693530992208,-97.19391196363753
34003,"Bergen, NJ",NJ,40.959622415306804,-74.07423081251477
34007,"Camden, NJ",NJ,39.80350989810045,-74.95972885981364
34013,"Essex, NJ",NJ,40.78722695607274,-74.24704974624888
34023,"Middlesex, NJ",NJ,40.43915316766266,-74.41170264140762
34041,"Warren, NJ",NJ,40.85716227662425,-74.99732738849798
35007,"Colfax, NM",NM,36.60613869403223,-104.64684020416188
35011,"De Baca, NM",NM,34.34245187056054,-104.41202331344374
35051,"Sierra, NM",NM,33.130495866748255,-107.19240696242152
36013,"Chautauqua, NY",NY,42.22816489748384,-79.3663426488305
36029,"Erie, NY",NY,42.7639513902001,-78.73231719245179
36043,"Herkimer, NY",NY,43.419705204712876,-74.9625255361898
36045,"Jefferson, NY",NY,44.0494418104649,-75.92097941040157
36047,"Kings, NY",NY,40.63954067007959,-73.93852680016798
36053,"Madison, NY",NY,42.912765911247554,-75.66964862787577
36065,"Oneida, NY",NY,43.24173585708861,-75.43585109063814
36077,"Otsego, NY",NY,42.63374626286346,-75.03259882731551
36081,"Queens, NY",NY,40.70228385764882,-73.82027034183182
36091,"Saratoga, NY",NY,43.10737961972617,-73.86389771925573
36115,"Washington, NY",NY,43.313713048889234,-73.43075213952623
37007,"Anson, NC",NC,34.97381293623332,-80.10269179688173
37027,"Caldwell, NC",NC,35.953028544492184,-81.54640572406208
37039,"Cherokee, NC",NC,35.13387299872854,-84.06347829162289
37049,"Craven, NC",NC,35.12485682346284,-77.09389404831579
37055,"Dare, NC",NC,35.77953728578646,-75.79799395035838
37059,"Davie, NC",NC,35.92911133431288,-80.5444733956481
37069,"Franklin, NC",NC,36.08275501760045,-78.28570287592458
37083,"Halifax, NC",NC,36.25744662391023,-77.65173465817115
37091,"Hertford, NC",NC,36.35906558693845,-76.98200271120339
37093,"Hoke, NC",NC,35.0175433209397,-79.2372635327356
37099,"Jackson, NC",NC,35.28753604670402,-83.14082687764746
37111,"McDowell, NC",NC,35.6816998119451,-82.0493231274931
37117,"Martin, NC",NC,35.84321271851286,-77.10924769036451
37127,"Nash, NC",NC,35.967250949847596,-77.98643325785984
37165,"Scotland, NC",NC,34.84089928864634,-79.48037763934072
37175,"Transylvania, NC",NC,35.20214088153996,-82.7982082954456
37199,"Yancey, NC",NC,35.89894457055494,-82.3076248573456
38017,"Cass, ND",ND,46.93297472207822,-97.24804702463179
38037,"Grant, ND",ND,46.358287493602774,-101.63971383633765
38085,"Sioux, ND",ND,46.112664837691334,-101.04041580278641
38099,"Walsh, ND",ND,48.369465649656334,-97.72134498951301
39035,"Cuyahoga, OH",OH,41.42447411868614,-81.6586409545816
39039,"Defiance, OH",OH,41.32391641640835,-84.49047494212752
39043,"Erie, OH",OH,41.363247860952846,-82.61923756176512
39125,"Paulding, OH",OH,41.11662437433795,-84.58020989591117
40065,"Jackson, OK",OK,34.5879754850623,-99.41480702801097
48103,"Crane, TX",TX,31.42861672741533,-102.51559294330981
48141,"El Paso, TX",TX,31.768573169676984,-106.23483695469332
48151,"Fisher, TX",TX,32.7428132021954,-100.40218655722624
48161,"Freestone, TX",TX,31.70490445348442,-96.14908241997827
48167,"Galveston, TX",TX,29.393086276645207,-94.96288314302559
48199,"Hardin, TX",TX,30.332383183698788,-94.3902126793881
48213,"Henderson, TX",TX,32.21189861769772,-95.8535942527814
48229,"Hudspeth, TX",TX,31.456233728461328,-105.38646753852966
48241,"Jasper, TX",TX,30.743993825113282,-94.02510390891975
48245,"Jefferson, TX",TX,29.884051595583365,-94.16292951920718
48261,"Kenedy, TX",TX,26.928544869497024,-97.70173623207309
48289,"Leon, TX",TX,31.29650397302442,-95.9956962930208
48317,"Martin, TX",TX,32.30599108667402,-101.95127226787037
48333,"Mills, TX",TX,31.495189501571126,-98.59544037319881
48347,"Nacogdoches, TX",TX,31.61598400807823,-94.61586668021428
48361,"Orange, TX",TX,30.121304699874877,-93.89388801370455
48371,"Pecos, TX",TX,30.781010267380065,-102.7235301389077
48395,"Robertson, TX",TX,31.0270540260606,-96.51279026793736
48423,"Smith, TX",TX,32.37503981680896,-95.2691760654636
48427,"Starr, TX",TX,26.562096939253376,-98.73868389975392
48457,"Tyler, TX",TX,30.77123519956734,-94.37659988632079
48471,"Walker, TX",TX,30.73903096746653,-95.5722967420498
48475,"Ward, TX",TX,31.509492395902416,-103.102501355179
48477,"Washington, TX",TX,30.21452418780656,-96.4034408206108
48499,"Wood, TX",TX,32.78640577090213,-95.3820750920061
49001,"Beaver, UT",UT,38.35700068090118,-113.23552030393573
49003,"Box Elder, UT",UT,41.5210109255589,-113.08212039575157
49011,"Davis, UT",UT,40.990024870185415,-112.1114539932765
40073,"Kingfisher, OK",OK,35.945394383800554,-97.9420934641104
40079,"Le Flore, OK",OK,34.90028739320136,-94.70341270503025
40145,"Wagoner, OK",OK,35.96108920608435,-95.52118348769902
41005,"Clackamas, OR",OR,45.1880330447842,-122.22086363938504
41021,"Gilliam, OR",OR,45.37828399328356,-120.21078279679148
41033,"Josephine, OR",OR,42.3654746316078,-123.55547621070627
41035,"Klamath, OR",OR,42.68641069062904,-121.65015147704082
41039,"Lane, OR",OR,43.93881006847212,-122.84748472298665
41043,"Linn, OR",OR,44.48887721792898,-122.53498836573259
41051,"Multnomah, OR",OR,45.54680500112723,-122.41475039460913
41055,"Sherman, OR",OR,45.405237606712916,-120.68936342390404
41061,"Union, OR",OR,45.31024619404154,-118.00879734104353
42005,"Armstrong, PA",PA,40.81230228381419,-79.46452695572633
42029,"Chester, PA",PA,39.973059057677865,-75.74844331577123
42035,"Clinton, PA",PA,41.23405213838573,-77.63814618305348
42059,"Greene, PA",PA,39.85383496125798,-80.22292247977069
42067,"Juniata, PA",PA,40.5310531006431,-77.40217995838626
42091,"Montgomery, PA",PA,40.21081845596261,-75.36727894221657
42111,"Somerset, PA",PA,39.97246804112207,-79.02825923395855
45005,"Allendale, SC",SC,32.98815286938094,-81.3583003787228
45019,"Charleston, SC",SC,32.83460089014639,-79.95313717594506
45025,"Chesterfield, SC",SC,34.639802017049284,-80.15873738821097
45043,"Georgetown, SC",SC,33.43429813424719,-79.33230240842632
45063,"Lexington, SC",SC,33.90228760744296,-81.27218396839447
45077,"Pickens, SC",SC,34.887309588242836,-82.72523800050998
45091,"York, SC",SC,34.97473318407915,-81.1843706850884
46073,"Jerauld, SD",SD,44.066333798145465,-98.6296578363939
46093,"Meade, SD",SD,44.56681434871573,-102.71684609663447
46095,"Mellette, SD",SD,43.58125834827387,-100.75998129488835
46123,"Tripp, SD",SD,43.345932491661976,-99.88395929721236
47001,"Anderson, TN",TN,36.1184532128386,-84.19845816615089
47003,"Bedford, TN",TN,35.51380346063998,-86.45888635995871
47005,"Benton, TN",TN,36.069789302011124,-88.06830500369443
47019,"Carter, TN",TN,36.29276310800632,-82.1274750449522
47029,"Cocke, TN",TN,35.92543479910334,-83.12118725308216
47049,"Fentress, TN",TN,36.38047876845516,-84.932443933166
47063,"Hamblen, TN",TN,36.21713910029158,-83.26667989812583
47073,"Hawkins, TN",TN,36.44117867815531,-82.9446703827247
47081,"Hickman, TN",TN,35.803232333773316,-87.47333766818315
47097,"Lauderdale, TN",TN,35.760987419690046,-89.63145196962715
47121,"Meigs, TN",TN,35.51282188817101,-84.81339167653267
47149,"Rutherford, TN",TN,35.84271816755318,-86.41673423034818
47173,"Union, TN",TN,36.28787239001951,-83.8375282531577
48007,"Aransas, TX",TX,28.124867656559896,-96.99339412894045
25001,"Barnstable, MA",MA,41.72417861197711,-70.29149042162074
25013,"Hampden, MA",MA,42.13508895524802,-72.63158231245839
25025,"Suffolk, MA",MA,42.33358904356939,-71.07087430373532
26033,"Chippewa, MI",MI,46.30527017878936,-84.5776876505816
26053,"Gogebic, MI",MI,46.408895699616686,-89.69443186223884
26063,"Huron, MI",MI,43.83335678407932,-83.02323063095507
26097,"Mackinac, MI",MI,46.08022583527384,-85.08684537671421
26115,"Monroe, MI",MI,41.92868794905927,-83.53749270805024
13283,"Treutlen, GA",GA,32.403874795903945,-82.56728819880553
13289,"Twiggs, GA",GA,32.66720049189172,-83.42707722438509
13313,"Whitfield, GA",GA,34.80561127358241,-84.96720773229018
13317,"Wilkes, GA",GA,33.78194964640528,-82.74319597931739
15001,"Hawaii, HI",HI,19.598716335621578,-155.518498206846
15009,"Maui, HI",HI,20.859635902573228,-156.5648512900878
16059,"Lemhi, ID",ID,44.9432557461301,-113.93325201509221
16073,"Owyhee, ID",ID,42.58149963776419,-116.16991543684432
16083,"Twin Falls, ID",ID,42.35596961880623,-114.66715073308558
16087,"Washington, ID",ID,44.452423819640416,-116.78473628222135
17027,"Clinton, IL",IL,38.60645250760866,-89.42248618066246
17031,"Cook, IL",IL,41.84012633109752,-87.8168306216394
17047,"Edwards, IL",IL,38.416543731058084,-88.05327845497358
49029,"Morgan, UT",UT,41.08931621651372,-111.57315247377419
49035,"Salt Lake, UT",UT,40.66732280126721,-111.92360050559093
49043,"Summit, UT",UT,40.86822678448417,-110.95569550777145
49049,"Utah, UT",UT,40.11991421362316,-111.67027234853506
51015,"Augusta, VA",VA,38.16444155260733,-79.13383485052326
51037,"Charlotte, VA",VA,37.01162024420847,-78.66164969102097
51051,"Dickenson, VA",VA,37.12580814284353,-82.35037207692537
51053,"Dinwiddie, VA",VA,37.07593861422707,-77.63226901458785
51069,"Frederick, VA",VA,39.20457787690036,-78.26254727311455
51073,"Gloucester, VA",VA,37.41596001522059,-76.5434356776547
51085,"Hanover, VA",VA,37.760144716691286,-77.49117516959497
51099,"King George, VA",VA,38.273347414891234,-77.15719219437983
51125,"Nelson, VA",VA,37.78736112416862,-78.88683961948747
51131,"Northampton, VA",VA,37.34298527470178,-75.87697256101862
51137,"Orange, VA",VA,38.246200548813086,-78.01368498886711
51145,"Powhatan, VA",VA,37.55018051240227,-77.91521122110998
51149,"Prince George, VA",VA,37.18651751878679,-77.2241701067937
51161,"Roanoke, VA",VA,37.26928424530938,-80.06799367986925
51177,"Spotsylvania, VA",VA,38.18495991562207,-77.65607304522119
51185,"Tazewell, VA",VA,37.12495439981998,-81.5605923425771
51199,"York, VA",VA,37.24316538957631,-76.5635673645005
53005,"Benton, WA",WA,46.23980804608087,-119.51121769291629
53007,"Chelan, WA",WA,47.86922060701924,-120.6189726527004
53009,"Clallam, WA",WA,48.049322369882624,-123.92799738845528
53015,"Cowlitz, WA",WA,46.1932415490334,-122.68100236398334
53025,"Grant, WA",WA,47.205681005545856,-119.45175205482309
53031,"Jefferson, WA",WA,47.748886580506195,-123.59526487036023
53037,"Kittitas, WA",WA,47.1243998546665,-120.67987779733836
53043,"Lincoln, WA",WA,47.57626322315691,-118.41872723480871
12077,"Liberty, FL",FL,30.241374485014326,-84.88289857705256
72054,"Florida, PR",PR,18.37345164981562,-66.56021133543825
72113,"Ponce, PR",PR,18.059674464625864,-66.61406777198029
72115,"Quebradillas, PR",PR,18.439731489258246,-66.92603226261328
72141,"Utuado, PR",PR,18.271018899923355,-66.70247313831496
72147,"Vieques, PR",PR,18.122662407054296,-65.43909497747941
78010,"St. Croix, ",,17.733135973128622,-64.76766991466293
78020,"St. John, ",,18.338760791022228,-64.7393574519262
05061,"Howard, AR",AR,34.08890648823255,-93.99357394904555
05093,"Mississippi, AR",AR,35.76383359723019,-90.05420095067471
05095,"Monroe, AR",AR,34.67784528117564,-91.20390435091556
05099,"Nevada, AR",AR,33.66396326977911,-93.30719905846298
05103,"Ouachita, AR",AR,33.59335286839969,-92.88194022525765
05109,"Pike, AR",AR,34.163521770981134,-93.65632702389284
05117,"Prairie, AR",AR,34.8297985392543,-91.55279742630763
05133,"Sevier, AR",AR,33.9971754119254,-94.24117760339227
05147,"Woodruff, AR",AR,35.186306413089426,-91.24305627869848
06045,"Mendocino, CA",CA,39.440224101662444,-123.39147262070482
06051,"Mono, CA",CA,37.93908943424993,-118.8868431321968
24011,"Caroline, MD",MD,38.87171301997135,-75.83155513760049
24033,"Prince George's, MD",MD,38.8295270687039,-76.84727989038234
24043,"Washington, MD",MD,39.60360671439958,-77.81395284237897
25007,"Dukes, MA",MA,41.39608468988453,-70.65008761552188
25017,"Middlesex, MA",MA,42.4855745716803,-71.3917984102626
26041,"Delta, MI",MI,45.91911878044003,-86.92422759920846
26099,"Macomb, MI",MI,42.69553684973193,-82.93225129743344
26103,"Marquette, MI",MI,46.43135809287152,-87.64158181052545
26135,"Oscoda, MI",MI,44.68176696731683,-84.12977083869964
26147,"St. Clair, MI",MI,42.934066606701904,-82.68053870319922
26163,"Wayne, MI",MI,42.28185695821735,-83.28210347428039
27023,"Chippewa, MN",MN,45.022332860463315,-95.56669431680625
27053,"Hennepin, MN",MN,45.00457459364065,-93.47688798078606
27077,"Lake of the Woods, MN",MN,48.7712493235271,-94.90456673507398
27091,"Martin, MN",MN,43.67431505850498,-94.55116400535144
27129,"Renville, MN",MN,44.726813835473244,-94.94711956025586
27139,"Scott, MN",MN,44.64846542609065,-93.5358933130835
27163,"Washington, MN",MN,45.03869826240807,-92.8839350217277
28007,"Attala, MS",MS,33.08627827864803,-89.58150817247537
28033,"DeSoto, MS",MS,34.87539585973589,-89.99182030480347
28055,"Issaquena, MS",MS,32.741409331119364,-90.98918634845204
28075,"Lauderdale, MS",MS,32.40426903888813,-88.6625511873294
28143,"Tunica, MS",MS,34.65197972159429,-90.37550260091446
28157,"Wilkinson, MS",MS,31.161079789842688,-91.31092616938841
28163,"Yazoo, MS",MS,32.78032625801047,-90.39642131233724
29023,"Butler, MO",MO,36.71641166217986,-90.40657484798159
29029,"Camden, MO",MO,38.027027274849466,-92.76603990427651
29031,"Cape Girardeau, MO",MO,37.38402568640728,-89.68446694179315
29033,"Carroll, MO",MO,39.42698628754148,-93.5051764547925
17075,"Iroquois, IL",IL,40.74724323533175,-87.8243385145013
17129,"Menard, IL",IL,40.02739238374484,-89.8021918483924
17161,"Rock Island, IL",IL,41.467320196285186,-90.56737501858309
17175,"Stark, IL",IL,41.09333902551173,-89.7974727579744
17185,"Wabash, IL",IL,38.446049210716836,-87.84430346847722
18009,"Blackford, IN",IN,40.47363682229351,-85.32482248007156
18035,"Delaware, IN",IN,40.22754556356436,-85.39689983581057
18067,"Howard, IN",IN,40.48360753227319,-86.1169593860795
18083,"Knox, IN",IN,38.6890699422532,-87.4180246740044
18159,"Tipton, IN",IN,40.31134431513603,-86.05185146852709
18175,"Washington, IN",IN,38.59999799589367,-86.10530521704997
49025,"Kane, UT",UT,37.285070933964455,-111.88783564424007
05003,"Ashley, AR",AR,33.19121135472734,-91.7684577361982
05007,"Benton, AR",AR,36.33872438847401,-94.25619693381994
05013,"Calhoun, AR",AR,33.55803127288699,-92.50304686890513
05045,"Faulkner, AR",AR,35.14698116792315,-92.33204545404496
13051,"Chatham, GA",GA,32.00421552918854,-81.13283524725082
13077,"Coweta, GA",GA,33.353464261142136,-84.76335813394351
13123,"Gilmer, GA",GA,34.691163005166125,-84.45562503764883
13133,"Greene, GA",GA,33.578830247761594,-83.16667059638986
13137,"Habersham, GA",GA,34.63102796897801,-83.53112369360295
13139,"Hall, GA",GA,34.31690075671022,-83.81966681467573
13143,"Haralson, GA",GA,33.79421744119261,-85.21101885254258
13157,"Jackson, GA",GA,34.133885707172965,-83.56636586667071
13171,"Lamar, GA",GA,33.07653568624398,-84.13947124201903
13181,"Lincoln, GA",GA,33.7936368132954,-82.45114027585134
13185,"Lowndes, GA",GA,30.833813483294463,-83.26772968164954
13195,"Madison, GA",GA,34.12778417055858,-83.20903988886081
13213,"Murray, GA",GA,34.78842922144334,-84.74806874405759
13217,"Newton, GA",GA,33.555039157268126,-83.85019177493012
13237,"Putnam, GA",GA,33.32176673014263,-83.37279373610288
13245,"Richmond, GA",GA,33.359591951593146,-82.07350359720895
13251,"Screven, GA",GA,32.75060542525908,-81.61194170828179
13269,"Taylor, GA",GA,32.55547640005068,-84.25047428148918
13279,"Toombs, GA",GA,32.12161158005105,-82.33121596075421
23023,"Sagadahoc, ME",ME,43.95977198458043,-69.85456646123332
23031,"York, ME",ME,43.47821627618545,-70.71437648184478
24001,"Allegany, MD",MD,39.621450400025545,-78.69761748858407
24005,"Baltimore, MD",MD,39.462711425826456,-76.63929187944473
24017,"Charles, MD",MD,38.50729459505157,-76.99216185240928
24021,"Frederick, MD",MD,39.47223039383332,-77.39800660433313
24031,"Montgomery, MD",MD,39.136333991720996,-77.20418249327359
24045,"Wicomico, MD",MD,38.37329433269885,-75.62078298453397
28149,"Warren, MS",MS,32.357262978589524,-90.85199213014313
28151,"Washington, MS",MS,33.2837811352022,-90.94748706787843
29041,"Chariton, MO",MO,39.5150912078637,-92.96263864445393
29069,"Dunklin, MO",MO,36.27211397528212,-90.09090925551513
29087,"Holt, MO",MO,40.09441844728497,-95.2155576459244
29113,"Lincoln, MO",MO,39.05803523027939,-90.96006716464656
29159,"Pettis, MO",MO,38.72829157035048,-93.2850978237733
29183,"St. Charles, MO",MO,38.78192346199814,-90.6748753264728
29195,"Saline, MO",MO,39.13684689712662,-93.20184465806273
29197,"Schuyler, MO",MO,40.47025362818355,-92.52091986867084
29201,"Scott, MO",MO,37.053039938888254,-89.56851988226965
30001,"Beaverhead, MT",MT,45.132712788487744,-112.89884034728014
30013,"Cascade, MT",MT,47.30795553602684,-111.34703777028119
30027,"Fergus, MT",MT,47.263581000375545,-109.22446014242654
30031,"Gallatin, MT",MT,45.54040564152115,-111.17038621219818
30045,"Judith Basin, MT",MT,47.045432127241085,-110.26602711485545
30049,"Lewis and Clark, MT",MT,47.12244511237775,-112.3904450770783
30055,"McCone, MT",MT,47.64521208510208,-105.79542537969031
30059,"Meagher, MT",MT,46.598199766756125,-110.88569072047314
30069,"Petroleum, MT",MT,47.11754267462963,-108.2501973752084
30073,"Pondera, MT",MT,48.22776508491452,-112.22634688501843
30083,"Richland, MT",MT,47.78788635724674,-104.5614135064545
30099,"Teton, MT",MT,47.83711403062901,-112.24083003895036
31103,"Keya Paha, NE",NE,42.87887591532898,-99.71239991842086
31151,"Saline, NE",NE,40.52406581063271,-97.14092156087635
32001,"Churchill, NV",NV,39.5808926738266,-118.33581765165621
32003,"Clark, NV",NV,36.21523781771883,-115.01353696805764
32015,"Lander, NV",NV,39.93366329075819,-117.03802593373345
33007,"Coos, NH",NH,44.689570261572,-71.30563479998192
33015,"Rockingham, NH",NH,42.987555402077554,-71.12536673387808
33017,"Strafford, NH",NH,43.29695699997593,-71.02886799741374
34001,"Atlantic, NJ",NJ,39.4777384640199,-74.66097651364294
34005,"Burlington, NJ",NJ,39.877722211380735,-74.66806253724705
34015,"Gloucester, NJ",NJ,39.717279239154635,-75.14141017900222
34019,"Hunterdon, NJ",NJ,40.56730052881388,-74.91223437600411
34021,"Mercer, NJ",NJ,40.283433555719135,-74.70176112770625
34025,"Monmouth, NJ",NJ,40.260482760895734,-74.22097068640325
34029,"Ocean, NJ",NJ,39.88512428065273,-74.28090727718174
34035,"Somerset, NJ",NJ,40.56350042664697,-74.6163454818374
21229,"Washington, KY",KY,37.753380142783996,-85.17476536695052
21231,"Wayne, KY",KY,36.80127910050611,-84.82862312595402
22035,"East Carroll, LA",LA,32.73255145491493,-91.23505403065262
22045,"Iberia, LA",LA,29.896528709408486,-91.72998354230668
22053,"Jefferson Davis, LA",LA,30.267702963521565,-92.81412241395238
22055,"Lafayette, LA",LA,30.206744647264657,-92.06387514959995
06055,"Napa, CA",CA,38.506485447294324,-122.330518115176
06059,"Orange, CA",CA,33.702972184170065,-117.7610700312427
06069,"San Benito, CA",CA,36.60569063230486,-121.0749692523152
06073,"San Diego, CA",CA,33.034136709370166,-116.73529293376947
06079,"San Luis Obispo, CA",CA,35.38708293547382,-120.40451599116747
06083,"Santa Barbara, CA",CA,34.672879885387154,-120.01647340776147
06097,"Sonoma, CA",CA,38.52828658778606,-122.88740786017404
06101,"Sutter, CA",CA,39.03457772739615,-121.69484381678052
06107,"Tulare, CA",CA,36.22016551607714,-118.80048756434682
06113,"Yolo, CA",CA,38.686619234357615,-121.90156981492919
08019,"Clear Creek, CO",CO,39.6891797331411,-105.64440226875996
08023,"Costilla, CO",CO,37.27812432039779,-105.42823538375183
08031,"Denver, CO",CO,39.76213212154705,-104.87586982840816
08037,"Eagle, CO",CO,39.62784556293205,-106.69536644502288
08055,"Huerfano, CO",CO,37.684678509644954,-104.96061132482524
01049,"DeKalb, AL",AL,34.45980033140949,-85.80410976896026
01063,"Greene, AL",AL,32.85314775662932,-87.95220353329152
01087,"Macon, AL",AL,32.385938660091554,-85.6926557982763
01091,"Marengo, AL",AL,32.247665493391004,-87.78953082031431
01095,"Marshall, AL",AL,34.366952496948166,-86.30662784816178
01101,"Montgomery, AL",AL,32.22026379800926,-86.20761816571864
01107,"Pickens, AL",AL,33.28079282373015,-88.0887508065939
01115,"St. Clair, AL",AL,33.71571863517987,-86.31461907158442
01119,"Sumter, AL",AL,32.59105735171712,-88.19884604374238
01131,"Wilcox, AL",AL,31.9892967512008,-87.3081903348858
02090,"Fairbanks North Star, AK",AK,64.80776532872335,-146.56541139175178
02158,"Kusilvak, AK",AK,62.15502017500581,-163.38262135731594
02240,"Southeast Fairbanks, AK",AK,63.8763245627724,-143.21181328851824
04005,"Coconino, AZ",AZ,35.83874597791365,-111.77049137835488
04009,"Graham, AZ",AZ,32.932699874990206,-109.8873887474133
04013,"Maricopa, AZ",AZ,33.348815944399796,-112.49129136326741
54001,"Barbour, WV",WV,39.13295009170189,-80.00301852047677
54005,"Boone, WV",WV,38.022989723255286,-81.71120723636894
54021,"Gilmer, WV",WV,38.9240487175398,-80.85705728427581
54039,"Kanawha, WV",WV,38.336568636546865,-81.52809332130305
54045,"Logan, WV",WV,37.83153304061452,-81.93533022655205
54047,"McDowell, WV",WV,37.37845590595062,-81.65360621306026
54063,"Monroe, WV",WV,37.56038407853501,-80.55049861699615
54067,"Nicholas, WV",WV,38.291693641703546,-80.79934457632169
54087,"Roane, WV",WV,38.714023368172555,-81.34835068225239
54107,"Wood, WV",WV,39.21116519909837,-81.51503289160591
55003,"Ashland, WI",WI,46.31608492375684,-90.67794382907974
55043,"Grant, WI",WI,42.86747934111468,-90.70620463773062
55113,"Sawyer, WI",WI,45.8799767674683,-91.1445439052323
56029,"Park, WY",WY,44.52046482373373,-109.58792137399776
60010,"Eastern, ",,-14.27434816086093,-170.658742845221
60020,"Manu'a, ",,-14.221769000831715,-169.50602038638968
69085,"Northern Islands, ",,17.955551150317707,145.69129717975497
69100,"Rota, ",,14.157331432403941,145.21449680597507
69110,"Saipan, ",,15.188912484959602,145.75359795446724
72023,"Cabo Rojo, PR",PR,18.04124029344178,-67.15491852547053
72031,"Carolina, PR",PR,18.375222739966446,-65.95705269504434
72037,"Ceiba, PR",PR,18.251723350315036,-65.66446649643987
72039,"Ciales, PR",PR,18.289043832954672,-66.51646399285919
72053,"Fajardo, PR",PR,18.318469186537765,-65.66735487407477
12086,"Miami-Dade, FL",FL,25.61495928748222,-80.56228896188757
12093,"Okeechobee, FL",FL,27.386442352560135,-80.88863138971482
12097,"Osceola, FL",FL,28.062685620772754,-81.14947487580018
13021,"Bibb, GA",GA,32.80649503959659,-83.69740490521552
13029,"Bryan, GA",GA,32.01447125496505,-81.44363800915423
39137,"Putnam, OH",OH,41.022121452976315,-84.13172734467774
39175,"Wyandot, OH",OH,40.842379982357535,-83.30437586815081
40013,"Bryan, OK",OK,33.96232616676842,-96.25979272190054
40027,"Cleveland, OK",OK,35.20304365444553,-97.32641881238268
40057,"Harmon, OK",OK,34.744106200295604,-99.84627187616618
40067,"Jefferson, OK",OK,34.11103507422839,-97.83587286528301
40075,"Kiowa, OK",OK,34.91635356080106,-98.98085578233606
40095,"Marshall, OK",OK,34.024446453795825,-96.76912861662264
40125,"Pottawatomie, OK",OK,35.20669943933506,-96.9483369197377
40135,"Sequoyah, OK",OK,35.495341794220415,-94.75520351264899
40143,"Tulsa, OK",OK,36.12108602724623,-95.94146840964284
27011,"Big Stone, MN",MN,45.42610194671305,-96.41094242158475
27013,"Blue Earth, MN",MN,44.03458691647291,-94.06700987445195
27031,"Cook, MN",MN,47.90256750887122,-90.53463545723355
27061,"Itasca, MN",MN,47.50951026659961,-93.63197434955374
27073,"Lac qui Parle, MN",MN,44.99547442639864,-96.1735155777029
27075,"Lake, MN",MN,47.640927603868164,-91.44572875496084
27089,"Marshall, MN",MN,48.35811551591161,-96.36844519900585
27097,"Morrison, MN",MN,46.0126182573446,-94.26839131420742
27127,"Redwood, MN",MN,44.403664433477516,-95.25383934432676
27161,"Waseca, MN",MN,44.02211442722853,-93.58726849974656
27171,"Wright, MN",MN,45.17394987096565,-93.96305476645409
28001,"Adams, MS",MS,31.482889924987518,-91.35354065281685
28011,"Bolivar, MS",MS,33.79558181465302,-90.88036125965698
28029,"Copiah, MS",MS,31.869251819271444,-90.44877589640733
28043,"Grenada, MS",MS,33.76985666773883,-89.80189906691163
28083,"Leflore, MS",MS,33.55053812942725,-90.30108353267352
28087,"Lowndes, MS",MS,33.47294136688903,-88.44331637013336
28103,"Noxubee, MS",MS,33.11015679275493,-88.56975390882482
28121,"Rankin, MS",MS,32.26413026726118,-89.94579288159099
35015,"Eddy, NM",NM,32.471485388307805,-104.30430758944144
35039,"Rio Arriba, NM",NM,36.50957666143901,-106.69314275188553
35045,"San Juan, NM",NM,36.50852406821773,-108.32062184002274
35055,"Taos, NM",NM,36.57830163553885,-105.63096154475716
36025,"Delaware, NY",NY,42.19806703499144,-74.96646739607937
36031,"Essex, NY",NY,44.11719120629702,-73.77260404107997
36103,"Suffolk, NY",NY,40.86860995612375,-72.84481196880746
36105,"Sullivan, NY",NY,41.71643581499744,-74.76811363148799
36119,"Westchester, NY",NY,41.16231784141529,-73.75606057894929
36123,"Yates, NY",NY,42.63344943138025,-77.10546795181085
37009,"Ashe, NC",NC,36.434476734580564,-81.50050206898709
37013,"Beaufort, NC",NC,35.49400182204088,-76.85978138890118
37017,"Bladen, NC",NC,34.61458694167448,-78.56363614838921
37023,"Burke, NC",NC,35.74961161692436,-81.70477517320451
37037,"Chatham, NC",NC,35.70257379227618,-79.25528760750436
37043,"Clay, NC",NC,35.057217686430604,-83.75017335105487
37053,"Currituck, NC",NC,36.40307992357328,-76.005940235537
37057,"Davidson, NC",NC,35.79335503643409,-80.21274505395448
37065,"Edgecombe, NC",NC,35.91288115251308,-77.59706062049978
37075,"Graham, NC",NC,35.350167472177745,-83.83348116242199
37085,"Harnett, NC",NC,35.368632992355316,-78.86941473556791
37089,"Henderson, NC",NC,35.33631095035394,-82.4799696398771
37095,"Hyde, NC",NC,35.5304871622318,-76.25080937261617
37103,"Jones, NC",NC,35.02172492774322,-77.35518726325819
37115,"Madison, NC",NC,35.85801433155334,-82.70576464432686
37123,"Montgomery, NC",NC,35.332465125105216,-79.90548646611731
28141,"Tishomingo, MS",MS,34.74039816270061,-88.23929100208017
42099,"Perry, PA",PA,40.398395371371606,-77.26230916462303
42103,"Pike, PA",PA,41.33199215174106,-75.03383326415559
42127,"Wayne, PA",PA,41.648729587565185,-75.30327044260883
42133,"York, PA",PA,39.91996159722765,-76.72652516257662
48411,"San Saba, TX",TX,31.15520132359642,-98.81758682959341
48429,"Stephens, TX",TX,32.7358716309113,-98.83618395782158
48449,"Titus, TX",TX,33.21658117114168,-94.96568536116874
48453,"Travis, TX",TX,30.334685919898465,-97.78195325856768
48455,"Trinity, TX",TX,31.088834839507633,-95.13550103118439
48467,"Van Zandt, TX",TX,32.56371228174381,-95.83650054153014
48473,"Waller, TX",TX,30.010808402299535,-95.9876502292691
48479,"Webb, TX",TX,27.761114488889707,-99.33152013397782
49033,"Rich, UT",UT,41.63225554779118,-111.24447282752041
49045,"Tooele, UT",UT,40.44875491931693,-113.13109674903006
49047,"Uintah, UT",UT,40.124754089133546,-109.51863757340399
49051,"Wasatch, UT",UT,40.330780462422695,-111.16815336367183
50017,"Orange, VT",VT,44.005657844890294,-72.37680635541271
50027,"Windsor, VT",VT,43.58000424177949,-72.58621402043897
51007,"Amelia, VA",VA,37.33599546922233,-77.976133063835
51017,"Bath, VA",VA,38.058712532316164,-79.74106886431477
51019,"Bedford, VA",VA,37.31516948513392,-79.52418435893514
51023,"Botetourt, VA",VA,37.55712164035271,-79.81233135912814
51033,"Caroline, VA",VA,38.026733768239836,-77.34706623801038
51036,"Charles City, VA",VA,37.356712091352556,-77.06222020665672
51041,"Chesterfield, VA",VA,37.37853715450201,-77.58694774879238
51057,"Essex, VA",VA,37.943406448542284,-76.95144012936174
51067,"Franklin, VA",VA,36.991955755991405,-79.88105915274124
51083,"Halifax, VA",VA,36.76691788357702,-78.93663558430885
51091,"Highland, VA",VA,38.362321046343716,-79.5685515185617
51095,"James City, VA",VA,37.32879329945779,-76.77877220242738
51107,"Loudoun, VA",VA,39.09065296443628,-77.63572109188631
51111,"Lunenburg, VA",VA,36.94621474930061,-78.24055151182215
51127,"New Kent, VA",VA,37.5052135669788,-76.99734975938763
51133,"Northumberland, VA",VA,37.887618044081556,-76.41965244800797
51143,"Pittsylvania, VA",VA,36.82123907750472,-79.39713017173386
51159,"Richmond, VA",VA,37.94339257051556,-76.72687604379395
51165,"Rockingham, VA",VA,38.5120313998749,-78.87575803292816
51175,"Southampton, VA",VA,36.720427265795756,-77.10609936650917
51179,"Stafford, VA",VA,38.420706383183564,-77.45800899950946
51187,"Warren, VA",VA,38.908654808905844,-78.20846331251329
53047,"Okanogan, WA",WA,48.54879405559648,-119.7408379576317
53049,"Pacific, WA",WA,46.555690777426754,-123.70412853981297
53053,"Pierce, WA",WA,47.02409030111056,-122.10455702303591
53061,"Snohomish, WA",WA,48.04747503840458,-121.69749410373244
53071,"Walla Walla, WA",WA,46.229773161892645,-118.47844046947476
53073,"Whatcom, WA",WA,48.825908648791206,-121.71989204810502
54013,"Calhoun, WV",WV,38.8445322663823,-81.11757809765486
54017,"Doddridge, WV",WV,39.26917418647822,-80.7069715765704
54019,"Fayette, WV",WV,38.02877295360432,-81.08115811625693
54023,"Grant, WV",WV,39.105144193167455,-79.19558582672958
54027,"Hampshire, WV",WV,39.31707445859142,-78.61411362508665
54033,"Harrison, WV",WV,39.283530962034376,-80.37985599386622
54037,"Jefferson, WV",WV,39.30757780182349,-77.8627969887457
54043,"Lincoln, WV",WV,38.17534900782263,-82.07039115796006
54065,"Morgan, WV",WV,39.56044005886782,-78.25779500257538
54071,"Pendleton, WV",WV,38.68074812184639,-79.35089252640529
54081,"Raleigh, WV",WV,37.771358934087786,-81.24865057778747
54093,"Tucker, WV",WV,39.11359283349716,-79.56498524121163
54095,"Tyler, WV",WV,39.465275511553614,-80.88483878572023
37133,"Onslow, NC",NC,34.732127501393066,-77.43208152303727
37137,"Pamlico, NC",NC,35.143450189699564,-76.7406980434452
37149,"Polk, NC",NC,35.27927468330177,-82.16966168177338
37153,"Richmond, NC",NC,35.00593921820018,-79.7478483233941
37161,"Rutherford, NC",NC,35.402565091023554,-81.91984346745961
37163,"Sampson, NC",NC,34.99154033661566,-78.37138578943134
37177,"Tyrrell, NC",NC,35.81720597863042,-76.20895098388705
38005,"Benson, ND",ND,48.06938278875111,-99.36601031155752
38033,"Golden Valley, ND",ND,46.9402968875561,-103.8466232442407
38053,"McKenzie, ND",ND,47.74018777959035,-103.39529009437052
38059,"Morton, ND",ND,46.71606248676658,-101.28116321805032
38067,"Pembina, ND",ND,48.767499847597136,-97.55184788521458
38071,"Ramsey, ND",ND,48.268936436246804,-98.72012084968806
22067,"Morehouse, LA",LA,32.820215935135195,-91.80178763056918
22069,"Natchitoches, LA",LA,31.723537805497013,-93.09622461332171
22079,"Rapides, LA",LA,31.198629979290306,-92.5331868712185
22097,"St. Landry, LA",LA,30.59884606571961,-92.00586173223283
22107,"Tensas, LA",LA,32.00171084963555,-91.34009970357164
22113,"Vermilion, LA",LA,29.846540867136255,-92.32380995608955
22117,"Washington, LA",LA,30.853322847545694,-90.0404525746615
22123,"West Carroll, LA",LA,32.78849999046148,-91.4567695149428
23007,"Franklin, ME",ME,44.97403259668406,-70.44400817507407
08065,"Lake, CO",CO,39.202480132337485,-106.34478011552613
08071,"Las Animas, CO",CO,37.31578855613157,-104.03864231253098
08093,"Park, CO",CO,39.11931309312425,-105.7171098074064
08105,"Rio Grande, CO",CO,37.582519429839316,-106.38322986022477
08113,"San Miguel, CO",CO,38.003765232828215,-108.40572790845548
09001,"Fairfield, CT",CT,41.27079518114234,-73.38938077097042
09007,"Middlesex, CT",CT,41.46318766657876,-72.53514427955896
09011,"New London, CT",CT,41.48661392494676,-72.10147371348693
10005,"Sussex, DE",DE,38.660552929902394,-75.39003806326262
12033,"Escambia, FL",FL,30.66892673365146,-87.36278300432998
12037,"Franklin, FL",FL,29.876464717759756,-84.81402385488353
12041,"Gilchrist, FL",FL,29.725832116937923,-82.80037637542132
12047,"Hamilton, FL",FL,30.4963888195477,-82.9479328021684
12053,"Hernando, FL",FL,28.553631869514188,-82.4250382875201
12071,"Lee, FL",FL,26.577786089619828,-81.83374251869493
19009,"Audubon, IA",IA,41.684602025452975,-94.90581787645112
19027,"Carroll, IA",IA,42.03620789925285,-94.86056560381431
19075,"Grundy, IA",IA,42.401865324027554,-92.79142901258335
19113,"Linn, IA",IA,42.0789586982603,-91.5990261256698
19147,"Palo Alto, IA",IA,43.08208883284721,-94.6781319209072
19195,"Worth, IA",IA,43.37737598285386,-93.26085343880675
20069,"Gray, KS",KS,37.738182027561756,-100.4378836007286
20143,"Ottawa, KS",KS,39.13253161544489,-97.65021153749178
20181,"Sherman, KS",KS,39.35144905625173,-101.71998405267168
21005,"Anderson, KY",KY,38.00392064963655,-84.99099658225089
21025,"Breathitt, KY",KY,37.52161566989987,-83.32406324598597
21029,"Bullitt, KY",KY,37.97007363413742,-85.69586025760096
21033,"Caldwell, KY",KY,37.14540714554282,-87.86786378165158
21043,"Carter, KY",KY,38.31818558830256,-83.04953874590532
21049,"Clark, KY",KY,37.970821370062666,-84.14741622244642
21063,"Elliott, KY",KY,38.1179005702399,-83.09761513720925
21071,"Floyd, KY",KY,37.55711904966176,-82.74570556885945
21085,"Grayson, KY",KY,37.460813863958045,-86.34391607694565
21097,"Harrison, KY",KY,38.44181520014001,-84.33136381686437
21109,"Jackson, KY",KY,37.41976588130688,-84.00575272402426
21119,"Knott, KY",KY,37.35404719361052,-82.9541413656237
21125,"Laurel, KY",KY,37.11067362019018,-84.11780203009789
21135,"Lewis, KY",KY,38.53158279651726,-83.3780684994154
21139,"Livingston, KY",KY,37.20962301819127,-88.35372060298634
21153,"Magoffin, KY",KY,37.70646879371147,-83.0649197091198
21159,"Martin, KY",KY,37.801576940077155,-82.51323011079762
21167,"Mercer, KY",KY,37.81104052708324,-84.87445674828649
21181,"Nicholas, KY",KY,38.33555368042243,-84.01530138328647
21183,"Ohio, KY",KY,37.478195772440955,-86.84887834685624
21193,"Perry, KY",KY,37.244299174209765,-83.221470774767
21197,"Powell, KY",KY,37.83112677738941,-83.82373372231326
21205,"Rowan, KY",KY,38.19625540084225,-83.42110798460487
54109,"Wyoming, WV",WV,37.609608606241046,-81.54919609856942
55023,"Crawford, WI",WI,43.239470403569655,-90.93104339108771
55037,"Florence, WI",WI,45.84846007090517,-88.39809982151196
55051,"Iron, WI",WI,46.26226573496828,-90.24206341263837
55069,"Lincoln, WI",WI,45.337437348838854,-89.73459921600416
55075,"Marinette, WI",WI,45.38292269554776,-88.03328216011451
55111,"Sauk, WI",WI,43.426666267390715,-89.94822348373599
41007,"Clatsop, OR",OR,45.99510198283262,-123.65583566714957
41017,"Deschutes, OR",OR,43.91503876329024,-121.22810182537596
41019,"Douglas, OR",OR,43.279689905794314,-123.16646046299876
41065,"Wasco, OR",OR,45.16000791089999,-121.16784249786289
42003,"Allegheny, PA",PA,40.46882293964485,-79.981194825361
42027,"Centre, PA",PA,40.91932378920242,-77.81995717760806
42033,"Clearfield, PA",PA,41.00016621982116,-78.47414042921318
42041,"Cumberland, PA",PA,40.163624786957485,-77.26553167949653
42045,"Delaware, PA",PA,39.916690814735894,-75.3990678237409
42051,"Fayette, PA",PA,39.91989346017282,-79.64733958878033
42061,"Huntingdon, PA",PA,40.416954233052486,-77.98120761059496
42071,"Lancaster, PA",PA,40.042434335330455,-76.24772860554734
42089,"Monroe, PA",PA,41.058055681353416,-75.33952263545663
42095,"Northampton, PA",PA,40.75417393655392,-75.30755965214207
51063,"Floyd, VA",VA,36.931627065163475,-80.36252486262204
51087,"Henrico, VA",VA,37.53798525792531,-77.40582665747422
53077,"Yakima, WA",WA,46.45706868078073,-120.73845626087387
45027,"Clarendon, SC",SC,33.665793287373795,-80.21641796597778
45047,"Greenwood, SC",SC,34.15382163570359,-82.12592286447591
01043,"Cullman, AL",AL,34.1319452282297,-86.86757572060472
45029,"Colleton, SC",SC,32.86361552784023,-80.66689283690239
45071,"Newberry, SC",SC,34.28981464023733,-81.60013225842651
46067,"Hutchinson, SD",SD,43.33486552474432,-97.75442346871817
01033,"Colbert, AL",AL,34.700470938378004,-87.80492780624994
02050,"Bethel, AK",AK,60.913230803774354,-159.8180173514019
04007,"Gila, AZ",AZ,33.79975176644272,-110.81171010722184
05039,"Dallas, AR",AR,33.96980985111147,-92.6544470456955
06039,"Madera, CA",CA,37.21799210274101,-119.76267044541184
08043,"Fremont, CO",CO,38.472958147130306,-105.43965821655789
12013,"Calhoun, FL",FL,30.406022544054494,-85.19719429272153
12069,"Lake, FL",FL,28.7615362975738,-81.71126372382379
12129,"Wakulla, FL",FL,30.16731985949023,-84.40067670819596
13219,"Oconee, GA",GA,33.834965201588105,-83.43710308366634
16035,"Clearwater, ID",ID,46.67364381877157,-115.65668408095159
16069,"Nez Perce, ID",ID,46.326815531052326,-116.75024312060062
17153,"Pulaski, IL",IL,37.22288260373905,-89.12658246430118
18071,"Jackson, IN",IN,38.906416400985336,-86.03753972835919
19087,"Henry, IA",IA,40.987986103536976,-91.54454205130084
21003,"Allen, KY",KY,36.751251452919036,-86.1904151874297
21051,"Clay, KY",KY,37.1596956373858,-83.71464308746388
21165,"Menifee, KY",KY,37.94138815475975,-83.59886644921973
46085,"Lyman, SD",SD,43.89582568171225,-99.84737284043908
47057,"Grainger, TN",TN,36.27625767213465,-83.5096187016917
02195,"Petersburg, AK",AK,57.11951010750551,-132.93445731871844
06009,"Calaveras, CA",CA,38.204595481696714,-120.55412801084056
08097,"Pitkin, CO",CO,39.217085415540176,-106.91659862846625
13007,"Baker, GA",GA,31.32614478356452,-84.44471523235575
21055,"Crittenden, KY",KY,37.35272341005486,-88.09719712944563
22017,"Caddo, LA",LA,32.580070916805504,-93.88232880160376
22115,"Vernon, LA",LA,31.10831137134082,-93.18421037121314
26137,"Otsego, MI",MI,45.02138990218128,-84.59896837591238
29019,"Boone, MO",MO,38.99061664479628,-92.30967501130519
30005,"Blaine, MT",MT,48.432679340831385,-108.95862045103485
37029,"Camden, NC",NC,36.38770416859574,-76.20636217072877
40089,"McCurtain, OK",OK,34.11540038851106,-94.77127654498136
41023,"Grant, OR",OR,44.49156164077548,-119.00731479480216
46117,"Stanley, SD",SD,44.4123009248322,-100.73590849114574
47091,"Johnson, TN",TN,36.454939752849754,-81.85176016337637
39047,"Fayette, OH",OH,39.55987567685267,-83.45608730456271
39061,"Hamilton, OH",OH,39.19554056774955,-84.54277112809818
39095,"Lucas, OH",OH,41.61991215189966,-83.65828978447894
45055,"Kershaw, SC",SC,34.33879136356852,-80.59021047966667
45059,"Laurens, SC",SC,34.48356904551169,-82.00594608279299
45069,"Marlboro, SC",SC,34.60198441388542,-79.6786182881213
45073,"Oconee, SC",SC,34.75343467879444,-83.06580536864595
45083,"Spartanburg, SC",SC,34.931240082152954,-81.99081998560949
45089,"Williamsburg, SC",SC,33.61991093721087,-79.72772084627472
46009,"Bon Homme, SD",SD,42.988466783066244,-97.88462060449169
06043,"Mariposa, CA",CA,37.58150820256936,-119.90542609837362
06095,"Solano, CA",CA,38.269972906847265,-121.93285185686703
08035,"Douglas, CO",CO,39.329708202699145,-104.92955933206845
10003,"New Castle, DE",DE,39.57683343664609,-75.65269158568691
12079,"Madison, FL",FL,30.444118897538992,-83.47012097179798
12113,"Santa Rosa, FL",FL,30.700441588009046,-87.02197833777852
13001,"Appling, GA",GA,31.749223114753356,-82.28889645061686
13079,"Crawford, GA",GA,32.71451075484091,-83.98632970226816
13135,"Gwinnett, GA",GA,33.96172854043182,-84.02359470088649
13311,"White, GA",GA,34.646410393624464,-83.74710566356966
47107,"McMinn, TN",TN,35.42474810290774,-84.6174688776608
47117,"Marshall, TN",TN,35.46886024150067,-86.76500946466427
47123,"Monroe, TN",TN,35.44265530400897,-84.25274182730449
47143,"Rhea, TN",TN,35.608713722501776,-84.92440218705505
47151,"Scott, TN",TN,36.428500343853116,-84.50348796296821
47155,"Sevier, TN",TN,35.78463242249444,-83.52418358059107
47157,"Shelby, TN",TN,35.18398478661025,-89.89554941816228
47165,"Sumner, TN",TN,36.469377573744936,-86.46037841107459
47167,"Tipton, TN",TN,35.49687298359964,-89.75921157939734
47185,"White, TN",TN,35.92635873942229,-85.45520780642585
47189,"Wilson, TN",TN,36.15485371692431,-86.29774249074721
48001,"Anderson, TX",TX,31.813318602311735,-95.65253752036118
48005,"Angelina, TX",TX,31.254774099706513,-94.61185397797311
48029,"Bexar, TX",TX,29.448938465848713,-98.52000517756991
48037,"Bowie, TX",TX,33.44578126161504,-94.42335844890128
48043,"Brewster, TX",TX,29.81194100806969,-103.25174093272302
48051,"Burleson, TX",TX,30.492443890190962,-96.62140186080386
48057,"Calhoun, TX",TX,28.50665699168417,-96.60200825441063
48067,"Cass, TX",TX,33.07753587454861,-94.34354433847578
48091,"Comal, TX",TX,29.80818633412842,-98.27827041820657
48109,"Culberson, TX",TX,31.447068813716054,-104.51731424619723
48119,"Delta, TX",TX,33.386276868206814,-95.67233843041505
48173,"Glasscock, TX",TX,31.86938031854492,-101.52077362418436
48187,"Guadalupe, TX",TX,29.583058401411776,-97.94858614839073
48205,"Hartley, TX",TX,35.83999283567416,-102.60292053780162
48215,"Hidalgo, TX",TX,26.396882865450504,-98.18120448864016
48225,"Houston, TX",TX,31.317732958256784,-95.42268102320992
48263,"Kent, TX",TX,33.1813126914558,-100.77762429739794
48273,"Kleberg, TX",TX,27.433706543016672,-97.72728298263634
48287,"Lee, TX",TX,30.310653679909993,-96.96569098823049
48301,"Loving, TX",TX,31.849274772744522,-103.58001040386483
48311,"McMullen, TX",TX,28.35268319186982,-98.56785421502018
48315,"Marion, TX",TX,32.79798608802545,-94.35717134881314
48339,"Montgomery, TX",TX,30.300193004907864,-95.50300217977376
48343,"Morris, TX",TX,33.11346807588227,-94.7326373165499
48349,"Navarro, TX",TX,32.04692633371994,-96.4724752620504
48373,"Polk, TX",TX,30.792691583216588,-94.8300405443988
48377,"Presidio, TX",TX,29.99975851095655,-104.24051359860742
48383,"Reagan, TX",TX,31.366113286183776,-101.52309260729642
48405,"San Augustine, TX",TX,31.394217744530913,-94.16818652680954
48407,"San Jacinto, TX",TX,30.57954901857887,-95.16693300195534
46041,"Dewey, SD",SD,45.156639185739486,-100.8718416501082
46071,"Jackson, SD",SD,43.69425597820987,-101.62813009867463
46075,"Jones, SD",SD,43.96059288414382,-100.68971332476295
46079,"Lake, SD",SD,44.02205747519505,-97.12935741481465
46127,"Union, SD",SD,42.832575005286465,-96.65602661628405
47013,"Campbell, TN",TN,36.40352623340915,-84.14940468317336
47021,"Cheatham, TN",TN,36.261128268050584,-87.08674199081146
47031,"Coffee, TN",TN,35.49061691571043,-86.07475201059695
47035,"Cumberland, TN",TN,35.950371697013814,-84.99836907563915
47037,"Davidson, TN",TN,36.16953535601673,-86.78479192524931
47041,"DeKalb, TN",TN,35.97985395094254,-85.83277649437524
47065,"Hamilton, TN",TN,35.18084672971973,-85.16476647777247
47089,"Jefferson, TN",TN,36.050980844400804,-83.44630108983523
56003,"Big Horn, WY",WY,44.526690106558874,-107.99518324065099
56013,"Fremont, WY",WY,43.040546255688064,-108.63045837412484
56031,"Platte, WY",WY,42.13295482779559,-104.96593378652997
56035,"Sublette, WY",WY,42.766898625201414,-109.91470973922469
01041,"Crenshaw, AL",AL,31.731518503686406,-86.31354750864885
02100,"Haines, AK",AK,59.119879251213064,-135.49995278001063
04001,"Apache, AZ",AZ,35.39552646734953,-109.48882230843972
05001,"Arkansas, AR",AR,34.29080705580511,-91.37490973290751
05029,"Conway, AR",AR,35.262246537380165,-92.70129382838729
05057,"Hempstead, AR",AR,33.73532331512718,-93.66847440957207
39115,"Morgan, OH",OH,39.6203570595828,-81.85265616454471
40113,"Osage, OK",OK,36.629170213049136,-96.39849961387546
41015,"Curry, OR",OR,42.457637003894305,-124.15678046675569
42049,"Erie, PA",PA,41.992590344285624,-80.03281625543362
42101,"Philadelphia, PA",PA,40.00766685842701,-75.13389862438441
45009,"Bamberg, SC",SC,33.21479874729728,-81.05424206073619
45057,"Lancaster, SC",SC,34.68669152348968,-80.70542556960594
45087,"Union, SC",SC,34.68927423413606,-81.61940847162133
47025,"Claiborne, TN",TN,36.48585770272618,-83.66041902736788
47053,"Gibson, TN",TN,35.9966085281222,-88.93261977115762
47135,"Perry, TN",TN,35.6426359636147,-87.85894818088322
47163,"Sullivan, TN",TN,36.51291121248248,-82.3041889760832
48089,"Colorado, TX",TX,29.620821222482295,-96.52626769578916
48135,"Ector, TX",TX,31.869186296725086,-102.54288059041274
48203,"Harrison, TX",TX,32.548137409818864,-94.3714679779873
48323,"Maverick, TX",TX,28.742469144736255,-100.31448143332162
48351,"Newton, TX",TX,30.786253872756024,-93.74479548096139
48379,"Rains, TX",TX,32.87034392851419,-95.79340116632162
48409,"San Patricio, TX",TX,28.009146725503726,-97.51869289159083
48465,"Val Verde, TX",TX,29.892949893028756,-101.15173778854935
49007,"Carbon, UT",UT,39.648115242750755,-110.58873886723582
49019,"Grand, UT",UT,38.981973016537,-109.56985645435209
51005,"Alleghany, VA",VA,37.787796179706795,-80.006230729675
51029,"Buckingham, VA",VA,37.57217517041236,-78.52879421472014
51089,"Henry, VA",VA,36.68277305748036,-79.87395941347785
51141,"Patrick, VA",VA,36.678312067420165,-80.2843951780795
51193,"Westmoreland, VA",VA,38.11193560773864,-76.80417125728823
53011,"Clark, WA",WA,45.77920927703085,-122.4825200476553
53045,"Mason, WA",WA,47.34839443687405,-123.19272413907076
54025,"Greenbrier, WV",WV,37.94692633497881,-80.45298795186602
55001,"Adams, WI",WI,43.9695335181879,-89.77038800769998
72097,"Mayagüez, PR",PR,18.175937385218557,-67.32974421975226
72151,"Yabucoa, PR",PR,18.070468116223278,-65.89631139269119
08027,"Custer, CO",CO,38.10869122641281,-105.36752805339286
08051,"Gunnison, CO",CO,38.666765447186044,-107.03162238964327
05041,"Desha, AR",AR,33.833284507105354,-91.25398249476531
13261,"Sumter, GA",GA,32.03994282224766,-84.19699391602437
18179,"Wells, IN",IN,40.72918907332118,-85.22119400261002
22111,"Union, LA",LA,32.831844700923725,-92.37479320480213
23003,"Aroostook, ME",ME,46.658916160858645,-68.59890428205432
40133,"Seminole, OK",OK,35.16748504370781,-96.61552018837043
35019,"Guadalupe, NM",NM,34.86330572264929,-104.79065638542853
37105,"Lee, NC",NC,35.47518972417053,-79.17147916668
37125,"Moore, NC",NC,35.310644025102846,-79.48138043988591
19035,"Cherokee, IA",IA,42.73561393346282,-95.62381554894704
20033,"Comanche, KS",KS,37.191262969466926,-99.27184408536138
20149,"Pottawatomie, KS",KS,39.37900505304808,-96.3423718321073
21027,"Breckinridge, KY",KY,37.773389379967895,-86.42933749903693
21147,"McCreary, KY",KY,36.7371206967089,-84.48422152862757
21175,"Morgan, KY",KY,37.922282943114304,-83.2588858877335
22005,"Ascension, LA",LA,30.203544323210544,-90.91130991020076
22015,"Bossier, LA",LA,32.67892598931742,-93.60504359203878
22025,"Catahoula, LA",LA,31.666179846912602,-91.84706123944595
22037,"East Feliciana, LA",LA,30.845105450175822,-91.04552428900487
22091,"St. Helena, LA",LA,30.821990180022983,-90.71034058499494
22109,"Terrebonne, LA",LA,29.414774707271725,-90.86634415382036
24029,"Kent, MD",MD,39.25453705534912,-76.03992874008945
24047,"Worcester, MD",MD,38.21277854797277,-75.33400402915552
26055,"Grand Traverse, MI",MI,44.66876259437189,-85.56049219584051
27015,"Brown, MN",MN,44.242136852537904,-94.72759343372226
27167,"Wilkin, MN",MN,46.35706126008063,-96.46832594799868
28051,"Holmes, MS",MS,33.123535326929606,-90.09205496072892
29013,"Bates, MO",MO,38.25726018068001,-94.34002279942807
29095,"Jackson, MO",MO,39.0084734454814,-94.34613475493141
30053,"Lincoln, MT",MT,48.54244724964376,-115.40507241112415
35033,"Mora, NM",NM,36.01039817368948,-104.94481687726959
36059,"Nassau, NY",NY,40.73280316340045,-73.58640399624998
38003,"Barnes, ND",ND,46.93610903733814,-98.0715682428394
38055,"McLean, ND",ND,47.60696207873243,-101.32185579835081
40055,"Greer, OK",OK,34.935704943790476,-99.56081477151547
40117,"Pawnee, OK",OK,36.31691342473466,-96.69929950397257
42043,"Dauphin, PA",PA,40.415453189266685,-76.77946038435493
42097,"Northumberland, PA",PA,40.85202997995584,-76.70934449184307
45015,"Berkeley, SC",SC,33.19733029102083,-79.95216443402339
45067,"Marion, SC",SC,34.080079518217204,-79.36249552630602
47009,"Blount, TN",TN,35.68721821485272,-83.92551693756884
47129,"Morgan, TN",TN,36.13500745088864,-84.64919797615337
48065,"Carson, TX",TX,35.403490932450715,-101.35420153435048
48157,"Fort Bend, TX",TX,29.527496876119102,-95.77089552013504
12057,"Hillsborough, FL",FL,27.92907665378284,-82.30919543087629
12089,"Nassau, FL",FL,30.61059898992588,-81.80161575823566
13025,"Brantley, GA",GA,31.19687588159824,-81.98190369036095
39167,"Washington, OH",OH,39.455315211302555,-81.4952854814288
40023,"Choctaw, OK",OK,34.0265989738227,-95.55215861998846
18007,"Benton, IN",IN,40.60625371339157,-87.31093166056296
18051,"Gibson, IN",IN,38.31185418110544,-87.58461346877569
18123,"Perry, IN",IN,38.07965285417815,-86.63802268360243
20083,"Hodgeman, KS",KS,38.08749316612595,-99.8979261293054
20203,"Wichita, KS",KS,38.48205352332075,-101.34738393157915
21079,"Garrard, KY",KY,37.63959984067747,-84.53766513880791
21123,"Larue, KY",KY,37.5457934635401,-85.69792829735577
21209,"Scott, KY",KY,38.29154577693896,-84.58392156831377
22065,"Madison, LA",LA,32.364403071348136,-91.24262373016055
22105,"Tangipahoa, LA",LA,30.626629739723562,-90.40567708457526
23025,"Somerset, ME",ME,45.513909223187795,-69.95890400955336
26007,"Alpena, MI",MI,45.0348633308998,-83.62580678740304
28017,"Chickasaw, MS",MS,33.92079496020521,-88.94785599583322
48419,"Shelby, TX",TX,31.79241830454831,-94.14495987156938
54083,"Randolph, WV",WV,38.774753624603825,-79.87578835571122
06063,"Plumas, CA",CA,40.004638434438725,-120.83854565296976
48129,"Donley, TX",TX,34.96543710589631,-100.81398233519954
48313,"Madison, TX",TX,30.965542029844936,-95.92842231738958
53027,"Grays Harbor, WA",WA,47.150245490424986,-123.77350634799444
54059,"Mingo, WV",WV,37.72641677179109,-82.13469117106264
05119,"Pulaski, AR",AR,34.76994016662451,-92.3117837218999
06093,"Siskiyou, CA",CA,41.592675402058475,-122.5403512604914
02170,"Matanuska-Susitna, AK",AK,62.31621988849926,-149.57141297916502
13075,"Cook, GA",GA,31.153992912330036,-83.43046305152593
25005,"Bristol, MA",MA,41.79716381217748,-71.11437747183903
13303,"Washington, GA",GA,32.96953472167585,-82.79593022594499
17017,"Cass, IL",IL,39.973545239152635,-90.24740080483882
22043,"Grant, LA",LA,31.599697402253497,-92.55950489391509
22127,"Winn, LA",LA,31.944258429111702,-92.63668640558629
10001,"Kent, DE",DE,39.086168928232766,-75.56842231599367
12075,"Levy, FL",FL,29.318428933630297,-82.74355311874241
27021,"Cass, MN",MN,46.94959380297358,-94.32537160944473
28089,"Madison, MS",MS,32.63472693266836,-90.033696000427
29227,"Worth, MO",MO,40.47910197017833,-94.42212318122942
30043,"Jefferson, MT",MT,46.1484579599018,-112.09380445252086
30081,"Ravalli, MT",MT,46.08169212838797,-114.12074571880164
34027,"Morris, NJ",NJ,40.86199709635146,-74.54452423341132
36075,"Oswego, NY",NY,43.42692163316699,-76.14136171810435
37021,"Buncombe, NC",NC,35.61118328541392,-82.53011352598972
37107,"Lenoir, NC",NC,35.23877340796469,-77.64124599796061
37145,"Person, NC",NC,36.390004906252635,-78.97178238908528
37193,"Wilkes, NC",NC,36.20627886131311,-81.1633943583714
40141,"Tillman, OK",OK,34.372837063284095,-98.92421125865246
41031,"Jefferson, OR",OR,44.62941423708204,-121.17629187245832
41047,"Marion, OR",OR,44.90331756583723,-122.5848977259129
27087,"Mahnomen, MN",MN,47.32530991975915,-95.8090423971386
27173,"Yellow Medicine, MN",MN,44.71624862277437,-95.86836213585333
28109,"Pearl River, MS",MS,30.76883571597966,-89.5896189850091
29027,"Callaway, MO",MO,38.83551113233447,-91.92603001645736
30009,"Carbon, MT",MT,45.227386991883314,-109.02806006601541
30033,"Garfield, MT",MT,47.27762860023925,-106.99289788153959
31033,"Cheyenne, NE",NE,41.21976731173324,-102.9949571277756
34031,"Passaic, NJ",NJ,41.03444981496492,-74.3008349141255
35017,"Grant, NM",NM,32.73887360838214,-108.38240247886898
36009,"Cattaraugus, NY",NY,42.24860036195381,-78.67884765289531
36061,"New York, NY",NY,40.7781762329086,-73.96749199548744
36071,"Orange, NY",NY,41.4021367041474,-74.30554480409867
37015,"Bertie, NC",NC,36.066167269049046,-76.97866800591429
37101,"Johnston, NC",NC,35.51781456622617,-78.36571445577425
37131,"Northampton, NC",NC,36.417762071222505,-77.39685937097356
37159,"Rowan, NC",NC,35.63947931146285,-80.52478950429496
37183,"Wake, NC",NC,35.79025688474239,-78.6503109078
13201,"Miller, GA",GA,31.164005230826767,-84.73078382508005
13265,"Taliaferro, GA",GA,33.56613476013978,-82.87877142234885
44009,"Washington, RI",RI,41.46972321248183,-71.62254153850532
45003,"Aiken, SC",SC,33.54424832106588,-81.63469364064431
45007,"Anderson, SC",SC,34.51926405607313,-82.6377696358678
45017,"Calhoun, SC",SC,33.67488298652883,-80.78029516007992
45035,"Dorchester, SC",SC,33.079312215939495,-80.40667286425364
45041,"Florence, SC",SC,34.02447935125869,-79.70295431660867
45045,"Greenville, SC",SC,34.89436839350919,-82.37074305827566
45051,"Horry, SC",SC,33.92151441333034,-78.9965399592075
30007,"Broadwater, MT",MT,46.33240590286992,-111.49549497361741
30093,"Silver Bow, MT",MT,45.90240169302083,-112.65673573077997
37051,"Cumberland, NC",NC,35.0486192486761,-78.82755662753068
37139,"Pasquotank, NC",NC,36.29547667337241,-76.28398919035588
45061,"Lee, SC",SC,34.16332183839494,-80.25449509246263
46055,"Haakon, SD",SD,44.29444173056457,-101.53992524704725
47045,"Dyer, TN",TN,36.05905083336811,-89.41377280381003
47127,"Moore, TN",TN,35.284620360305375,-86.35873590025366
51081,"Greensville, VA",VA,36.67588778220826,-77.55958005557575
51105,"Lee, VA",VA,36.70540302541955,-83.1285704541108
51195,"Wise, VA",VA,36.97524043203773,-82.62119834057415
54007,"Braxton, WV",WV,38.69985460218355,-80.71925218802424
54099,"Wayne, WV",WV,38.145946547541456,-82.42696105484488
42031,"Clarion, PA",PA,41.19239949017686,-79.42096732205805
01009,"Blount, AL",AL,33.98086883066284,-86.56738039931867
01047,"Dallas, AL",AL,32.32597925878849,-87.10646900303215
05073,"Lafayette, AR",AR,33.24094545145252,-93.60705581045154
06027,"Inyo, CA",CA,36.51111376104412,-117.41074797719436
06053,"Monterey, CA",CA,36.21715890998017,-121.23920059946273
06099,"Stanislaus, CA",CA,37.559134084648015,-120.99768806978116
08111,"San Juan, CO",CO,37.76402849680549,-107.67615655284592
12045,"Gulf, FL",FL,29.95553379110409,-85.22659118243887
12105,"Polk, FL",FL,27.948879800669562,-81.69757667431374
12121,"Suwannee, FL",FL,30.1956050583855,-82.99149467549117
16041,"Franklin, ID",ID,42.1810993823498,-111.8131968139563
16079,"Shoshone, ID",ID,47.352940813146894,-115.89236293560563
18021,"Clay, IN",IN,39.39279542882983,-87.11576459254664
48175,"Goliad, TX",TX,28.657086222130076,-97.42644708793361
48503,"Young, TX",TX,33.17662269426683,-98.6877349161326
51113,"Madison, VA",VA,38.41372171132822,-78.27923850372972
53033,"King, WA",WA,47.49024907514172,-121.80523369126014
53057,"Skagit, WA",WA,48.47937122842842,-121.73018029479593
06091,"Sierra, CA",CA,39.580326202324656,-120.51599521126568
18125,"Pike, IN",IN,38.398780033004016,-87.23216276062624
26003,"Alger, MI",MI,46.40864026690141,-86.60396541629684
27103,"Nicollet, MN",MN,44.34988168250663,-94.24739495606046
01039,"Covington, AL",AL,31.248491453552955,-86.45126684432357
01061,"Geneva, AL",AL,31.09505484802003,-85.83909144612956
01075,"Lamar, AL",AL,33.779135388691884,-88.09695812677022
04011,"Greenlee, AZ",AZ,33.21523492222133,-109.24012820437055
01013,"Butler, AL",AL,31.752429155671948,-86.68027562242744
01015,"Calhoun, AL",AL,33.771415664670144,-85.82603921906548
21235,"Whitley, KY",KY,36.75809682033117,-84.14517967451198
22057,"Lafourche, LA",LA,29.56623878542547,-90.42577006003242
24023,"Garrett, MD",MD,39.528886014224454,-79.27293893642445
26013,"Baraga, MI",MI,46.66262050098693,-88.3651856167333
26071,"Iron, MI",MI,46.208691890937025,-88.53054536007389
47145,"Roane, TN",TN,35.847857530045836,-84.52324011655182
47183,"Weakley, TN",TN,36.298260790748294,-88.71780070315044
48041,"Brazos, TX",TX,30.660804411091924,-96.30238877523958
48079,"Cochran, TX",TX,33.60418291013452,-102.82850908812024
48341,"Moore, TX",TX,35.83771454886299,-101.8929871425799
49005,"Cache, UT",UT,41.72243823156325,-111.74362613191708
49023,"Juab, UT",UT,39.702732762465764,-112.7848178324704
51103,"Lancaster, VA",VA,37.7345336424718,-76.46322992464934
51157,"Rappahannock, VA",VA,38.68479034044221,-78.15923214982062
53019,"Ferry, WA",WA,48.4702889152787,-118.51658914071957
53075,"Whitman, WA",WA,46.90117314410582,-117.52302705068217
55011,"Buffalo, WI",WI,44.37983087215831,-91.75445479681224
56033,"Sheridan, WY",WY,44.789974913847544,-106.87926852284484
56039,"Teton, WY",WY,43.93465070958561,-110.58981756746037
60050,"Western, ",,-14.323526026578921,-170.76819005525363
78030,"St. Thomas, ",,18.34432481764246,-64.92900657600288
05085,"Lonoke, AR",AR,34.754256224990016,-91.88867330213915
06089,"Shasta, CA",CA,40.76371326810639,-122.04049900154385
08005,"Arapahoe, CO",CO,39.649756848133705,-104.33922984176841
08033,"Dolores, CO",CO,37.75171175752354,-108.51740031607223
01073,"Jefferson, AL",AL,33.554334499008306,-86.89640830636715
01129,"Washington, AL",AL,31.407628945666268,-88.2078573131082
02290,"Yukon-Koyukuk, AK",AK,65.50864462116017,-151.38963204423874
42131,"Wyoming, PA",PA,41.51836366012943,-76.01659629856773
45021,"Cherokee, SC",SC,35.04813182881799,-81.62045077662796
27137,"St. Louis, MN",MN,47.60315653765749,-92.47063162489903
28021,"Claiborne, MS",MS,31.973661928258114,-90.91177432099633
28053,"Humphreys, MS",MS,33.12865911014574,-90.52661096581072
28137,"Tate, MS",MS,34.650328878860066,-89.94478701963466
30003,"Big Horn, MT",MT,45.42335611689409,-107.48980180867801
30035,"Glacier, MT",MT,48.70513799788921,-112.99473631028899
30061,"Mineral, MT",MT,47.14721011288106,-114.99828298907799
30089,"Sanders, MT",MT,47.67477959120402,-115.13330079723472
31009,"Blaine, NE",NE,41.912779490812966,-99.9768259585208
32033,"White Pine, NV",NV,39.442104310398406,-114.90154514702303
34009,"Cape May, NJ",NJ,39.14899692972397,-74.80020059675329
36017,"Chenango, NY",NY,42.49350477884826,-75.61159163840196
37019,"Brunswick, NC",NC,34.07098550405869,-78.23769498309461
37047,"Columbus, NC",NC,34.26564889136196,-78.65502149674978
37079,"Greene, NC",NC,35.485002566883246,-77.6757614833972
37147,"Pitt, NC",NC,35.593295823543905,-77.37449546409192
37173,"Swain, NC",NC,35.48675460995758,-83.49278243023264
45065,"McCormick, SC",SC,33.89957687645241,-82.30987366988563
46003,"Aurora, SD",SD,43.71801281119224,-98.56154177943445
47055,"Giles, TN",TN,35.202132966834284,-87.03477625697818
47085,"Humphreys, TN",TN,36.0408211320707,-87.77562475476691
05145,"White, AR",AR,35.25627781090881,-91.74554960434645
13107,"Emanuel, GA",GA,32.58973973272469,-82.30171316851842
16007,"Bear Lake, ID",ID,42.28478414560279,-111.3296870231912
47119,"Maury, TN",TN,35.61694023842606,-87.07702168185236
47147,"Robertson, TN",TN,36.52546695736953,-86.87058161575044
48015,"Austin, TX",TX,29.88700671147461,-96.27789857491861
48277,"Lamar, TX",TX,33.66725053059865,-95.57119721877162
48391,"Refugio, TX",TX,28.325259899802834,-97.16562506006406
48469,"Victoria, TX",TX,28.79635427507464,-96.97151982532576
49057,"Weber, UT",UT,41.26982202953594,-111.91339509429424
51003,"Albemarle, VA",VA,38.022876244935574,-78.55671570923134
51031,"Campbell, VA",VA,37.2053425920157,-79.09655549825935
51059,"Fairfax, VA",VA,38.836839694535456,-77.27698787344704
51121,"Montgomery, VA",VA,37.17428754055757,-80.3872060806941
51155,"Pulaski, VA",VA,37.06355071132747,-80.71439511261
53067,"Thurston, WA",WA,46.92577200112664,-122.83318614508308
54031,"Hardy, WV",WV,39.00753469117716,-78.85794895166981
54057,"Mineral, WV",WV,39.41467204130158,-78.94381937414138
54085,"Ritchie, WV",WV,39.17825796134736,-81.0629795607957
55007,"Bayfield, WI",WI,46.5237623232181,-91.20078815611454
55057,"Juneau, WI",WI,43.924593151531525,-90.1137720554388
55121,"Trempealeau, WI",WI,44.30396633901242,-91.35845637716844
41003,"Benton, OR",OR,44.491789036770264,-123.42928055046961
42023,"Cameron, PA",PA,41.436729365568986,-78.2038804026354
42055,"Franklin, PA",PA,39.92740400414074,-77.72128244775631
44007,"Providence, RI",RI,41.87214104296169,-71.57999402630495
21203,"Rockcastle, KY",KY,37.36505827030142,-84.31600989437104
05017,"Chicot, AR",AR,33.267214828807525,-91.29398176784412
13215,"Muscogee, GA",GA,32.51002371368805,-84.87706039104368
13301,"Warren, GA",GA,33.408948174955924,-82.67675068794323
16013,"Blaine, ID",ID,43.41194442285568,-113.98017480299221
16031,"Cassia, ID",ID,42.28388223476903,-113.60010075689284
17125,"Mason, IL",IL,40.239632030373556,-89.91683127841236
24015,"Cecil, MD",MD,39.57124103764159,-75.94073959021588
24039,"Somerset, MD",MD,38.11578047589777,-75.75175601712469
17007,"Boone, IL",IL,42.32307877435641,-88.82338302966701
18053,"Grant, IN",IN,40.51580008293558,-85.65471601021068
20065,"Graham, KS",KS,39.34972719215288,-99.88322903036926
21011,"Bath, KY",KY,38.144952166305785,-83.74267657495382
21067,"Fayette, KY",KY,38.04231919033206,-84.45871291502446
21101,"Henderson, KY",KY,37.795803945827984,-87.57303115489077
21133,"Letcher, KY",KY,37.12117501063009,-82.85531290041102
22077,"Pointe Coupee, LA",LA,30.709381403559647,-91.60078731441892
22103,"St. Tammany, LA",LA,30.410226174857886,-89.95830120045964
08069,"Larimer, CO",CO,40.66638617460316,-105.46114554482625
12029,"Dixie, FL",FL,29.60819159977254,-83.15880036818353
27067,"Kandiyohi, MN",MN,45.15236884356376,-95.00471728099474
27119,"Polk, MN",MN,47.77386177029907,-96.40187410758939
20067,"Grant, KS",KS,37.56226603220589,-101.30801803038919
21089,"Greenup, KY",KY,38.54569292338815,-82.92234465358831
26089,"Leelanau, MI",MI,44.93858766897157,-85.81179899365917
26141,"Presque Isle, MI",MI,45.340189778932384,-83.91760649420165
32031,"Washoe, NV",NV,40.66566754140098,-119.66426822932192
38097,"Traill, ND",ND,47.45418015160985,-97.16161112820348
47105,"Loudon, TN",TN,35.73479237943508,-84.31184929602027
13309,"Wheeler, GA",GA,32.1170542401269,-82.72458014398126
17003,"Alexander, IL",IL,37.191519120097794,-89.33756197374385
17189,"Washington, IL",IL,38.35216945067585,-89.4104700483041
19003,"Adams, IA",IA,41.028975224955516,-94.69916585870594
19163,"Scott, IA",IA,41.63709119699353,-90.62323883404976
20195,"Trego, KS",KS,38.91430950887512,-99.87283476983828
21187,"Owen, KY",KY,38.51964952626553,-84.82810333892283
22063,"Livingston, LA",LA,30.44014952282762,-90.72789747675579
22101,"St. Mary, LA",LA,29.70465723005877,-91.44315054449606
08117,"Summit, CO",CO,39.63418029894818,-106.1163679548226
12007,"Bradford, FL",FL,29.949948760193077,-82.16876766874358
13031,"Bulloch, GA",GA,32.396807700709054,-81.74318109731512
39123,"Ottawa, OH",OH,41.53810171770285,-83.14085811826264
40101,"Muskogee, OK",OK,35.61615093996044,-95.37959185687477
27069,"Kittson, MN",MN,48.776630573016284,-96.78286650434089
27107,"Norman, MN",MN,47.32646320409315,-96.4552897987677
27145,"Stearns, MN",MN,45.55214395345865,-94.61301735420568
28049,"Hinds, MS",MS,32.2667004262344,-90.44284956122192
29171,"Putnam, MO",MO,40.47891270864416,-93.01616564494995
30075,"Powder River, MT",MT,45.39497963215925,-105.6301899594595
32011,"Eureka, NV",NV,39.983861552633506,-116.26858451880447
34033,"Salem, NJ",NJ,39.58761280424987,-75.34904977542443
36113,"Warren, NY",NY,43.56096668646489,-73.8460167641418
37031,"Carteret, NC",NC,34.83573000222429,-76.65889147213694
37113,"Macon, NC",NC,35.15047456374854,-83.4221218724124
38035,"Grand Forks, ND",ND,47.92191054531919,-97.45697388168558
39055,"Geauga, OH",OH,41.49955301369796,-81.17863661997676
46023,"Charles Mix, SD",SD,43.20792553185914,-98.5879066407159
47093,"Knox, TN",TN,35.993210373523276,-83.93710154637968
01071,"Jackson, AL",AL,34.77945558242027,-85.99935398499623
13019,"Berrien, GA",GA,31.275953070099973,-83.2296386824687
48061,"Cameron, TX",TX,26.133452197489824,-97.51799288388568
48185,"Grimes, TX",TX,30.54347160052115,-95.98550895148973
48239,"Jackson, TX",TX,28.954230655186695,-96.57763242649803
06011,"Colusa, CA",CA,39.17748403490377,-122.23695912321347
16029,"Caribou, ID",ID,42.77049662452163,-111.56225975044258
01021,"Chilton, AL",AL,32.84786730790755,-86.71879022444824
01027,"Clay, AL",AL,33.26902359843214,-85.8605790173855
01029,"Cleburne, AL",AL,33.67451320426218,-85.51880933254934
04023,"Santa Cruz, AZ",AZ,31.526025213071254,-110.84658768144405
01093,"Marion, AL",AL,34.13655552248483,-87.88713524898684
05053,"Grant, AR",AR,34.2900048788879,-92.42360628570306
01103,"Morgan, AL",AL,34.453468312593614,-86.85292482831042
01133,"Winston, AL",AL,34.149199476400526,-87.37366306792178
02070,"Dillingham, AK",AK,59.79906654221365,-158.23508954298435
02110,"Juneau, AK",AK,58.4546305456958,-134.17394176905725
02150,"Kodiak Island, AK",AK,57.67704281102055,-153.78058228741597
02220,"Sitka, AK",AK,57.240076864015805,-135.31525107951896
02261,"Valdez-Cordova, AK",AK,61.561955115598884,-144.46863096113154
48389,"Reeves, TX",TX,31.323027104891455,-103.69297921715525
49017,"Garfield, UT",UT,37.85488872359054,-111.44310089156464
51093,"Isle of Wight, VA",VA,36.891289154271405,-76.72584445099865
51171,"Shenandoah, VA",VA,38.858327979737226,-78.5708391705724
53021,"Franklin, WA",WA,46.53472740968529,-118.89896929575896
53055,"San Juan, WA",WA,48.578191313729214,-122.9649694394449
66010,"Guam, ",,13.443758208767042,144.7741475522864
05069,"Jefferson, AR",AR,34.268782057801374,-91.93151808720087
05107,"Phillips, AR",AR,34.42823805670895,-90.84806629246263
06041,"Marin, CA",CA,38.073385556262274,-122.72341555726408
06077,"San Joaquin, CA",CA,37.93475478900825,-121.27139238365105
08001,"Adams, CO",CO,39.873630839333046,-104.33776871204665
01059,"Franklin, AL",AL,34.44169229734741,-87.84373462807847
01097,"Mobile, AL",AL,30.78721220095308,-88.20579885923932
48283,"La Salle, TX",TX,28.345143569385925,-99.09958588722002
48401,"Rusk, TX",TX,32.107723390828596,-94.76187636543753
48459,"Upshur, TX",TX,32.73627011940828,-94.94147641687763
49037,"San Juan, UT",UT,37.62602305279816,-109.80454203031636
51027,"Buchanan, VA",VA,37.26660954262053,-82.03601380986254
51101,"King William, VA",VA,37.7066094018178,-77.0885564111526
51147,"Prince Edward, VA",VA,37.22428690866582,-78.4410707233733
51191,"Washington, VA",VA,36.72444526922581,-81.95982646492172
54003,"Berkeley, WV",WV,39.464065755093166,-78.02751272648277
54041,"Lewis, WV",WV,38.9958665461525,-80.50217410707705
42017,"Bucks, PA",PA,40.33696145403021,-75.10687580914748
05043,"Drew, AR",AR,33.58945379935467,-91.72001113881394
05049,"Fulton, AR",AR,36.38165740451262,-91.81822518817465
02020,"Anchorage, AK",AK,61.150825295280754,-149.10911748236052
04021,"Pinal, AZ",AZ,32.90439176331561,-111.34467078195728
13113,"Fayette, GA",GA,33.4139533236953,-84.49418416217284
13151,"Henry, GA",GA,33.453002479672215,-84.15420611600409
13191,"McIntosh, GA",GA,31.496659485555224,-81.40846875833735
23027,"Waldo, ME",ME,44.50275192355732,-69.14540579832808
24027,"Howard, MD",MD,39.25072395913638,-76.93118995344885
05135,"Sharp, AR",AR,36.1611416259315,-91.47985751697682
09005,"Litchfield, CT",CT,41.79248072795551,-73.24533246375512
09013,"Tolland, CT",CT,41.85504180401762,-72.33647701640963
12115,"Sarasota, FL",FL,27.184467891882765,-82.33150444148295
05101,"Newton, AR",AR,35.91997205949455,-93.21786864539573
05105,"Perry, AR",AR,34.94736989254756,-92.93144274100722
05115,"Pope, AR",AR,35.44762758047479,-93.03415221892074
05005,"Baxter, AR",AR,36.287208404293814,-92.33695011949514
05009,"Boone, AR",AR,36.30859114677833,-93.09153441501978
08021,"Conejos, CO",CO,37.20071264341812,-106.19161031666879
08039,"Elbert, CO",CO,39.28658339787681,-104.13594296760509
08059,"Jefferson, CO",CO,39.58643529411336,-105.25046903583114
01037,"Coosa, AL",AL,32.93624304249333,-86.24766160001144
08073,"Lincoln, CO",CO,38.98808784990935,-103.5139430533545
08101,"Pueblo, CO",CO,38.17352288761175,-104.51273216338602
08121,"Washington, CO",CO,39.971017521558714,-103.2012456043598
08125,"Yuma, CO",CO,40.00293654623667,-102.42424849126851
05077,"Lee, AR",AR,34.78065178564233,-90.78212191166011
01017,"Chambers, AL",AL,32.91434535110719,-85.39203021569158
05129,"Searcy, AR",AR,35.91089957257719,-92.69950814142427
13063,"Clayton, GA",GA,33.54190470997107,-84.35764422823787
13159,"Jasper, GA",GA,33.316395871421726,-83.68805768375236
06031,"Kings, CA",CA,36.07534371008504,-119.81555065669141
06035,"Lassen, CA",CA,40.673589098637045,-120.59431538478663
06075,"San Francisco, CA",CA,37.75616436865514,-122.44304167780719
08003,"Alamosa, CO",CO,37.5729353487017,-105.78836680671557
08015,"Chaffee, CO",CO,38.74701250608263,-106.19412663972602
13003,"Atkinson, GA",GA,31.297133177431412,-82.88007086610327
12035,"Flagler, FL",FL,29.461424845918263,-81.31356839145538
12059,"Holmes, FL",FL,30.867921065400104,-85.81401730838496
12087,"Monroe, FL",FL,25.315618299144987,-81.11063629941323
12109,"St. Johns, FL",FL,29.901641120442296,-81.44066458471889
12111,"St. Lucie, FL",FL,27.377256464055723,-80.47202647272215
05149,"Yell, AR",AR,35.00261093322689,-93.41123285260815
06021,"Glenn, CA",CA,39.59820149120442,-122.39199901384109
06025,"Imperial, CA",CA,33.03951207342643,-115.36535115086141
06061,"Placer, CA",CA,39.06345956799667,-120.71755875765689
06109,"Tuolumne, CA",CA,38.027588914238436,-119.95475499078796
13117,"Forsyth, GA",GA,34.225543250240136,-84.12502041036171
13169,"Jones, GA",GA,33.02512491413167,-83.5604947961818
13197,"Marion, GA",GA,32.35339325258453,-84.52466882566891
17067,"Hancock, IL",IL,40.40374091628328,-91.16474814074412
17183,"Vermilion, IL",IL,40.183416435897776,-87.7328147124891
13059,"Clarke, GA",GA,33.951178294195735,-83.36733044991767
13069,"Coffee, GA",GA,31.549285774251164,-82.84917705280685
13083,"Dade, GA",GA,34.85455198002998,-85.50451949439496
17053,"Ford, IL",IL,40.59716807101521,-88.2232955118473
13145,"Harris, GA",GA,32.73603909608057,-84.90889194436292
13023,"Bleckley, GA",GA,32.43444533648342,-83.32781353408475
13037,"Calhoun, GA",GA,31.529222291905548,-84.62453274545412
13053,"Chattahoochee, GA",GA,32.34698433321824,-84.78702090474057
17073,"Henry, IL",IL,41.35313698817153,-90.13143102263491
17097,"Lake, IL",IL,42.323339937272166,-88.00365402815346
17059,"Gallatin, IL",IL,37.762743639694676,-88.23044404237568
17063,"Grundy, IL",IL,41.285111119387274,-88.41846873638005
13093,"Dooly, GA",GA,32.15718703870342,-83.79879578129346
16051,"Jefferson, ID",ID,43.82015471609615,-112.31130823310612
16065,"Madison, ID",ID,43.784147360671035,-111.65923422083543
13111,"Fannin, GA",GA,34.86408398906588,-84.31983386746593
13243,"Randolph, GA",GA,31.76265514822153,-84.7541886427644
13257,"Stephens, GA",GA,34.55394199534727,-83.29347237703007
17011,"Bureau, IL",IL,41.40412582926175,-89.52866709484049
17015,"Carroll, IL",IL,42.06868734214896,-89.93439024723124
18099,"Marshall, IN",IN,41.324840167674886,-86.26175726749923
18101,"Martin, IN",IN,38.70801365526136,-86.8030733714071
13287,"Turner, GA",GA,31.716381919615852,-83.6240915796479
13295,"Walker, GA",GA,34.73564648783483,-85.30099086456465
15003,"Honolulu, HI",HI,21.500781271696564,-158.1053393996942
16009,"Benewah, ID",ID,47.217552580658634,-116.65870892318665
18003,"Allen, IN",IN,41.09088453099658,-85.06657404141417
17149,"Pike, IL",IL,39.62250377745868,-90.88629694348211
17159,"Richland, IL",IL,38.71241555982673,-88.08510899511614
17107,"Logan, IL",IL,40.12455659076004,-89.36753851763163
17115,"Macon, IL",IL,39.85998989241613,-88.96155997907879
17121,"Marion, IL",IL,38.64959343207136,-88.91898306643903
17131,"Mercer, IL",IL,41.205339100789686,-90.74144591818475
17135,"Montgomery, IL",IL,39.23103311855495,-89.47888817792764
17145,"Perry, IL",IL,38.08375244619143,-89.36700209948503
13233,"Polk, GA",GA,34.00179086403913,-85.18814290718093
13239,"Quitman, GA",GA,31.867347385442194,-85.01877002581864
18031,"Decatur, IN",IN,39.307001474391214,-85.50110907630223
18037,"Dubois, IN",IN,38.36427303649641,-86.87981142676438
18041,"Fayette, IN",IN,39.64002907719432,-85.17876388409131
18055,"Greene, IN",IN,39.03634430785281,-86.96204482196728
18065,"Henry, IN",IN,39.93106319830469,-85.39642519959389
18075,"Jay, IN",IN,40.43795740161875,-85.00570481094738
18085,"Kosciusko, IN",IN,41.24407150732547,-85.86071564344066
18091,"LaPorte, IN",IN,41.54598753848309,-86.73996089293485
18109,"Morgan, IN",IN,39.4815696268052,-86.44623079230766
16019,"Bonneville, ID",ID,43.387737272199224,-111.61479126751085
16021,"Boundary, ID",ID,48.766868569461685,-116.46287427634843
16045,"Gem, ID",ID,44.06154619190838,-116.39751661550372
17029,"Coles, IL",IL,39.52027962074658,-88.22179644067498
18181,"White, IN",IN,40.74975985544136,-86.86548809081866
19007,"Appanoose, IA",IA,40.7431700905196,-92.8686187703517
19017,"Bremer, IA",IA,42.77458652030272,-92.3180539317849
19025,"Calhoun, IA",IA,42.385185505883165,-94.6404036245246
18095,"Madison, IN",IN,40.161610412315575,-85.71935636349004
18097,"Marion, IN",IN,39.781711193617234,-86.1384702727316
17173,"Shelby, IL",IL,39.39113855185178,-88.80553885746764
17177,"Stephenson, IL",IL,42.35172178233953,-89.6623640191516
16075,"Payette, ID",ID,44.00675700258795,-116.76082111289901
17005,"Bond, IL",IL,38.88683305359005,-89.43554636928486
19103,"Johnson, IA",IA,41.671532538266206,-91.5881044028689
19117,"Lucas, IA",IA,41.02939549751047,-93.32773854965649
19127,"Marshall, IA",IA,42.03583447054834,-92.99878979177903
19131,"Mitchell, IA",IA,43.35636379399147,-92.78901295943757
20105,"Lincoln, KS",KS,39.045308689163214,-98.20769052920934
20109,"Logan, KS",KS,38.917303856268006,-101.14840969371983
20111,"Lyon, KS",KS,38.45619845237337,-96.15264733219634
20113,"McPherson, KS",KS,38.39165317458447,-97.64801952073267
19135,"Monroe, IA",IA,41.02979568679779,-92.86900423184778
19041,"Clay, IA",IA,43.08257225781066,-95.15093604388913
18017,"Cass, IN",IN,40.76153986764884,-86.34598335434868
20049,"Elk, KS",KS,37.45368647213352,-96.24415484874585
20057,"Ford, KS",KS,37.69171750246171,-99.88795653621146
18115,"Ohio, IN",IN,38.950078790921296,-84.9650911161703
18119,"Owen, IN",IN,39.31280489945843,-86.83767051132983
18121,"Parke, IN",IN,39.77363464069859,-87.20637911496482
20091,"Johnson, KS",KS,38.88376637108757,-94.82231676678707
20097,"Kiowa, KS",KS,37.55822973537817,-99.28607727026751
20101,"Lane, KS",KS,38.48133333892274,-100.4664250982408
19049,"Dallas, IA",IA,41.68487011516291,-94.03977090170676
18133,"Putnam, IN",IN,39.66628078271651,-86.844995992361
18157,"Tippecanoe, IN",IN,40.388619810903435,-86.89405932795191
18111,"Newton, IN",IN,40.955838123969755,-87.39757007530145
17021,"Christian, IL",IL,39.54583198530187,-89.2772528468795
19159,"Ringgold, IA",IA,40.73516518832041,-94.2439881234756
19165,"Shelby, IA",IA,41.68509094897652,-95.3101778898982
20063,"Gove, KS",KS,38.91609173974979,-100.48296674923587
20073,"Greenwood, KS",KS,37.87782471018117,-96.2326122179414
20077,"Harper, KS",KS,37.19162258456055,-98.0754831271809
20085,"Jackson, KS",KS,39.4168246354084,-95.79366875452119
19169,"Story, IA",IA,42.036231175964254,-93.46503839186238
19189,"Winnebago, IA",IA,43.377510104571485,-93.73413099122696
20001,"Allen, KS",KS,37.88572095021543,-95.30135940483048
20009,"Barton, KS",KS,38.47896320030098,-98.75645855231625
20015,"Butler, KS",KS,37.78123819078358,-96.83904179782965
20025,"Clark, KS",KS,37.235512535221986,-99.82030398635295
20029,"Cloud, KS",KS,39.480293277998236,-97.64925787300639
20043,"Doniphan, KS",KS,39.78806040002374,-95.14679868969304
40045,"Ellis, OK",OK,36.21836446029218,-99.7546379414362
48309,"McLennan, TX",TX,31.552376268587306,-97.20177965772923
48337,"Montague, TX",TX,33.675683098727816,-97.72463972426253
48355,"Nueces, TX",TX,27.725539637110025,-97.61304230594978
51720,"Norton, VA",VA,36.93141576353189,-82.62624386361499
51740,"Portsmouth, VA",VA,36.846838919999634,-76.35404272814746
18143,"Scott, IN",IN,38.68507421898323,-85.74748028616825
18171,"Warren, IN",IN,40.346937181849086,-87.35330188803933
18177,"Wayne, IN",IN,39.864382355355886,-85.00983824347364
19097,"Jackson, IA",IA,42.17173546790929,-90.57425028646082
19141,"O'Brien, IA",IA,43.08375704082129,-95.62491378713389
19055,"Delaware, IA",IA,42.4712119692007,-91.36733448667803
19073,"Greene, IA",IA,42.03624153306765,-94.39683406538074
19079,"Hamilton, IA",IA,42.38375069678499,-93.70679229400999
40041,"Delaware, OK",OK,36.408199775015184,-94.80264841444023
46111,"Sanborn, SD",SD,44.02341732728925,-98.09134329321003
51810,"Virginia Beach, VA",VA,36.73353798092837,-76.04348547860994
72061,"Guaynabo, PR",PR,18.343817894976855,-66.11405551716751
20087,"Jefferson, KS",KS,39.23576284638811,-95.38343918962302
20089,"Jewell, KS",KS,39.78473318645306,-98.21833954684782
46109,"Roberts, SD",SD,45.62956820845965,-96.94609796409709
46121,"Todd, SD",SD,43.193384989615126,-100.71845039420212
53051,"Pend Oreille, WA",WA,48.53229304731611,-117.27399511451591
53059,"Skamania, WA",WA,46.023036082025456,-121.91474377164603
54011,"Cabell, WV",WV,38.42030494746309,-82.24171158128885
23011,"Kennebec, ME",ME,44.409111767933275,-69.76733332179856
24019,"Dorchester, MD",MD,38.482909090317605,-76.01254892310229
38103,"Wells, ND",ND,47.58752303871677,-99.66097447142327
30101,"Toole, MT",MT,48.655398307933545,-111.69563925160223
31003,"Antelope, NE",NE,42.17690727862423,-98.0666857277061
48275,"Knox, TX",TX,33.60609256381742,-99.74142701644813
31029,"Chase, NE",NE,40.524176600053806,-101.69798368082202
24025,"Harford, MD",MD,39.56109150112227,-76.31705649415791
24035,"Queen Anne's, MD",MD,39.06801418233725,-76.02027633327377
25009,"Essex, MA",MA,42.673092232732905,-70.95196700100874
26015,"Barry, MI",MI,42.59503952303413,-85.30895873611479
38045,"LaMoure, ND",ND,46.456900527741425,-98.53542669562445
38051,"McIntosh, ND",ND,46.111843826906494,-99.44119708358068
38095,"Towner, ND",ND,48.685539909160845,-99.24577986177118
38101,"Ward, ND",ND,48.22174535985024,-101.5418100838795
25003,"Berkshire, MA",MA,42.37069926032496,-73.20634678354466
25011,"Franklin, MA",MA,42.583092553094154,-72.59183801303043
25021,"Norfolk, MA",MA,42.16068851261102,-71.21110420820148
26159,"Van Buren, MI",MI,42.25130635116889,-86.01894506528471
26165,"Wexford, MI",MI,44.33833428972488,-85.57843748389486
40151,"Woods, OK",OK,36.766944026913485,-98.86510187469783
42073,"Lawrence, PA",PA,40.991247153451276,-80.33422809284698
42083,"McKean, PA",PA,41.8076982766285,-78.56904734669862
48441,"Taylor, TX",TX,32.301446259066566,-99.89015137437762
48451,"Tom Green, TX",TX,31.40444974831201,-100.46214598848303
55123,"Vernon, WI",WI,43.59387226348324,-90.83441066225475
72035,"Cayey, PR",PR,18.102910219137332,-66.14952625088601
72041,"Cidra, PR",PR,18.17371315187733,-66.16093273580326
47115,"Marion, TN",TN,35.129324357939815,-85.62203781478536
47125,"Montgomery, TN",TN,36.496887930813585,-87.38281328262084
51153,"Prince William, VA",VA,38.70300344154958,-77.48085391528
46015,"Brule, SD",SD,43.718073951765085,-99.08093328868974
46035,"Davison, SD",SD,43.67472433831375,-98.14595064799349
46039,"Deuel, SD",SD,44.760043160281825,-96.66801057388479
46049,"Faulk, SD",SD,45.071014699736516,-99.14528616802093
51075,"Goochland, VA",VA,37.72174520103876,-77.91596084711195
45001,"Abbeville, SC",SC,34.222592898147326,-82.45916542547504
48045,"Briscoe, TX",TX,34.53027498991687,-101.20855262907138
72011,"Añasco, PR",PR,18.288058436870603,-67.12062772301276
72013,"Arecibo, PR",PR,18.406873631055014,-66.67523252606844
51181,"Surry, VA",VA,37.1098381927128,-76.9001995609689
29005,"Atchison, MO",MO,40.430819151771345,-95.42808898266885
29009,"Barry, MO",MO,36.70986227778333,-93.82905567183782
39159,"Union, OH",OH,40.29940583632701,-83.37157009422755
31171,"Thomas, NE",NE,41.913585268588164,-100.55579398379255
48145,"Falls, TX",TX,31.25327535225587,-96.93586081683316
36057,"Montgomery, NY",NY,42.902291807254855,-74.43971570007935
36067,"Onondaga, NY",NY,43.005813556197886,-76.19463474743596
39105,"Meigs, OH",OH,39.082226176544694,-82.02286627151693
27153,"Todd, MN",MN,46.07061358391821,-94.89759096282953
27157,"Wabasha, MN",MN,44.284293928664745,-92.23027086288216
28013,"Calhoun, MS",MS,33.93646015045118,-89.33645596770603
26023,"Branch, MI",MI,41.916137910319485,-85.05902456379133
37001,"Alamance, NC",NC,36.04373147445875,-79.3994402339366
55077,"Marquette, WI",WI,43.81955995590499,-89.39872545322577
29203,"Shannon, MO",MO,37.157361149525464,-91.40046314982574
29133,"Mississippi, MO",MO,36.82808568003029,-89.29114530483317
29149,"Oregon, MO",MO,36.68664390771475,-91.40334847076605
31031,"Cherry, NE",NE,42.544986725713045,-101.11859469191396
31035,"Clay, NE",NE,40.52443473793173,-98.05128639270409
31037,"Colfax, NE",NE,41.57401084664914,-97.0864674690928
38027,"Eddy, ND",ND,47.7175859411926,-98.90162501634349
13205,"Mitchell, GA",GA,31.22532030903023,-84.19427546982408
13315,"Wilcox, GA",GA,31.972897241156023,-83.43234537904169
16033,"Clark, ID",ID,44.2839184961641,-112.3512463932217
17043,"DuPage, IL",IL,41.85195267810277,-88.08559582772857
47101,"Lewis, TN",TN,35.52727339338812,-87.49310382617453
48385,"Real, TX",TX,29.831781429323826,-99.82219944847674
48399,"Runnels, TX",TX,31.831118294380108,-99.97619278013082
55085,"Oneida, WI",WI,45.70555558620628,-89.52180829257262
40131,"Rogers, OK",OK,36.37157301366782,-95.60435911880214
60030,"Rose Island, ",,-14.543666301353376,-168.1468300791754
60040,"Swains Island, ",,-11.054966987644839,-171.0781738981225
69120,"Tinian, ",,15.002680741122044,145.62678809896866
48093,"Comanche, TX",TX,31.947968786606808,-98.55822762157257
36019,"Clinton, NY",NY,44.746182125459335,-73.67816577810788
31051,"Dixon, NE",NE,42.4932126530821,-96.86775695385563
41025,"Harney, OR",OR,43.06409852888363,-118.96793062835451
47087,"Jackson, TN",TN,36.35920578571768,-85.67315642322966
28023,"Clarke, MS",MS,32.04138036314805,-88.68942929547545
48485,"Wichita, TX",TX,33.987936296904294,-98.70357145447281
48489,"Willacy, TX",TX,26.46964022977576,-97.66121189880664
50025,"Windham, VT",VT,42.9906105107739,-72.7137954783417
72047,"Corozal, PR",PR,18.30431894806584,-66.32790856763107
21075,"Fulton, KY",KY,36.5540420280344,-89.1873623207857
21083,"Graves, KY",KY,36.72310321811679,-88.65120022075082
26027,"Cass, MI",MI,41.91536111747416,-85.99348946327335
30067,"Park, MT",MT,45.48834444414526,-110.52666170614795
30095,"Stillwater, MT",MT,45.66903900222792,-109.39521573669795
36073,"Orleans, NY",NY,43.25207730983017,-78.2312130736263
48049,"Brown, TX",TX,31.77424858238695,-98.99978018651187
48069,"Castro, TX",TX,34.52988759071033,-102.26167045823287
13273,"Terrell, GA",GA,31.776997912353597,-84.43696997612308
45081,"Saluda, SC",SC,34.006095774084585,-81.72689929289723
46005,"Beadle, SD",SD,44.41447695838948,-98.2781179276671
46011,"Brookings, SD",SD,44.369662501913325,-96.79043334919011
29021,"Buchanan, MO",MO,39.65978627323803,-94.80588685204768
29035,"Carter, MO",MO,36.941235679773676,-90.96234244245193
26037,"Clinton, MI",MI,42.943663698144356,-84.60151722532484
26051,"Gladwin, MI",MI,43.990658093693874,-84.38827198261123
40001,"Adair, OK",OK,35.88390665676047,-94.65866371580638
40005,"Atoka, OK",OK,34.373729054340906,-96.03782429797101
40033,"Cotton, OK",OK,34.29016491497148,-98.37221530116547
08053,"Hinsdale, CO",CO,37.82128480331484,-107.30030190882668
12031,"Duval, FL",FL,30.33157316078935,-81.67084283244348
12119,"Sumter, FL",FL,28.70475599819752,-82.0809733245132
13073,"Columbia, GA",GA,33.544117005468124,-82.26403886625559
55105,"Rock, WI",WI,42.67122924137983,-89.07157742735463
55119,"Taylor, WI",WI,45.211593450821454,-90.50123901028836
41011,"Coos, OR",OR,43.174207604446046,-124.05942423990123
51079,"Greene, VA",VA,38.29760056170057,-78.46688905802075
72045,"Comerío, PR",PR,18.224745292351084,-66.22181120480705
32013,"Humboldt, NV",NV,41.40684197956766,-118.11199881835867
27095,"Mille Lacs, MN",MN,45.9380270435099,-93.63007492212225
27101,"Murray, MN",MN,44.02216246070647,-95.76327372207001
27109,"Olmsted, MN",MN,44.003759572758824,-92.40175127446389
27125,"Red Lake, MN",MN,47.871689867000114,-96.09534973773206
54049,"Marion, WV",WV,39.51000058420361,-80.2433885830313
54073,"Pleasants, WV",WV,39.370954253397386,-81.16060931567999
55067,"Langlade, WI",WI,45.262348645760994,-89.07193257529593
55073,"Marathon, WI",WI,44.89829552775884,-89.75908861088047
17137,"Morgan, IL",IL,39.715556136367766,-90.20146645851752
72089,"Luquillo, PR",PR,18.34313414210096,-65.7249082678382
72093,"Maricao, PR",PR,18.17209105511189,-66.94229774482747
72007,"Aguas Buenas, PR",PR,18.251057491866153,-66.12733719682012
42121,"Venango, PA",PA,41.400989844618394,-79.75795405265366
44001,"Bristol, RI",RI,41.71725322842418,-71.28402169448836
48107,"Crosby, TX",TX,33.614664937025324,-101.29998662831841
39099,"Mahoning, OH",OH,41.014644631548165,-80.77630521305726
39103,"Medina, OH",OH,41.117595378013256,-81.89969225571988
32009,"Esmeralda, NV",NV,37.784658444462636,-117.63231124433098
41027,"Hood River, OR",OR,45.51900469284677,-121.65103490954829
41049,"Morrow, OR",OR,45.41893917541306,-119.58436174013674
48507,"Zavala, TX",TX,28.866194824083347,-99.76054873837018
49009,"Daggett, UT",UT,40.88727380439289,-109.50763406123883
49021,"Iron, UT",UT,37.859177219462445,-113.28950850894024
56041,"Uinta, WY",WY,41.287642116451735,-110.54762783760906
51011,"Appomattox, VA",VA,37.37227966645444,-78.8125792594921
51025,"Brunswick, VA",VA,36.764776038268806,-77.85902363676232
21045,"Casey, KY",KY,37.32232537008903,-84.92832120159906
21113,"Jessamine, KY",KY,37.8720714791172,-84.58095197831827
21141,"Logan, KY",KY,36.85968525501186,-86.87891916564875
41059,"Umatilla, OR",OR,45.591919760759474,-118.73684559412537
40017,"Canadian, OK",OK,35.54244313007509,-97.9823710991119
56045,"Weston, WY",WY,43.84041009894672,-104.56765799492301
23019,"Penobscot, ME",ME,45.400631853376204,-68.6494587213623
51043,"Clarke, VA",VA,39.11230574691274,-77.99668741749223
48251,"Johnson, TX",TX,32.37901181780519,-97.36634840505086
51135,"Nottoway, VA",VA,37.143030670285974,-78.0512483576905
22095,"St. John the Baptist, LA",LA,30.126461987008742,-90.4708998377762
22125,"West Feliciana, LA",LA,30.879803942901592,-91.4200065963471
26061,"Houghton, MI",MI,46.89776972451024,-88.68741070168876
48231,"Hunt, TX",TX,33.12358391953498,-96.08547686903921
48279,"Lamb, TX",TX,34.06860858120226,-102.35171724899155
04003,"Cochise, AZ",AZ,31.879608041942266,-109.7511676614067
29081,"Harrison, MO",MO,40.35466918144411,-93.99204032585219
31023,"Butler, NE",NE,41.22607638175164,-97.13175614429237
37189,"Watauga, NC",NC,36.23109566102055,-81.69643780642518
38007,"Billings, ND",ND,47.023416512541004,-103.37636956284656
51630,"Fredericksburg, VA",VA,38.29920619482981,-77.48719130448431
42013,"Blair, PA",PA,40.480988640582176,-78.34861174131798
42117,"Tioga, PA",PA,41.772172140119544,-77.25426618766464
26065,"Ingham, MI",MI,42.59709920499779,-84.37354629324938
29167,"Polk, MO",MO,37.61649036762521,-93.40053128226404
19191,"Winneshiek, IA",IA,43.2906200220828,-91.84367475188198
29085,"Hickory, MO",MO,37.94079756168628,-93.32075053365557
40035,"Craig, OK",OK,36.76172543296175,-95.2084840822368
49027,"Millard, UT",UT,39.07327013747524,-113.10059249696397
50009,"Essex, VT",VT,44.72798413446476,-71.73623485599737
47139,"Polk, TN",TN,35.11988150734743,-84.52331997036984
47153,"Sequatchie, TN",TN,35.37115162586297,-85.41057778851707
48497,"Wise, TX",TX,33.215912987543746,-97.65447430186407
13223,"Paulding, GA",GA,33.92053350472796,-84.86729515573921
55127,"Walworth, WI",WI,42.6684910934722,-88.54193618063775
56001,"Albany, WY",WY,41.65452907937298,-105.72381581077201
56005,"Campbell, WY",WY,44.24818847891754,-105.5482082947556
21201,"Robertson, KY",KY,38.51880890414234,-84.05203189215372
20023,"Cheyenne, KS",KS,39.785868503615866,-101.73129385585244
47169,"Trousdale, TN",TN,36.392056570785854,-86.15676836262367
50019,"Orleans, VT",VT,44.82879692755184,-72.24375515578143
72005,"Aguadilla, PR",PR,18.459735976060486,-67.12076242355504
48413,"Schleicher, TX",TX,30.89742111636334,-100.53831610135353
46059,"Hand, SD",SD,44.54777520602473,-99.0049286364416
46063,"Harding, SD",SD,45.58032483221421,-103.49583612030392
46077,"Kingsbury, SD",SD,44.36959739991233,-97.49150301178807
46087,"McCook, SD",SD,43.6742994868196,-97.36844463267855
46089,"McPherson, SD",SD,45.76640478945231,-99.22140805006971
56015,"Goshen, WY",WY,42.08791523338691,-104.35331226204426
72021,"Bayamón, PR",PR,18.349591868720115,-66.16833387522733
47177,"Warren, TN",TN,35.67869888606846,-85.7785048046385
48017,"Bailey, TX",TX,34.06857770197523,-102.82987372874746
48131,"Duval, TX",TX,27.68138222745485,-98.50887121189601
48143,"Erath, TX",TX,32.23625256779481,-98.2179427921886
42011,"Berks, PA",PA,40.41630190137343,-75.92598091281272
42019,"Butler, PA",PA,40.9117258626548,-79.91298415353941
42105,"Potter, PA",PA,41.744927261306216,-77.89581311050816
42115,"Susquehanna, PA",PA,41.82137626214568,-75.80070291919532
51049,"Cumberland, VA",VA,37.51212630108904,-78.24495055222542
26017,"Bay, MI",MI,43.70800423423664,-83.99157753360016
72025,"Caguas, PR",PR,18.21191240930604,-66.05078802186603
72033,"Cataño, PR",PR,18.441527578337144,-66.13884758200763
51685,"Manassas Park, VA",VA,38.77183472009013,-77.44499004855771
48163,"Frio, TX",TX,28.86778539742788,-99.10820434128425
48165,"Gaines, TX",TX,32.740752293605134,-102.63517808385602
48179,"Gray, TX",TX,35.40120017308146,-100.81259647754982
28047,"Harrison, MS",MS,30.511846007728,-89.11592522861395
48285,"Lavaca, TX",TX,29.384340688535005,-96.93012561417049
48303,"Lubbock, TX",TX,33.6102110500296,-101.82052455961502
51540,"Charlottesville, VA",VA,38.0374916180973,-78.48551533203141
51570,"Colonial Heights, VA",VA,37.2650031394472,-77.39689492427651
51610,"Falls Church, VA",VA,38.8846827282105,-77.1751093360086
02060,"Bristol Bay, AK",AK,58.743863607996126,-156.69997745651224
02068,"Denali, AK",AK,63.67164250515982,-150.01171591832534
02188,"Northwest Arctic, AK",AK,67.05300866513772,-159.72101577479125
02230,"Skagway, AK",AK,59.56296555756638,-135.33625689690177
02275,"Wrangell, AK",AK,56.33171897362583,-132.02230502679785
30019,"Daniels, MT",MT,48.78378908644692,-105.54854167840085
39025,"Clermont, OH",OH,39.04746293779344,-84.15184923189116
39053,"Gallia, OH",OH,38.82470019227007,-82.31690824986539
39067,"Harrison, OH",OH,40.293831456920294,-81.09111611801114
31153,"Sarpy, NE",NE,41.112907954518924,-96.1119539515953
02013,"Aleutians East, AK",AK,55.36650711992817,-161.98133032549697
40093,"Major, OK",OK,36.311643587830815,-98.53595650341205
40103,"Noble, OK",OK,36.388588477157924,-97.23050671178606
40053,"Grant, OK",OK,36.79613980524573,-97.78613156087904
31081,"Hamilton, NE",NE,40.87302316716448,-98.02286284673283
31109,"Lancaster, NE",NE,40.784171818294354,-96.68775309564668
31119,"Madison, NE",NE,41.91669510908631,-97.60076428208107
01057,"Fayette, AL",AL,33.72122226409212,-87.73885770883655
01111,"Randolph, AL",AL,33.293784770971065,-85.4591287871211
05021,"Clay, AR",AR,36.36827122549728,-90.41755750692674
05023,"Cleburne, AR",AR,35.53810443735143,-92.02672750378929
05037,"Cross, AR",AR,35.295715218539506,-90.77121408620283
27071,"Koochiching, MN",MN,48.2453014152988,-93.78333507494779
19197,"Wright, IA",IA,42.73308389908403,-93.73513750390252
20013,"Brown, KS",KS,39.82648787568286,-95.56420760351777
40107,"Okfuskee, OK",OK,35.46545757683931,-96.32282582640934
31053,"Dodge, NE",NE,41.577904555650655,-96.65400619543995
31123,"Morrill, NE",NE,41.71601483918396,-103.0106143450342
21041,"Carroll, KY",KY,38.667838311862646,-85.12357379535716
39135,"Preble, OH",OH,39.741531349892526,-84.64798273797031
39119,"Muskingum, OH",OH,39.96542793370229,-81.94437635688226
05051,"Garland, AR",AR,34.57666777754009,-93.15041074296991
31095,"Jefferson, NE",NE,40.17573210524341,-97.14272179032824
29173,"Ralls, MO",MO,39.52768456988029,-91.52203095037399
72059,"Guayanilla, PR",PR,18.038646004215682,-66.79180473623887
40021,"Cherokee, OK",OK,35.90659476256775,-94.99967080541165
36079,"Putnam, NY",NY,41.42666293531684,-73.74947837022866
36097,"Schuyler, NY",NY,42.39380391052364,-76.87517162586482
29011,"Barton, MO",MO,37.50232142671962,-94.34712534377961
39127,"Perry, OH",OH,39.73711761204229,-82.23613254659283
20045,"Douglas, KS",KS,38.88466799093863,-95.29259106013194
20051,"Ellis, KS",KS,38.91473313030484,-99.31726625504808
20055,"Finney, KS",KS,38.044282109415576,-100.73699850189043
29177,"Ray, MO",MO,39.35238643970485,-93.98992327930148
28153,"Wayne, MS",MS,31.640788744687516,-88.6958152046636
28159,"Winston, MS",MS,33.08850353362135,-89.03441455818653
28161,"Yalobusha, MS",MS,34.02816003138685,-89.70768040536622
20173,"Sedgwick, KS",KS,37.68476831641511,-97.46098502204742
20177,"Shawnee, KS",KS,39.04151430752982,-95.75652929631043
20185,"Stafford, KS",KS,38.030981144120354,-98.71742593869575
29017,"Bollinger, MO",MO,37.32218379698652,-90.02592435038608
29047,"Clay, MO",MO,39.310507617791664,-94.42088561209133
20059,"Franklin, KS",KS,38.56453052754611,-95.28594746656036
39163,"Vinton, OH",OH,39.25097320514843,-82.4853428994153
29105,"Laclede, MO",MO,37.65831913440127,-92.59033977701581
29109,"Lawrence, MO",MO,37.10638555575464,-93.83295888752976
31137,"Phelps, NE",NE,40.51110579337716,-99.41454784261569
33003,"Carroll, NH",NH,43.87381081161628,-71.20309837460371
39009,"Athens, OH",OH,39.333889033136934,-82.04520600045566
19181,"Warren, IA",IA,41.33437071483429,-93.56135410821965
19185,"Wayne, IA",IA,40.73949992523778,-93.32736004849912
19187,"Webster, IA",IA,42.427944895330604,-94.18177670129235
21207,"Russell, KY",KY,36.991090642014505,-85.05865143331131
38065,"Oliver, ND",ND,47.115286065007254,-101.34038110013523
06111,"Ventura, CA",CA,34.45650805886405,-119.0836331737929
08009,"Baca, CO",CO,37.31919022603764,-102.56037464026164
08011,"Bent, CO",CO,37.955075948238985,-103.0717096507405
08017,"Cheyenne, CO",CO,38.827951871795065,-102.60350795085606
29125,"Maries, MO",MO,38.16164636722929,-91.9248578100317
31133,"Pawnee, NE",NE,40.13146338948652,-96.2370616797055
20175,"Seward, KS",KS,37.19332916172251,-100.85134443991512
22023,"Cameron, LA",LA,29.875443198703913,-93.19381789502044
22041,"Franklin, LA",LA,32.133213691650724,-91.67377187803241
22051,"Jefferson, LA",LA,29.78716780275713,-90.12738938670192
22075,"Plaquemines, LA",LA,29.440526397785156,-89.60968111554214
39171,"Williams, OH",OH,41.56031495089787,-84.58815780133989
20017,"Chase, KS",KS,38.30203656398669,-96.59394880644977
20183,"Smith, KS",KS,39.785166937239865,-98.78546972562616
20189,"Stevens, KS",KS,37.19233948988696,-101.3120589534354
20037,"Crawford, KS",KS,37.5073164766456,-94.85181559403775
20027,"Clay, KS",KS,39.34972287859645,-97.16517645779943
20031,"Coffey, KS",KS,38.23686350559412,-95.73410480030654
29223,"Wayne, MO",MO,37.11264651360519,-90.46140543169892
29510,"St. Louis, MO",MO,38.635824924297395,-90.24511587000478
21021,"Boyle, KY",KY,37.62438277360131,-84.86684215389371
36107,"Tioga, NY",NY,42.17033554575083,-76.30634884952822
20159,"Rice, KS",KS,38.34717595133614,-98.20098736684695
20169,"Saline, KS",KS,38.78381121414141,-97.64995458753265
21137,"Lincoln, KY",KY,37.45536764965256,-84.66084396512277
39147,"Seneca, OH",OH,41.12387677884211,-83.12768971964786
39153,"Summit, OH",OH,41.12597540557692,-81.53216637829601
40037,"Creek, OK",OK,35.902681230547955,-96.37095051203045
34037,"Sussex, NJ",NJ,41.139250633718476,-74.69089801939094
32023,"Nye, NV",NV,38.0422474054656,-116.47191346910246
32510,"Carson City, NV",NV,39.15114750489134,-119.74741903538444
40039,"Custer, OK",OK,35.63888325525805,-99.00149221821445
40043,"Dewey, OK",OK,35.98768312731876,-99.00790940786514
39131,"Pike, OH",OH,39.07731946336059,-83.06676553788722
29077,"Greene, MO",MO,37.258048124399124,-93.34199961735482
28115,"Pontotoc, MS",MS,34.225439512622586,-89.03739575818105
28129,"Smith, MS",MS,32.01768184935642,-89.5066801422732
31177,"Washington, NE",NE,41.53106394858523,-96.22200507171702
20125,"Montgomery, KS",KS,37.19252118956855,-95.74287901003302
20209,"Wyandotte, KS",KS,39.11461543591877,-94.76455164790417
21001,"Adair, KY",KY,37.104170059474406,-85.28062000478373
21077,"Gallatin, KY",KY,38.7568706772705,-84.85932836826456
23021,"Piscataquis, ME",ME,45.83734230475157,-69.28459370250074
24009,"Calvert, MD",MD,38.54336128225929,-76.56867913014331
06103,"Tehama, CA",CA,40.12562627265812,-122.2340586020686
40009,"Beckham, OK",OK,35.26872726378447,-99.68190502013334
40019,"Carter, OK",OK,34.25084329634758,-97.28580138806144
72017,"Barceloneta, PR",PR,18.445711245657513,-66.56041725949676
31041,"Custer, NE",NE,41.3942786171931,-99.72615089265051
38089,"Stark, ND",ND,46.81068349263385,-102.65511912517584
26131,"Ontonagon, MI",MI,46.66445524465624,-89.31487563468453
38061,"Mountrail, ND",ND,48.201327461838844,-102.35566358996012
29001,"Adair, MO",MO,40.19057911377885,-92.60071921072921
51790,"Staunton, VA",VA,38.15929241527403,-79.06113614773854
72065,"Hatillo, PR",PR,18.410688247233214,-66.79647242781218
40069,"Johnston, OK",OK,34.316476808330684,-96.66066894263734
46097,"Miner, SD",SD,44.02195241363735,-97.61019616770017
21171,"Monroe, KY",KY,36.71215466671931,-85.71648016856874
26075,"Jackson, MI",MI,42.248488672943814,-84.42342720822928
26079,"Kalkaska, MI",MI,44.68466839733204,-85.0902082336636
26095,"Luce, MI",MI,46.47066021814358,-85.54436929078766
26133,"Osceola, MI",MI,43.98980712486284,-85.32528706161058
26143,"Roscommon, MI",MI,44.33556783519355,-84.61156802895987
39007,"Ashtabula, OH",OH,41.707548453994775,-80.74829077022193
36121,"Wyoming, NY",NY,42.70236927167453,-78.22445826963597
37121,"Mitchell, NC",NC,36.013296869321834,-82.16363888311899
37141,"Pender, NC",NC,34.52481543223719,-77.90509380950775
39073,"Hocking, OH",OH,39.49705463897372,-82.47925426949514
39077,"Huron, OH",OH,41.14615231795126,-82.59840614912929
46099,"Minnehaha, SD",SD,43.67415647865305,-96.79147194499704
54015,"Clay, WV",WV,38.46252309580102,-81.07507420084185
26119,"Montmorency, MI",MI,45.02761100196071,-84.12722099612124
21103,"Henry, KY",KY,38.44846710198814,-85.11891597272233
36033,"Franklin, NY",NY,44.59286069917278,-74.30383467142154
36051,"Livingston, NY",NY,42.7280629366333,-77.77549402183548
31055,"Douglas, NE",NE,41.29534195940786,-96.15428468773783
40047,"Garfield, OK",OK,36.379057467840674,-97.78272301604711
13047,"Catoosa, GA",GA,34.90362889994557,-85.1382495470056
20131,"Nemaha, KS",KS,39.78341152357889,-96.01408047999719
20141,"Osborne, KS",KS,39.35033034228786,-98.76794728456049
31047,"Dawson, NE",NE,40.86994882065427,-99.81957621607552
47039,"Decatur, TN",TN,35.603048094796534,-88.10879294007117
55025,"Dane, WI",WI,43.06730936877487,-89.41814358782743
39129,"Pickaway, OH",OH,39.64192236737532,-83.02437853295316
39019,"Carroll, OH",OH,40.57957743490841,-81.08971649397554
35003,"Catron, NM",NM,33.915276134970675,-108.4046109984945
35021,"Harding, NM",NM,35.85791979250809,-103.82026979175099
35037,"Quay, NM",NM,35.10430372802943,-103.54975690302386
20193,"Thomas, KS",KS,39.3509175524102,-101.05556039582862
21013,"Bell, KY",KY,36.73064599952872,-83.67408276436716
39097,"Madison, OH",OH,39.89401713354383,-83.40020223887171
28067,"Jones, MS",MS,31.622551494361524,-89.16881293058076
21173,"Montgomery, KY",KY,38.03351826258937,-83.91314317332642
29119,"McDonald, MO",MO,36.62868997431585,-94.34833814916045
31161,"Sheridan, NE",NE,42.50475031369803,-102.40891935271014
55039,"Fond du Lac, WI",WI,43.753584047845536,-88.48825558185527
55059,"Kenosha, WI",WI,42.576923888635875,-88.04236244075345
39151,"Stark, OH",OH,40.81388291130038,-81.36562802531468
72019,"Barranquitas, PR",PR,18.20172077333192,-66.30984151927184
40031,"Comanche, OK",OK,34.662098846961136,-98.47166167173154
28071,"Lafayette, MS",MS,34.35674500623739,-89.48490771621074
28085,"Lincoln, MS",MS,31.532392443082912,-90.45400798205982
39083,"Knox, OH",OH,40.39875978713685,-82.42151396972031
39091,"Logan, OH",OH,40.38846052936831,-83.76584791416757
29061,"Daviess, MO",MO,39.96076035341057,-93.98549167944815
29067,"Douglas, MO",MO,36.93259192112929,-92.49878601211459
40121,"Pittsburg, OK",OK,34.923933787912944,-95.74836557417487
40127,"Pushmataha, OK",OK,34.416215453287194,-95.37579821345193
46125,"Turner, SD",SD,43.31089407750368,-97.14867176736247
21199,"Pulaski, KY",KY,37.10386539051191,-84.57725002048795
26149,"St. Joseph, MI",MI,41.91444552158226,-85.52776352695598
39157,"Tuscarawas, OH",OH,40.440939801521324,-81.47375604997251
26153,"Schoolcraft, MI",MI,46.1965566589158,-86.19965630732088
26155,"Shiawassee, MI",MI,42.953736532764275,-84.1467275193921
27081,"Lincoln, MN",MN,44.412607899146636,-96.26711246697909
39117,"Morrow, OH",OH,40.524085762147514,-82.79407836017212
27033,"Cottonwood, MN",MN,44.00712525823347,-95.18119514634762
27043,"Faribault, MN",MN,43.67391956289546,-93.94792869202055
39143,"Sandusky, OH",OH,41.3563111991715,-83.14618504069607
46107,"Potter, SD",SD,45.06451379204941,-99.95722927109627
48365,"Panola, TX",TX,32.16235498862078,-94.30558827792213
53013,"Columbia, WA",WA,46.29752640636587,-117.90777481962736
39165,"Warren, OH",OH,39.427565208572744,-84.16676242022776
39133,"Portage, OH",OH,41.16767272616451,-81.19740127515253
39013,"Belmont, OH",OH,40.01583732316737,-80.98846128518684
31065,"Furnas, NE",NE,40.17644373250202,-99.91230950063614
31071,"Garfield, NE",NE,41.914356213479245,-98.99140271554687
31089,"Holt, NE",NE,42.455711530280304,-98.78383057921613
39107,"Mercer, OH",OH,40.53994712156752,-84.6293724310173
39121,"Noble, OH",OH,39.76596276565272,-81.45554731110411
21227,"Warren, KY",KY,36.99357344980514,-86.42380702736388
53029,"Island, WA",WA,48.16300542635376,-122.5480709846352
53035,"Kitsap, WA",WA,47.61316507430305,-122.67172296943039
53041,"Lewis, WA",WA,46.57777294068943,-122.39268292835771
51830,"Williamsburg, VA",VA,37.26924469791776,-76.70761651287368
55015,"Calumet, WI",WI,44.08160413634329,-88.21805754556262
55021,"Columbia, WI",WI,43.4666355066907,-89.33373880855484
39017,"Butler, OH",OH,39.43862634614609,-84.57557157918107
35047,"San Miguel, NM",NM,35.48044091832855,-104.8158345792793
35057,"Torrance, NM",NM,34.640465084308644,-105.85081839526921
33013,"Merrimack, NH",NH,43.29746511957454,-71.68023961553038
39155,"Trumbull, OH",OH,41.31718777959785,-80.76113751672618
28133,"Sunflower, MS",MS,33.60227012044783,-90.58863552310798
22003,"Allen, LA",LA,30.652918535913077,-92.82791859549394
22021,"Caldwell, LA",LA,32.092309888809716,-92.1165589241765
18059,"Hancock, IN",IN,39.823552463290774,-85.77325851837486
20021,"Cherokee, KS",KS,37.1693243930692,-94.84628641875643
27141,"Sherburne, MN",MN,45.44394260160723,-93.77458964740688
27147,"Steele, MN",MN,44.02234102076885,-93.22604753262173
27151,"Swift, MN",MN,45.282686582171756,-95.68144096137354
35061,"Valencia, NM",NM,34.71545947652917,-106.80903378468365
21213,"Simpson, KY",KY,36.74195035731288,-86.58224359116493
13235,"Pulaski, GA",GA,32.23229646334694,-83.475964465911
13249,"Schley, GA",GA,32.261662557368844,-84.31475698370534
20147,"Phillips, KS",KS,39.784563741520785,-99.34700885900854
20151,"Pratt, KS",KS,37.647731780450094,-98.73962276229315
20153,"Rawlins, KS",KS,39.78518765694615,-101.07585048736065
17019,"Champaign, IL",IL,40.14009650770477,-88.19916000746896
47131,"Obion, TN",TN,36.35821090137484,-89.14878276255871
13065,"Clinch, GA",GA,30.91499529746785,-82.7062571569877
13161,"Jeff Davis, GA",GA,31.80559288631852,-82.63683938670643
21111,"Jefferson, KY",KY,38.18717511464852,-85.65913786045657
19171,"Tama, IA",IA,42.0798104703543,-92.53255420033248
12099,"Palm Beach, FL",FL,26.647595844261048,-80.46551002338627
12067,"Lafayette, FL",FL,29.985501634215126,-83.18109169194011
22121,"West Baton Rouge, LA",LA,30.463412839940005,-91.31273518245305
01053,"Escambia, AL",AL,31.126134749153067,-87.16158196121191
01067,"Henry, AL",AL,31.514705303567382,-85.24141340693765
21129,"Lee, KY",KY,37.594802494499845,-83.71619576935275
19077,"Guthrie, IA",IA,41.683746110470366,-94.50106211564245
19081,"Hancock, IA",IA,43.081901667068536,-93.73427031835381
19089,"Howard, IA",IA,43.35675952948708,-92.31720101184602
13011,"Banks, GA",GA,34.354150509758256,-83.49737690472382
27131,"Rice, MN",MN,44.354257023938644,-93.29668219162865
27135,"Roseau, MN",MN,48.77511409024004,-95.81083395507694
42079,"Luzerne, PA",PA,41.17702013452594,-75.98901410146367
45011,"Barnwell, SC",SC,33.26605044877542,-81.43500077975331
47181,"Wayne, TN",TN,35.239911297335354,-87.788050113708
48009,"Archer, TX",TX,33.61526366805888,-98.68766806491881
50003,"Bennington, VT",VT,43.035427938398506,-73.09296955605637
19167,"Sioux, IA",IA,43.082632098618554,-96.17785130694504
72111,"Peñuelas, PR",PR,18.06068957996995,-66.72141691804737
13207,"Monroe, GA",GA,33.013924150194065,-83.91865754889993
18173,"Warrick, IN",IN,38.09217364959559,-87.27208736549615
17179,"Tazewell, IL",IL,40.50752986084522,-89.51341811337454
72127,"San Juan, PR",PR,18.39073998593693,-66.06329654567035
13057,"Cherokee, GA",GA,34.24394989575188,-84.47619174967369
17057,"Fulton, IL",IL,40.47278780200852,-90.20746962998112
13085,"Dawson, GA",GA,34.44429664766713,-84.17062681094588
08115,"Sedgwick, CO",CO,40.87591672040057,-102.3518248298754
13225,"Peach, GA",GA,32.56875549820775,-83.82689022730187
05089,"Marion, AR",AR,36.26838614303282,-92.68422482746918
19173,"Taylor, IA",IA,40.73739708798839,-94.69642274171763
48417,"Shackelford, TX",TX,32.735948553995165,-99.35404645860595
48421,"Sherman, TX",TX,36.27772008689123,-101.89343611766377
48431,"Sterling, TX",TX,31.827831931877853,-101.05002356819983
48435,"Sutton, TX",TX,30.49836827603731,-100.53818159300904
42047,"Elk, PA",PA,41.425238176934805,-78.64914533777447
13253,"Seminole, GA",GA,30.938785658060535,-84.86883880876836
13277,"Tift, GA",GA,31.45742933036171,-83.52660087699132
48369,"Parmer, TX",TX,34.530073513084,-102.78447356965638
48381,"Randall, TX",TX,34.96587579283912,-101.8970485179425
17041,"Douglas, IL",IL,39.76945694039876,-88.21737066595287
72143,"Vega Alta, PR",PR,18.409478824821328,-66.33721009726888
05113,"Polk, AR",AR,34.48591350460088,-94.22809399775852
26125,"Oakland, MI",MI,42.66039550918399,-83.38580995060579
72099,"Moca, PR",PR,18.37796133333524,-67.08076651582746
21169,"Metcalfe, KY",KY,36.990531017519665,-85.62922747620968
48487,"Wilbarger, TX",TX,34.08077322928668,-99.2409926919791
48493,"Wilson, TX",TX,29.174000189614897,-98.08655364284913
42075,"Lebanon, PA",PA,40.367226432194215,-76.45771024689256
24510,"Baltimore, MD",MD,39.30507926509914,-76.61444153574693
25019,"Nantucket, MA",MA,41.28313945692874,-70.06919709003752
36095,"Schoharie, NY",NY,42.58821665768087,-74.44211424005411
19095,"Iowa, IA",IA,41.68632088464681,-92.06549578347915
19099,"Jasper, IA",IA,41.68602915610143,-93.05375425148847
13015,"Bartow, GA",GA,34.23786492659281,-84.84049136346613
47075,"Haywood, TN",TN,35.58323049078022,-89.28381363160368
17051,"Fayette, IL",IL,39.000183122620584,-89.02413055392712
05055,"Greene, AR",AR,36.117569212078195,-90.5589635978154
08014,"Broomfield, CO",CO,39.95410591821098,-105.0527105743175
05065,"Izard, AR",AR,36.09487010035818,-91.91340553189517
05071,"Johnson, AR",AR,35.570064703742396,-93.45989301357979
19101,"Jefferson, IA",IA,41.031769302955674,-91.94888870234652
19105,"Jones, IA",IA,42.121228096396514,-91.13146147583886
19109,"Kossuth, IA",IA,43.20419580509119,-94.20671661025328
12019,"Clay, FL",FL,29.983063357912926,-81.85787749603033
12049,"Hardee, FL",FL,27.492702486754368,-81.80998297571232
19057,"Des Moines, IA",IA,40.923177863852324,-91.18147573534729
20061,"Geary, KS",KS,39.00241626170008,-96.7525303867292
72131,"San Sebastián, PR",PR,18.328728456073186,-66.9712453404025
72133,"Santa Isabel, PR",PR,17.994297833498695,-66.38856868225942
42123,"Warren, PA",PA,41.81450929709293,-79.27412917159944
13095,"Dougherty, GA",GA,31.533464176261255,-84.2163863940889
72149,"Villalba, PR",PR,18.12815486503169,-66.47281630181502
27083,"Lyon, MN",MN,44.4135325892279,-95.83901225768699
19161,"Sac, IA",IA,42.38623878809418,-95.10535234292168
13049,"Charlton, GA",GA,30.78172966832286,-82.13793183909222
42119,"Union, PA",PA,40.963002077523825,-77.06222760899031
13177,"Lee, GA",GA,31.779554183196876,-84.14116010178074
36099,"Seneca, NY",NY,42.781053529657555,-76.8237825889805
33001,"Belknap, NH",NH,43.517904633485536,-71.42266290893873
08099,"Prowers, CO",CO,37.95519536784376,-102.39335974662974
45037,"Edgefield, SC",SC,33.77223475055397,-81.96643733091604
29055,"Crawford, MO",MO,37.97635703876479,-91.30394012491793
26001,"Alcona, MI",MI,44.68540488852818,-83.59372645411457
13167,"Johnson, GA",GA,32.70146071522266,-82.66007950762193
27093,"Meeker, MN",MN,45.12310433814308,-94.52732169456738
27099,"Mower, MN",MN,43.671431400130714,-92.752529267718
21145,"McCracken, KY",KY,37.053957433246524,-88.71265236936875
26039,"Crawford, MI",MI,44.68366237271217,-84.61029577233404
26045,"Eaton, MI",MI,42.59607598642911,-84.83830305457961
08041,"El Paso, CO",CO,38.832103441396725,-104.52546027890772
72101,"Morovis, PR",PR,18.3170723987453,-66.4203106599897
72105,"Naranjito, PR",PR,18.288429406740995,-66.25255018399922
19137,"Montgomery, IA",IA,41.03014709515859,-95.15635725819115
13043,"Candler, GA",GA,32.403441866832,-82.07366026690293
18069,"Huntington, IN",IN,40.82921962480348,-85.48813053437355
18073,"Jasper, IN",IN,41.02298757177246,-87.1161183401252
37087,"Haywood, NC",NC,35.55604229760749,-82.98219390643519
37155,"Robeson, NC",NC,34.640213972555884,-79.10392204505942
38105,"Williams, ND",ND,48.34368819344891,-103.48023032651103
48139,"Ellis, TX",TX,32.3484257381068,-96.79450537060785
48403,"Sabine, TX",TX,31.343226990590274,-93.85171824845187
48481,"Wharton, TX",TX,29.277881753907153,-96.22209611996358
41001,"Baker, OR",OR,44.709152741581285,-117.67530423840081
41045,"Malheur, OR",OR,43.19341407759237,-117.62314996687249
42063,"Indiana, PA",PA,40.65207101900467,-79.08754514430903
45053,"Jasper, SC",SC,32.4367196772365,-81.0315128929417
18029,"Dearborn, IN",IN,39.14517193438369,-84.97324273786923
18131,"Pulaski, IN",IN,41.04185367747528,-86.69879738685349
18139,"Rush, IN",IN,39.61996981088351,-85.46576014729358
08047,"Gilpin, CO",CO,39.85756210255269,-105.5225160966723
08089,"Otero, CO",CO,37.90256806350273,-103.71651192152439
19047,"Crawford, IA",IA,42.03720374512621,-95.38198703127549
72135,"Toa Alta, PR",PR,18.362533586251068,-66.24642023539964
40061,"Haskell, OK",OK,35.224846423541294,-95.11657785943844
29137,"Monroe, MO",MO,39.495449970029604,-92.00073161534932
31169,"Thayer, NE",NE,40.176239664898276,-97.5949502303654
47161,"Stewart, TN",TN,36.501157682799935,-87.83844699293859
17023,"Clark, IL",IL,39.33359041234609,-87.78771905509868
19043,"Clayton, IA",IA,42.84472016820608,-91.34142922750321
19053,"Decatur, IA",IA,40.73769890818721,-93.78628400558628
20171,"Scott, KS",KS,38.48217370162669,-100.90685975717477
19133,"Monona, IA",IA,42.05164262980906,-95.95990054023733
26019,"Benzie, MI",MI,44.63872337331235,-86.01553792284145
26035,"Clare, MI",MI,43.987899085720265,-84.84786304982485
20071,"Greeley, KS",KS,38.48056391021059,-101.80604412409004
20123,"Mitchell, KS",KS,39.39326642151083,-98.2093697891757
42065,"Jefferson, PA",PA,41.12815865141692,-78.99943526664605
44003,"Kent, RI",RI,41.672180981458794,-71.59307644720491
17061,"Greene, IL",IL,39.35621702657206,-90.39046153076008
18105,"Monroe, IN",IN,39.160910272184005,-86.52312652398106
18117,"Orange, IN",IN,38.541790572218964,-86.49506132380635
18137,"Ripley, IN",IN,39.10347556529025,-85.26236518015438
05083,"Logan, AR",AR,35.21527067849378,-93.71634187499376
40081,"Lincoln, OK",OK,35.70296410716972,-96.88091808877994
19071,"Fremont, IA",IA,40.74556962436599,-95.60467613777904
19023,"Butler, IA",IA,42.73156850708488,-92.79018091855623
19029,"Cass, IA",IA,41.3314998205152,-94.92783802566971
08103,"Rio Blanco, CO",CO,39.979851278003515,-108.21705233028338
08109,"Saguache, CO",CO,38.080526607508375,-106.28150636095563
05031,"Craighead, AR",AR,35.830780591727,-90.63283975822226
26009,"Antrim, MI",MI,44.99907784913144,-85.140234769739
27117,"Pipestone, MN",MN,44.02300875506153,-96.25864867862384
27121,"Pope, MN",MN,45.58600155464226,-95.44450259659061
27041,"Douglas, MN",MN,45.93372358444517,-95.4535282765788
19115,"Louisa, IA",IA,41.2185207852796,-91.25960821528541
19125,"Marion, IA",IA,41.334443711421166,-93.09944584583944
13187,"Lumpkin, GA",GA,34.57218743697272,-84.00267573416866
17009,"Brown, IL",IL,39.961810519701096,-90.75041255823078
08119,"Teller, CO",CO,38.88215682972448,-105.16177889481384
12001,"Alachua, FL",FL,29.67474971890421,-82.3577136804271
09015,"Windham, CT",CT,41.830019602874,-71.9874389810461
12027,"DeSoto, FL",FL,27.18636318151619,-81.8095044842232
05123,"St. Francis, AR",AR,35.022009561830515,-90.7477657706903
26011,"Arenac, MI",MI,44.064654870677025,-83.89403739327553
18043,"Floyd, IN",IN,38.31893113704578,-85.90681259382414
21215,"Spencer, KY",KY,38.03252017215665,-85.32782653951506
21221,"Trigg, KY",KY,36.806358675810195,-87.87335278270689
22059,"LaSalle, LA",LA,31.67670103818386,-92.16040874819426
22073,"Ouachita, LA",LA,32.47832375111299,-92.15486594315173
22083,"Richland, LA",LA,32.41780311074509,-91.76347507020307
22087,"St. Bernard, LA",LA,29.869255429409183,-89.55515320212253
40071,"Kay, OK",OK,36.818001973803625,-97.14395854714263
09003,"Hartford, CT",CT,41.806405916901966,-72.73287268847098
05141,"Van Buren, AR",AR,35.58064470282818,-92.5156838021102
26117,"Montcalm, MI",MI,43.31095166468894,-85.15250861051292
26121,"Muskegon, MI",MI,43.29124704963481,-86.15204777272146
49055,"Wayne, UT",UT,38.32435306220181,-110.90389139611787
42081,"Lycoming, PA",PA,41.34340180097511,-77.06453110314436
19061,"Dubuque, IA",IA,42.46882113653326,-90.8824568896214
19067,"Floyd, IA",IA,43.0599326464129,-92.78900648463858
19139,"Muscatine, IA",IA,41.48392136061979,-91.11270702657453
19143,"Osceola, IA",IA,43.3785791193673,-95.6236673233205
19153,"Polk, IA",IA,41.68549910117088,-93.57353195940055
19157,"Poweshiek, IA",IA,41.68644275248716,-92.53145279349349
26101,"Manistee, MI",MI,44.33300255602308,-86.0568243949005
19005,"Allamakee, IA",IA,43.28428239914959,-91.37805332569299
19013,"Black Hawk, IA",IA,42.47009068616707,-92.30882457369528
19019,"Buchanan, IA",IA,42.47080624808688,-91.83784662943094
20139,"Osage, KS",KS,38.65232090688269,-95.72690732142189
42069,"Lackawanna, PA",PA,41.43681893908071,-75.60920994270485
72087,"Loíza, PR",PR,18.426334703952197,-65.89950760317792
40115,"Ottawa, OK",OK,36.8355213912016,-94.8104468738977
27045,"Fillmore, MN",MN,43.673952632397224,-92.09016616988127
27123,"Ramsey, MN",MN,45.01705736959585,-93.09961131614628
13099,"Early, GA",GA,31.322828065272226,-84.9036560198351
16053,"Jerome, ID",ID,42.689875957030544,-114.26392555344333
54061,"Monongalia, WV",WV,39.63032134864522,-80.04655650681404
42007,"Beaver, PA",PA,40.68227517665194,-80.34928222050561
48353,"Nolan, TX",TX,32.30352362644345,-100.40598751691707
48357,"Ochiltree, TX",TX,36.27835758192422,-100.81566890983176
48367,"Parker, TX",TX,32.77765373546141,-97.80506519107288
54069,"Ohio, WV",WV,40.09694844943342,-80.61891678345727
28037,"Franklin, MS",MS,31.477164581737103,-90.89790392722857
28041,"Greene, MS",MS,31.214228258267468,-88.63917309312178
48221,"Hood, TX",TX,32.42995058545909,-97.83230555578655
48227,"Howard, TX",TX,32.30616438493046,-101.4355854896437
38087,"Slope, ND",ND,46.44722141834416,-103.45986397721309
13089,"DeKalb, GA",GA,33.7715360255193,-84.22642599367776
12061,"Indian River, FL",FL,27.694311706398107,-80.60624480956191
72153,"Yauco, PR",PR,18.07972783688101,-66.85827635834862
13285,"Troup, GA",GA,33.033539628253294,-85.02836514828462
17085,"Jo Daviess, IL",IL,42.36575464799677,-90.21249871694927
17089,"Kane, IL",IL,41.93884402524312,-88.42863910352412
45039,"Fairfield, SC",SC,34.39509797142269,-81.12123134751363
13115,"Floyd, GA",GA,34.26318326372692,-85.21425982603338
42021,"Cambria, PA",PA,40.49527137991031,-78.71371930847936
18141,"St. Joseph, IN",IN,41.61665473590719,-86.28985054577107
18149,"Starke, IN",IN,41.280937413569475,-86.64762763359609
13125,"Glascock, GA",GA,33.22928288536465,-82.61070062299642
13255,"Spalding, GA",GA,33.260886846415865,-84.28409469167887
13259,"Stewart, GA",GA,32.07848971206861,-84.8352170484292
08081,"Moffat, CO",CO,40.61839473056184,-108.2074433763401
72057,"Guayama, PR",PR,18.003824013498026,-66.13758094214899
27001,"Aitkin, MN",MN,46.60822844382264,-93.41542609209836
42037,"Columbia, PA",PA,41.04870055765324,-76.40519317368921
17069,"Hardin, IL",IL,37.518215683761284,-88.26687347185381
17151,"Pope, IL",IL,37.412694362495394,-88.5615235650068
26077,"Kalamazoo, MI",MI,42.24546050037149,-85.53118545999637
42107,"Schuylkill, PA",PA,40.70581318559382,-76.21598941937378
17071,"Henderson, IL",IL,40.81803657704125,-90.9251032856442
72079,"Lajas, PR",PR,18.011485164749978,-67.04060989388032
72081,"Lares, PR",PR,18.268666170198035,-66.86678151204424
30037,"Golden Valley, MT",MT,46.38122291684518,-109.17515362846488
30051,"Liberty, MT",MT,48.56171647196179,-111.02457123048896
27005,"Becker, MN",MN,46.93464855483318,-95.67396492580446
38023,"Divide, ND",ND,48.81491654039503,-103.48724551431029
72103,"Naguabo, PR",PR,18.230362670030832,-65.75360829157356
51173,"Smyth, VA",VA,36.84375252133027,-81.53697384371243
01077,"Lauderdale, AL",AL,34.90140732669629,-87.6540096469209
01083,"Limestone, AL",AL,34.81010128499645,-86.98140593250632
13067,"Cobb, GA",GA,33.941481403689004,-84.57669231618759
13081,"Crisp, GA",GA,31.922911533424397,-83.76805458478232
37097,"Iredell, NC",NC,35.8070269304132,-80.87344028078195
37169,"Stokes, NC",NC,36.40189240318627,-80.23949993333032
51510,"Alexandria, VA",VA,38.81849825779436,-77.0861154650782
51013,"Arlington, VA",VA,38.878568462191154,-77.1010687635397
13165,"Jenkins, GA",GA,32.7924472715822,-81.9635495362388
26073,"Isabella, MI",MI,43.640611897245165,-84.84678502552093
18005,"Bartholomew, IN",IN,39.205951283498024,-85.89759073009328
18015,"Carroll, IN",IN,40.582847207631175,-86.56349721619391
72137,"Toa Baja, PR",PR,18.432344724972722,-66.21206604400966
16071,"Oneida, ID",ID,42.1949744051421,-112.53936630028448
17167,"Sangamon, IL",IL,39.75816618198051,-89.65887689980788
18163,"Vanderburgh, IN",IN,38.02496059839477,-87.58581620626455
18165,"Vermillion, IN",IN,39.853826991064,-87.46398211720657
18169,"Wabash, IN",IN,40.84564369759897,-85.79399878786931
54055,"Mercer, WV",WV,37.405511980238046,-81.11143791110499
13299,"Ware, GA",GA,31.053788550656524,-82.42371808286023
26093,"Livingston, MI",MI,42.602919570765806,-83.91152697469397
17203,"Woodford, IL",IL,40.78821820261186,-89.21112229265579
08085,"Montrose, CO",CO,38.40218300038856,-108.26933795513878
12021,"Collier, FL",FL,26.110715650069544,-81.34757344148187
12051,"Hendry, FL",FL,26.553483325686326,-81.1658511122754
17147,"Piatt, IL",IL,40.010340074684684,-88.5911064338601
48097,"Cooke, TX",TX,33.639260141817395,-97.212587288295
48113,"Dallas, TX",TX,32.76663247587953,-96.77787632474113
13307,"Webster, GA",GA,32.04664019353119,-84.55104518308963
17141,"Ogle, IL",IL,42.04264690306141,-89.32064357576418
17157,"Randolph, IL",IL,38.05210441375564,-89.82521230827662
47109,"McNairy, TN",TN,35.17550900542128,-88.5636057253314
47113,"Madison, TN",TN,35.608144966170585,-88.83845899806906
48445,"Terry, TX",TX,33.17380585776823,-102.33516157016737
48483,"Wheeler, TX",TX,35.40121290215182,-100.26976888356995
53039,"Klickitat, WA",WA,45.87379703803709,-120.78912078101575
54035,"Jackson, WV",WV,38.83448426304082,-81.67480250322768
48127,"Dimmit, TX",TX,28.42257684154474,-99.75663959570657
27133,"Rock, MN",MN,43.674690493157044,-96.25320593526675
54101,"Webster, WV",WV,38.494702032677075,-80.42186956133528
55005,"Barron, WI",WI,45.42368241495916,-91.84830960594763
17165,"Saline, IL",IL,37.753172451338926,-88.54075228495117
72121,"Sabana Grande, PR",PR,18.08362398646067,-66.94332840737228
18001,"Adams, IN",IN,40.74565523116364,-84.9366159790589
01125,"Tuscaloosa, AL",AL,33.289569418404746,-87.52510914909692
04017,"Navajo, AZ",AZ,35.39965744024454,-110.32140142426282
56019,"Johnson, WY",WY,44.03879908634799,-106.58467318800125
72001,"Adjuntas, PR",PR,18.179733922311,-66.75395892065985
55089,"Ozaukee, WI",WI,43.38403072871215,-87.95090547952354
39001,"Adams, OH",OH,38.84561727437204,-83.47203221555965
28091,"Marion, MS",MS,31.230852904675626,-89.82243547561559
51045,"Craig, VA",VA,37.48168173977958,-80.21142470538453
51580,"Covington, VA",VA,37.77854360052812,-79.98678202622636
51600,"Fairfax, VA",VA,38.853085509480835,-77.29973008460514
17081,"Jefferson, IL",IL,38.300513951833544,-88.92401752212261
13035,"Butts, GA",GA,33.287881117452336,-83.95718512837009
27019,"Carver, MN",MN,44.820790182534964,-93.80259867025539
27029,"Clearwater, MN",MN,47.57754185411863,-95.37902555667907
39169,"Wayne, OH",OH,40.82887855167622,-81.88803484102897
42001,"Adams, PA",PA,39.87149160872548,-77.21787532047617
28095,"Monroe, MS",MS,33.89226657808501,-88.48048216487257
47133,"Overton, TN",TN,36.34498192530949,-85.28808424753616
49041,"Sevier, UT",UT,38.74777491131301,-111.80446617291005
26043,"Dickinson, MI",MI,46.00914879465492,-87.87024586054838
26057,"Gratiot, MI",MI,43.292734878758104,-84.60492495633049
26067,"Ionia, MI",MI,42.94509622175848,-85.07460483933049
36069,"Ontario, NY",NY,42.852848290361386,-77.29982004123828
28105,"Oktibbeha, MS",MS,33.424956793956234,-88.87933352922043
31039,"Cuming, NE",NE,41.916398531739034,-96.78738587984375
13193,"Macon, GA",GA,32.35838315247804,-84.04249465304632
16001,"Ada, ID",ID,43.4510924135356,-116.24116086940259
26087,"Lapeer, MI",MI,43.090146491516535,-83.22178479226353
26091,"Lenawee, MI",MI,41.89512250276229,-84.06638650712036
21127,"Lawrence, KY",KY,38.06787567071403,-82.73475457983888
13293,"Upson, GA",GA,32.881274804687706,-84.29934917654778
17133,"Monroe, IL",IL,38.2784583841484,-90.17728332848364
47043,"Dickson, TN",TN,36.14903545779285,-87.35666316629822
54097,"Upshur, WV",WV,38.897844461359,-80.23344085794245
45023,"Chester, SC",SC,34.69203870494841,-81.15952738543508
50007,"Chittenden, VT",VT,44.46100167072978,-73.08091305868041
31113,"Logan, NE",NE,41.56650349884408,-100.48284317543795
42009,"Bedford, PA",PA,40.00654659512475,-78.49029673340766
18079,"Jennings, IN",IN,38.996923297558006,-85.62803435540019
17181,"Union, IL",IL,37.471232788925136,-89.25511205433808
17191,"Wayne, IL",IL,38.429576551373906,-88.42556023715997
17195,"Whiteside, IL",IL,41.75627873396718,-89.91409401353253
42053,"Forest, PA",PA,41.51299393477959,-79.23602158397891
48149,"Fayette, TX",TX,29.876774341469666,-96.91977792772117
48155,"Foard, TX",TX,33.97458655227893,-99.7780036386282
48183,"Gregg, TX",TX,32.48046859089315,-94.81695462319342
50011,"Franklin, VT",VT,44.85749429076907,-72.9120054477601
26005,"Allegan, MI",MI,42.59127317715206,-85.88843866323575
18093,"Lawrence, IN",IN,38.84116042551731,-86.48345736328001
05047,"Franklin, AR",AR,35.5123205449671,-93.89063726266791
13055,"Chattooga, GA",GA,34.47500026331241,-85.34534078306989
05137,"Stone, AR",AR,35.859880281189255,-92.15670323495661
08061,"Kiowa, CO",CO,38.4326686727227,-102.7402902792028
08075,"Logan, CO",CO,40.724672780416576,-103.11012442888726
48189,"Hale, TX",TX,34.070505359665795,-101.82688484645759
72051,"Dorado, PR",PR,18.436972573270594,-66.27847487969011
40007,"Beaver, OK",OK,36.74964768354286,-100.47678995689016
13321,"Worth, GA",GA,31.551499844320897,-83.85089246342618
17109,"McDonough, IL",IL,40.45619404065306,-90.67791394623414
17113,"McLean, IL",IL,40.49087526607274,-88.84732725314582
26025,"Calhoun, MI",MI,42.24654189651943,-85.00558481697642
13101,"Echols, GA",GA,30.710050404607664,-82.8939614401204
17099,"LaSalle, IL",IL,41.343994549307226,-88.88594497987027
17103,"Lee, IL",IL,41.746193936926566,-89.30038807060235
17105,"Livingston, IL",IL,40.89157090415401,-88.55771847078897
51197,"Wythe, VA",VA,36.91710398171465,-81.07871223792769
37179,"Union, NC",NC,34.98840747141905,-80.53071999601003
17123,"Marshall, IL",IL,41.03315746309963,-89.34478050465367
72083,"Las Marías, PR",PR,18.237090239827264,-66.98342588733716
13109,"Evans, GA",GA,32.156764561306865,-81.88688163404811
48397,"Rockwall, TX",TX,32.897729634327575,-96.40778286533711
72069,"Humacao, PR",PR,18.145120320972868,-65.81050692844565
72077,"Juncos, PR",PR,18.223567202427585,-65.90888025868682
18155,"Switzerland, IN",IN,38.82619748042333,-85.03700185185556
37025,"Cabarrus, NC",NC,35.38678658670812,-80.55186546381165
37035,"Catawba, NC",NC,35.66204222987132,-81.21507007166126
13211,"Morgan, GA",GA,33.59080330045103,-83.49237353017767
40105,"Nowata, OK",OK,36.79847580576333,-95.61739670051105
40111,"Okmulgee, OK",OK,35.64666101823293,-95.96433944382731
26031,"Cheboygan, MI",MI,45.446519491660666,-84.49990074041696
54089,"Summers, WV",WV,37.655855670053725,-80.85856067514834
51115,"Mathews, VA",VA,37.43539057226032,-76.3436480680691
51169,"Scott, VA",VA,36.71428216019556,-82.60294510678021
17083,"Jersey, IL",IL,39.0856840797399,-90.35668523734932
39071,"Highland, OH",OH,39.1847168124742,-83.60098263203952
39079,"Jackson, OH",OH,39.01964968169819,-82.61838165431394
48267,"Kimble, TX",TX,30.486797438542062,-99.74868810551462
28117,"Prentiss, MS",MS,34.61828122718936,-88.52007386789629
28125,"Sharkey, MS",MS,32.879871099666,-90.81315445470962
29135,"Moniteau, MO",MO,38.63275722736804,-92.58309196829777
48271,"Kinney, TX",TX,29.350084561088607,-100.41798542835221
51650,"Hampton, VA",VA,37.055089140647056,-76.36291888222624
37143,"Perquimans, NC",NC,36.205848158037405,-76.44114255578745
29221,"Washington, MO",MO,37.96168855004197,-90.87741368104214
39069,"Henry, OH",OH,41.333878127973506,-84.06823017487895
29075,"Gentry, MO",MO,40.212048493264064,-94.4098721496489
29079,"Grundy, MO",MO,40.11392196521988,-93.56535623618387
29165,"Platte, MO",MO,39.3802924833487,-94.77381633623303
17111,"McHenry, IL",IL,42.32442428494423,-88.45233584119063
30107,"Wheatland, MT",MT,46.46629868903207,-109.84457085828994
46047,"Fall River, SD",SD,43.23937412214593,-103.52752912191488
37191,"Wayne, NC",NC,35.363964397077844,-78.00399646647885
38001,"Adams, ND",ND,46.0968324499697,-102.52850665091339
29225,"Webster, MO",MO,37.28089891009568,-92.87588214603504
36085,"Richmond, NY",NY,40.580773512856695,-74.15238558427167
28059,"Jackson, MS",MS,30.54229725388506,-88.63570055042659
29093,"Iron, MO",MO,37.55515927460649,-90.7734776239932
56037,"Sweetwater, WY",WY,41.65953368768993,-108.87956293546816
54079,"Putnam, WV",WV,38.50861836799542,-81.90899114146242
39089,"Licking, OH",OH,40.09160741972673,-82.48310246752595
45085,"Sumter, SC",SC,33.916200135506855,-80.38225563611773
46007,"Bennett, SD",SD,43.194990863408755,-101.66402571860846
18089,"Lake, IN",IN,41.41713854420433,-87.38221505948651
18107,"Montgomery, IN",IN,40.040397335673426,-86.89329763926185
18161,"Union, IN",IN,39.625594785194465,-84.92513791015591
19021,"Buena Vista, IA",IA,42.73549598809982,-95.15113459975645
36117,"Wayne, NY",NY,43.15663707675523,-77.02937262436087
48177,"Gonzales, TX",TX,29.456686850745697,-97.4925383125481
48191,"Hall, TX",TX,34.53078601549695,-100.68110905688063
48219,"Hockley, TX",TX,33.6076298479145,-102.34318909076798
12005,"Bay, FL",FL,30.26521548612463,-85.62024281873268
48257,"Kaufman, TX",TX,32.59931224590482,-96.28778549070833
31021,"Burt, NE",NE,41.851531511012425,-96.32861665594885
36011,"Cayuga, NY",NY,42.91749800480087,-76.55450638644356
31141,"Platte, NE",NE,41.571296345510895,-97.52113913448461
31145,"Red Willow, NE",NE,40.175828178396074,-100.47687711801605
31149,"Rock, NE",NE,42.421313754016246,-99.44991302943127
48247,"Jim Hogg, TX",TX,27.043419696004978,-98.69733191025438
48021,"Bastrop, TX",TX,30.10360342973255,-97.31201419675212
29111,"Lewis, MO",MO,40.096875324872265,-91.72210603903488
53001,"Adams, WA",WA,46.983382336220274,-118.56058043313998
53063,"Spokane, WA",WA,47.62066276224317,-117.40403497433945
40153,"Woodward, OK",OK,36.422621787419644,-99.26501484182397
17139,"Moultrie, IL",IL,39.64147353663316,-88.61929701812147
55091,"Pepin, WI",WI,44.5829195207847,-92.00153218413877
37033,"Caswell, NC",NC,36.393172437127994,-79.33353354686405
37185,"Warren, NC",NC,36.39652057647636,-78.10668108358882
37187,"Washington, NC",NC,35.822589036263,-76.57747821838238
33005,"Cheshire, NH",NH,42.919378132709234,-72.25118842778632
35001,"Bernalillo, NM",NM,35.051341272308875,-106.67016462788453
28107,"Panola, MS",MS,34.363908561134615,-89.95055954269384
36027,"Dutchess, NY",NY,41.76514668817286,-73.74286000422686
17193,"White, IL",IL,38.08747726000744,-88.1795551880565
18047,"Franklin, IN",IN,39.41486847890327,-85.06014333272965
02185,"North Slope, AK",AK,69.31214959526788,-153.48104285015572
05111,"Poinsett, AR",AR,35.574014785872826,-90.6629767541616
38015,"Burleigh, ND",ND,46.977379968784504,-100.46873765573345
29025,"Caldwell, MO",MO,39.65573552972946,-93.98269339085084
29091,"Howell, MO",MO,36.774023512832436,-91.88652541108759
20191,"Sumner, KS",KS,37.237312371070075,-97.4765427738525
21039,"Carlisle, KY",KY,36.85320008487635,-88.97098353747668
48197,"Hardeman, TX",TX,34.290245371980824,-99.74569205621556
31067,"Gage, NE",NE,40.26188993468661,-96.68944160809717
31077,"Greeley, NE",NE,41.56744423005232,-98.52121831463886
46065,"Hughes, SD",SD,44.38901941636333,-99.9960097775727
54051,"Marshall, WV",WV,39.86059886120608,-80.66340416845865
31097,"Johnson, NE",NE,40.39263236725096,-96.26508490650427
20145,"Pawnee, KS",KS,38.18132473117499,-99.23672224318985
26123,"Newaygo, MI",MI,43.554190126895776,-85.80092248210477
31127,"Nemaha, NE",NE,40.387650662617006,-95.84983384847209
37109,"Lincoln, NC",NC,35.48558087280177,-81.22350912533815
37197,"Yadkin, NC",NC,36.160533157245,-80.66523626238165
31083,"Harlan, NE",NE,40.17649190875214,-99.4046460197213
31093,"Howard, NE",NE,41.22004845981357,-98.5171094376379
55071,"Manitowoc, WI",WI,44.11992689506129,-87.80966931817903
42113,"Sullivan, PA",PA,41.446158441189596,-76.51223502450453
48209,"Hays, TX",TX,30.058145057481045,-98.03106418941472
48233,"Hutchinson, TX",TX,35.84003726669177,-101.35468111185976
48307,"McCulloch, TX",TX,31.198870040778303,-99.34754649507643
31173,"Thurston, NE",NE,42.158198287770695,-96.54402726866543
31175,"Valley, NE",NE,41.567320760844794,-98.98187889830619
35006,"Cibola, NM",NM,34.912528219867525,-107.99970396310803
35009,"Curry, NM",NM,34.574231821726926,-103.3469954700585
31131,"Otoe, NE",NE,40.64850041119673,-96.13476497555833
31139,"Pierce, NE",NE,42.26436079726192,-97.60130057419028
48123,"DeWitt, TX",TX,29.082065634000926,-97.35674314972594
48125,"Dickens, TX",TX,33.61645936933205,-100.77891115180354
51680,"Lynchburg, VA",VA,37.40027526818044,-79.19086205576502
51683,"Manassas, VA",VA,38.74792463595113,-77.48384977077527
13005,"Bacon, GA",GA,31.553680087486093,-82.45269850637237
13045,"Carroll, GA",GA,33.58278635872622,-85.07976834898115
21163,"Meade, KY",KY,37.96974097454854,-86.21697476531587
21191,"Pendleton, KY",KY,38.69563700048997,-84.36025441797949
39051,"Fulton, OH",OH,41.60181773344148,-84.13008801567469
30065,"Musselshell, MT",MT,46.49658446284418,-108.39810483962863
35013,"Doña Ana, NM",NM,32.35264734068167,-106.83278150181381
55083,"Oconto, WI",WI,45.026173209500094,-88.26921836889575
48077,"Clay, TX",TX,33.785507504414994,-98.20851377840621
48081,"Coke, TX",TX,31.888607588129133,-100.52988030181098
40099,"Murray, OK",OK,34.48233390551254,-97.06790209290422
13087,"Decatur, GA",GA,30.878348510707905,-84.5790467928489
27155,"Traverse, MN",MN,45.77217847124066,-96.47159115602554
27159,"Wadena, MN",MN,46.58576477399112,-94.9693949903011
27169,"Winona, MN",MN,43.986849653065015,-91.77915639471989
36049,"Lewis, NY",NY,43.78465718665334,-75.44884854633635
39059,"Guernsey, OH",OH,40.052033389428296,-81.4942579403284
05027,"Columbia, AR",AR,33.21429832104757,-93.22731371345826
48087,"Collingsworth, TX",TX,34.96483238697296,-100.27001226122555
48235,"Irion, TX",TX,31.303914339229085,-100.98239010111779
48243,"Jeff Davis, TX",TX,30.71537552414398,-104.13996015339876
48249,"Jim Wells, TX",TX,27.73135077447386,-98.08986676601151
29181,"Ripley, MO",MO,36.65280538873674,-90.8638253400127
31013,"Box Butte, NE",NE,42.219773074089254,-103.08565828425857
48281,"Lampasas, TX",TX,31.196209550277683,-98.2414493783414
48291,"Liberty, TX",TX,30.151615239939183,-94.81220757974967
41009,"Columbia, OR",OR,45.943789317339984,-123.08829773127695
28065,"Jefferson Davis, MS",MS,31.569665939820467,-89.82299812907712
28069,"Kemper, MS",MS,32.75457985655627,-88.64116921210314
29107,"Lafayette, MO",MO,39.065554203834246,-93.78550320695159
13061,"Clay, GA",GA,31.626237880866245,-84.98008738502199
28039,"George, MS",MS,30.862562979507224,-88.64397201858347
37081,"Guilford, NC",NC,36.079468349717395,-79.7889075794404
37119,"Mecklenburg, NC",NC,35.24671331460537,-80.83277923218344
37171,"Surry, NC",NC,36.41477280535244,-80.68812364833508
28005,"Amite, MS",MS,31.17442642805414,-90.8044171167643
28113,"Pike, MS",MS,31.174849978099413,-90.40417606743397
17025,"Clay, IL",IL,38.754160393019816,-88.49022976602164
55049,"Iowa, WI",WI,43.00047853821773,-90.13537425294402
48253,"Jones, TX",TX,32.73989345529402,-99.87875142548336
51550,"Chesapeake, VA",VA,36.67779366259457,-76.30238059061226
46129,"Walworth, SD",SD,45.429942877076364,-100.03153509337889
51065,"Fluvanna, VA",VA,37.841887696271485,-78.27731313064952
51520,"Bristol, VA",VA,36.617936052105065,-82.16070796118507
28063,"Jefferson, MS",MS,31.734278829792633,-91.0373435418057
28127,"Simpson, MS",MS,31.91315924203706,-89.91950000750104
17049,"Effingham, IL",IL,39.05979760561169,-88.58986009711442
01007,"Bibb, AL",AL,32.998628228925845,-87.12647507182314
30097,"Sweet Grass, MT",MT,45.813885415624064,-109.94103788866497
01019,"Cherokee, AL",AL,34.17590465311609,-85.60380095916831
28015,"Carroll, MS",MS,33.44852758043089,-89.92018117945287
55031,"Douglas, WI",WI,46.4328745992511,-91.91616249491273
01085,"Lowndes, AL",AL,32.15474570310732,-86.6501082344093
55101,"Racine, WI",WI,42.74745470004098,-88.06121440604993
28135,"Tallahatchie, MS",MS,33.95047227619556,-90.17322934727926
28145,"Union, MS",MS,34.4904773698256,-89.00386208438239
55129,"Washburn, WI",WI,45.89922933523567,-91.7912207758298
46051,"Grant, SD",SD,45.17192593132289,-96.76768230031776
41057,"Tillamook, OR",OR,45.46370392677494,-123.71267341567376
46045,"Edmunds, SD",SD,45.41878904858172,-99.21532081342124
20081,"Haskell, KS",KS,37.562222827942946,-100.87117939476896
20093,"Kearny, KS",KS,38.00023249997622,-101.3198829556369
46043,"Douglas, SD",SD,43.38691871513862,-98.36607791961586
29053,"Cooper, MO",MO,38.84354526363761,-92.81010852784502
30103,"Treasure, MT",MT,46.211453485541,-107.27163081484724
35028,"Los Alamos, NM",NM,35.869365430649715,-106.30736883329581
28019,"Choctaw, MS",MS,33.34730044219621,-89.24837937131223
37181,"Vance, NC",NC,36.364898765558756,-78.4079260905245
28073,"Lamar, MS",MS,31.20600687564467,-89.50866272360302
46057,"Hamlin, SD",SD,44.67376048806081,-97.18831893124347
55135,"Waupaca, WI",WI,44.47048885669864,-88.96478759262938
28025,"Clay, MS",MS,33.65564608055895,-88.78154771638582
48085,"Collin, TX",TX,33.18793180401466,-96.57239128232845
48095,"Concho, TX",TX,31.32657451932298,-99.86402948829846
48111,"Dallam, TX",TX,36.27788094373909,-102.60221336375152
48115,"Dawson, TX",TX,32.742555368539335,-101.94764639417349
36021,"Columbia, NY",NY,42.25008106452511,-73.63179678491522
30109,"Wibaux, MT",MT,46.965263071450984,-104.2489815304109
29131,"Miller, MO",MO,38.21450555128813,-92.42838369095284
28155,"Webster, MS",MS,33.613100829452776,-89.28480254308549
29039,"Cedar, MO",MO,37.72385237245985,-93.85660176032806
48047,"Brooks, TX",TX,27.03158303654099,-98.21874156786794
48105,"Crockett, TX",TX,30.723089286378816,-101.41204927806412
28031,"Covington, MS",MS,31.63319710418894,-89.55263056634857
28035,"Forrest, MS",MS,31.188890430524687,-89.25786593024448
05125,"Saline, AR",AR,34.6465951571083,-92.67652322823821
21143,"Lyon, KY",KY,37.01910068845361,-88.0831602174878
39081,"Jefferson, OH",OH,40.38501036176302,-80.76099603808692
37005,"Alleghany, NC",NC,36.4912936538848,-81.12790929673821
34039,"Union, NJ",NJ,40.66001624477928,-74.30850500177282
29051,"Cole, MO",MO,38.50540704995529,-92.28163958449156
21219,"Todd, KY",KY,36.83568224501858,-87.17923392818872
22049,"Jackson, LA",LA,32.30205969229333,-92.55778384410247
06049,"Modoc, CA",CA,41.58981656312058,-120.72501563385929
06087,"Santa Cruz, CA",CA,37.05618848793641,-122.00184962661211
17033,"Crawford, IL",IL,39.00269711288796,-87.7595614069562
40119,"Payne, OK",OK,36.077303683834536,-96.97581188407574
29147,"Nodaway, MO",MO,40.360746209750396,-94.88344744029378
29151,"Osage, MO",MO,38.460384331884924,-91.86182631703886
46091,"Marshall, SD",SD,45.758559632332634,-97.59864244403875
35027,"Lincoln, NM",NM,33.74529938621553,-105.45929278017437
35053,"Socorro, NM",NM,34.00716998796775,-106.93024668132591
39031,"Coshocton, OH",OH,40.30166494093131,-81.92001826615483
39033,"Crawford, OH",OH,40.85077393751615,-82.91978044655448
21073,"Franklin, KY",KY,38.23915253806735,-84.87706177250064
28099,"Neshoba, MS",MS,32.75348008835109,-89.11756548085579
28147,"Walthall, MS",MS,31.148421888264462,-90.10613780596503
51750,"Radford, VA",VA,37.12289586437825,-80.5587469753417
40123,"Pontotoc, OK",OK,34.72800220220036,-96.68445230605275
27059,"Isanti, MN",MN,45.561486754135544,-93.29513550196585
37041,"Chowan, NC",NC,36.15083674751779,-76.60789635960936
39037,"Darke, OH",OH,40.13326864651459,-84.61940476303981
26105,"Mason, MI",MI,43.995167351034326,-86.24997444150631
48439,"Tarrant, TX",TX,32.77156099933904,-97.29122712116626
16055,"Kootenai, ID",ID,47.67437462572388,-116.70182621419232
39057,"Greene, OH",OH,39.69146532092179,-83.88989053240473
39065,"Hardin, OH",OH,40.661517127358714,-83.65942524086971
29185,"St. Clair, MO",MO,38.03719355884765,-93.77596727078289
21047,"Christian, KY",KY,36.8941688657579,-87.49045443601811
21081,"Grant, KY",KY,38.64881433781493,-84.62458220942446
46103,"Pennington, SD",SD,44.00373191082232,-102.82380202568697
37061,"Duplin, NC",NC,34.93653802042304,-77.93300726449525
01045,"Dale, AL",AL,31.431810191228635,-85.61100443496244
31159,"Seward, NE",NE,40.87237944762774,-97.13951979691856
31165,"Sioux, NE",NE,42.487654662371284,-103.75887815591868
31111,"Lincoln, NE",NE,41.04774160681442,-100.74529606162203
31115,"Loup, NE",NE,41.91385120585617,-99.45438349124089
56011,"Crook, WY",WY,44.58850478037672,-104.5699359097433
56017,"Hot Springs, WY",WY,43.718953251324216,-108.4421551044954
56023,"Lincoln, WY",WY,42.26391239630535,-110.65599168299325
56027,"Niobrara, WY",WY,43.0564408796356,-104.47541724760549
12063,"Jackson, FL",FL,30.795424733424305,-85.21549243778115
27055,"Houston, MN",MN,43.671436467015425,-91.4928852924419
01105,"Perry, AL",AL,32.63846919400472,-87.29440144079504
02122,"Kenai Peninsula, AK",AK,60.26541331965074,-151.5652438961711
25023,"Plymouth, MA",MA,41.951162615970254,-70.81141076389233
46061,"Hanson, SD",SD,43.6748169520336,-97.78728453214325
47095,"Lake, TN",TN,36.33524745702559,-89.49353491958472
47099,"Lawrence, TN",TN,35.21735800682193,-87.39557645703664
56007,"Carbon, WY",WY,41.69435954761483,-106.9306670306716
55093,"Pierce, WI",WI,44.719630010266954,-92.4224126956286
55097,"Portage, WI",WI,44.47603876742341,-89.50139676245568
38039,"Griggs, ND",ND,47.45728109367664,-98.23704597509672
46115,"Spink, SD",SD,44.938023696313344,-98.34620254304656
18049,"Fulton, IN",IN,41.04697762486567,-86.2635370243981
18057,"Hamilton, IN",IN,40.072479549464575,-86.05202734084591
18077,"Jefferson, IN",IN,38.78578871740532,-85.43855043504226
18127,"Porter, IN",IN,41.46054623322723,-87.06725879780336
38029,"Emmons, ND",ND,46.28504329131061,-100.2387716892313
38057,"Mercer, ND",ND,47.309211834709835,-101.83153135025057
12101,"Pasco, FL",FL,28.30909547855736,-82.39319537627854
47179,"Washington, TN",TN,36.293285599430405,-82.4974284961119
20163,"Rooks, KS",KS,39.350225780859766,-99.32501191657443
39023,"Clark, OH",OH,39.91680908077742,-83.78386034714377
39139,"Richland, OH",OH,40.77465633692655,-82.53649630066066
30017,"Custer, MT",MT,46.252671279427375,-105.57172851579716
40129,"Roger Mills, OK",OK,35.688340058370464,-99.69576678307966
40149,"Washita, OK",OK,35.29037851478337,-98.99220958625453
27085,"McLeod, MN",MN,44.82355662722041,-94.27240089265683
31179,"Wayne, NE",NE,42.20928623535172,-97.119262785794
31183,"Wheeler, NE",NE,41.914767067865114,-98.52818128079188
32017,"Lincoln, NV",NV,37.64332831003535,-114.87754031834122
32021,"Mineral, NV",NV,38.538761977652975,-118.43508006683241
32027,"Pershing, NV",NV,40.44040933752209,-118.40441353626106
37003,"Alexander, NC",NC,35.921028192122066,-81.17701966635214
35005,"Chaves, NM",NM,33.36327779046805,-104.46690786770924
30021,"Dawson, MT",MT,47.26638273499499,-104.8994978101652
49031,"Piute, UT",UT,38.336655672641,-112.12732238611295
18019,"Clark, IN",IN,38.47717759094238,-85.70729854416508
38043,"Kidder, ND",ND,46.98014729684903,-99.78009295828383
29083,"Henry, MO",MO,38.38517858777183,-93.7927517818233
39041,"Delaware, OH",OH,40.278397351792435,-83.00487426869742
46037,"Day, SD",SD,45.36714609109679,-97.60742178809163
47061,"Grundy, TN",TN,35.38839149693532,-85.72259543519806
47069,"Hardeman, TN",TN,35.20683886908425,-88.99307462106668
47071,"Hardin, TN",TN,35.19869820780674,-88.18448954442248
29097,"Jasper, MO",MO,37.203555651565566,-94.34061071834805
32029,"Storey, NV",NV,39.44693227241752,-119.52934998813632
39027,"Clinton, OH",OH,39.41498113549397,-83.80836744405606
21091,"Hancock, KY",KY,37.84149090008978,-86.77791284146163
12081,"Manatee, FL",FL,27.47190567743959,-82.31531846354612
41037,"Lake, OR",OR,42.79348531381243,-120.38738854269204
48121,"Denton, TX",TX,33.2052438399543,-97.11700782960787
48133,"Eastland, TX",TX,32.327078612917255,-98.83230263693892
48269,"King, TX",TX,33.61654785049566,-100.25584004001304
48327,"Menard, TX",TX,30.889818054765428,-99.82059985082057
28101,"Newton, MS",MS,32.400238947923384,-89.11879431693637
29117,"Livingston, MO",MO,39.78211352584426,-93.54825544671932
29121,"Macon, MO",MO,39.83078275082686,-92.56461405716549
46027,"Clay, SD",SD,42.914681675275915,-96.97564573526793
17055,"Franklin, IL",IL,37.9922777854251,-88.92413725856049
16081,"Teton, ID",ID,43.75944550159856,-111.20762183167245
05079,"Lincoln, AR",AR,33.95744904396039,-91.73332986155597
20201,"Washington, KS",KS,39.78417867036999,-97.08753438664354
20205,"Wilson, KS",KS,37.55926512961432,-95.74341897352505
48447,"Throckmorton, TX",TX,33.17748703398847,-99.21234793885512
29139,"Montgomery, MO",MO,38.941459655639356,-91.47022826605684
47103,"Lincoln, TN",TN,35.14052807141469,-86.58896911545665
31121,"Merrick, NE",NE,41.16903980627557,-98.03801991520743
31125,"Nance, NE",NE,41.39732360595795,-97.99220456501746
46135,"Yankton, SD",SD,43.00897405385492,-97.39476433703663
05127,"Scott, AR",AR,34.86077478168221,-94.06323825597694
13199,"Meriwether, GA",GA,33.040664222233836,-84.68831071107692
21211,"Shelby, KY",KY,38.21545335416787,-85.19477852183907
40091,"McIntosh, OK",OK,35.37366086976515,-95.6668180868209
19037,"Chickasaw, IA",IA,43.060051475588196,-92.31767550328888
55141,"Wood, WI",WI,44.455336607943565,-90.04156868779889
30079,"Prairie, MT",MT,46.86050272557754,-105.37795750112299
38019,"Cavalier, ND",ND,48.77234191282144,-98.46485740941024
38021,"Dickey, ND",ND,46.11017837967821,-98.50466814152468
47027,"Clay, TN",TN,36.551140043837414,-85.5439154279163
47047,"Fayette, TN",TN,35.19711031457577,-89.4143724961098
55027,"Dodge, WI",WI,43.41629510754743,-88.70752142341385
21015,"Boone, KY",KY,38.96985577092013,-84.72783779986514
21087,"Green, KY",KY,37.264037392030126,-85.55312116210817
20167,"Russell, KS",KS,38.91480564225413,-98.76238718952273
27035,"Crow Wing, MN",MN,46.482445149471324,-94.07089870803851
18033,"DeKalb, IN",IN,41.397570214714456,-84.99905942488385
18039,"Elkhart, IN",IN,41.59739348654994,-85.85873470418164
36015,"Chemung, NY",NY,42.141262523896565,-76.76003959191029
48305,"Lynn, TX",TX,33.176835182344014,-101.81612333376175
13091,"Dodge, GA",GA,32.17220685504268,-83.16840542232751
46033,"Custer, SD",SD,43.677632207144086,-103.45153283710603
36109,"Tompkins, NY",NY,42.45202685533814,-76.47363747697769
40085,"Love, OK",OK,33.94988672552968,-97.24413092497986
37071,"Gaston, NC",NC,35.294353586315886,-81.18028428807229
21019,"Boyd, KY",KY,38.35957259337337,-82.68775351233899
12011,"Broward, FL",FL,26.152322379181037,-80.48712563481989
13119,"Franklin, GA",GA,34.375440172659985,-83.22915634034976
19149,"Plymouth, IA",IA,42.73781252458548,-96.21413283323234
47023,"Chester, TN",TN,35.42175441812223,-88.61345398719023
08007,"Archuleta, CO",CO,37.19353673333712,-107.04828747952928
38083,"Sheridan, ND",ND,47.57541039896695,-100.34567898192996
20127,"Morris, KS",KS,38.68741557855644,-96.64990012159818
20129,"Morton, KS",KS,37.19138844911043,-101.79924905833052
20133,"Neosho, KS",KS,37.55849543274056,-95.30679410545142
17013,"Calhoun, IL",IL,39.16924303428719,-90.66753073520553
12015,"Charlotte, FL",FL,26.90548521747582,-81.91226117367738
27017,"Carlton, MN",MN,46.59240865904885,-92.67703395952053
31163,"Sherman, NE",NE,41.22058938172891,-98.97620431845897
29141,"Morgan, MO",MO,38.42371661762801,-92.88599261016299
29145,"Newton, MO",MO,36.90550642741309,-94.33925588323945
46031,"Corson, SD",SD,45.708608799709985,-101.1969078378163
36039,"Greene, NY",NY,42.27651367106724,-74.12272098144103
47083,"Houston, TN",TN,36.2859798251025,-87.71707350375111
55133,"Waukesha, WI",WI,43.01822209471639,-88.30451375640772
72015,"Arroyo, PR",PR,17.998101713030383,-66.05634065721983
21009,"Barren, KY",KY,36.96558592282017,-85.93366216125541
72123,"Salinas, PR",PR,18.007170619582766,-66.25503381678718
29205,"Shelby, MO",MO,39.797763999202196,-92.07659853130416
29211,"Sullivan, MO",MO,40.21060076858144,-93.11149376647603
48331,"Milam, TX",TX,30.786332271387288,-96.97680589710166
48363,"Palo Pinto, TX",TX,32.753152725404775,-98.31301535224458
36041,"Hamilton, NY",NY,43.6611279980196,-74.49737532012566
36093,"Schenectady, NY",NY,42.81812730759885,-74.0585715183776
28077,"Lawrence, MS",MS,31.550179193006972,-90.107000882864
22089,"St. Charles, LA",LA,29.905477922606128,-90.35819453782209
22093,"St. James, LA",LA,30.0263032973775,-90.79633114690303
20187,"Stanton, KS",KS,37.56300498469527,-101.78421666469306
23009,"Hancock, ME",ME,44.66419124449299,-68.3585984198377
27049,"Goodhue, MN",MN,44.40986491819116,-92.72257214672679
13129,"Gordon, GA",GA,34.5033605690871,-84.87570724278247
29007,"Audrain, MO",MO,39.2157364196249,-91.84156315344208
42015,"Bradford, PA",PA,41.78869706636237,-76.51538647045913
46029,"Codington, SD",SD,44.977850728415156,-97.18862733875157
28097,"Montgomery, MS",MS,33.49398594554281,-89.61636878907812
38009,"Bottineau, ND",ND,48.792178838354985,-100.83331939335771
38011,"Bowman, ND",ND,46.1126238417601,-103.52070014751476
29215,"Texas, MO",MO,37.31730082265185,-91.96504500578737
29219,"Warren, MO",MO,38.76460566036097,-91.16067058642258
18045,"Fountain, IN",IN,40.120898390231886,-87.24197108216225
27065,"Kanabec, MN",MN,45.945187456827746,-93.29336989858065
21035,"Calloway, KY",KY,36.62103516573015,-88.27224810688962
21053,"Clinton, KY",KY,36.7274416528062,-85.13617382979241
28111,"Perry, MS",MS,31.17202413675867,-88.99233715525442
29045,"Clark, MO",MO,40.41033792567471,-91.73835442922203
29073,"Gasconade, MO",MO,38.44087577414343,-91.50792244878406
54077,"Preston, WV",WV,39.469326151667275,-79.66816176510684
35041,"Roosevelt, NM",NM,34.02116946655203,-103.48004909109237
44005,"Newport, RI",RI,41.55638685902066,-71.2367956924756
37073,"Gates, NC",NC,36.4449068212238,-76.70046729588364
38013,"Burke, ND",ND,48.79099686657555,-102.51829757784634
19051,"Davis, IA",IA,40.74769343581546,-92.40971356477583
05035,"Crittenden, AR",AR,35.20794386122905,-90.30883835295963
72003,"Aguada, PR",PR,18.36053096989545,-67.17499904216957
72107,"Orocovis, PR",PR,18.214894803278796,-66.43402223808144
72125,"San Germán, PR",PR,18.11111501818752,-67.03845457039981
51760,"Richmond, VA",VA,37.529466196175875,-77.47556118299529
53023,"Garfield, WA",WA,46.43163891622226,-117.54516733519931
20003,"Anderson, KS",KS,38.21418083736532,-95.29333899944078
20047,"Edwards, KS",KS,37.88761460784311,-99.31215710458548
20119,"Meade, KS",KS,37.23813195051961,-100.36625100047996
20157,"Republic, KS",KS,39.82776407122262,-97.65061755377931
50015,"Lamoille, VT",VT,44.60574115034146,-72.64140294845757
40059,"Harper, OK",OK,36.78870094796178,-99.66735661966607
72043,"Coamo, PR",PR,18.09730860818692,-66.36016361567262
31063,"Frontier, NE",NE,40.53009375177961,-100.39414992409365
41029,"Jackson, OR",OR,42.43219220981444,-122.72849855992874
16011,"Bingham, ID",ID,43.21655175084742,-112.39809334143743
72029,"Canóvanas, PR",PR,18.329040299196528,-65.8878731363319
38069,"Pierce, ND",ND,48.24959345010767,-99.97183459957317
39005,"Ashland, OH",OH,40.84601737970759,-82.27068713459808
17095,"Knox, IL",IL,40.931837741443495,-90.21323705405705
21157,"Marshall, KY",KY,36.88344279461685,-88.32937270260116
40139,"Texas, OK",OK,36.747894445866535,-101.49005221250515
48137,"Edwards, TX",TX,29.98271755347016,-100.30476482249183
48217,"Hill, TX",TX,31.990679865337906,-97.13242892414932
48299,"Llano, TX",TX,30.705738374961566,-98.68412230020242
18011,"Boone, IN",IN,40.05079933933479,-86.46870625463869
20121,"Miami, KS",KS,38.563531905684044,-94.83809568214889
31143,"Polk, NE",NE,41.18690327833263,-97.56843547859646
32005,"Douglas, NV",NV,38.91219010608723,-119.61638942462943
31087,"Hitchcock, NE",NE,40.17633760054593,-101.04225560693165
31117,"McPherson, NE",NE,41.568165022240926,-101.06050404264165
42109,"Snyder, PA",PA,40.76983942068152,-77.07016618562257
23005,"Cumberland, ME",ME,43.84641178596221,-70.39879000829212
17035,"Cumberland, IL",IL,39.273341866330895,-88.24018523334577
17039,"De Witt, IL",IL,40.17461502485114,-88.90407554578636
20041,"Dickinson, KS",KS,38.866486801514824,-97.15269782694129
20137,"Norton, KS",KS,39.784385548940264,-99.90348541126201
42025,"Carbon, PA",PA,40.9181743670077,-75.70881656376683
20179,"Sheridan, KS",KS,39.35034743900767,-100.44183950253668
26151,"Sanilac, MI",MI,43.42359716649442,-82.82013549556152
17079,"Jasper, IL",IL,39.01006378639527,-88.15384992138468
51021,"Bland, VA",VA,37.1339868410361,-81.13020783318629
40109,"Oklahoma, OK",OK,35.55152281712873,-97.40720975858903
40083,"Logan, OK",OK,35.919326129957746,-97.44330444680261
40137,"Stephens, OK",OK,34.485602736936045,-97.85148139265932
29123,"Madison, MO",MO,37.47804673496675,-90.34502139066147
29187,"St. Francois, MO",MO,37.8102660630456,-90.4722754663506
72119,"Río Grande, PR",PR,18.346684662902916,-65.81357651667838
41041,"Lincoln, OR",OR,44.6419726869129,-123.86824119016082
17155,"Putnam, IL",IL,41.20447691510005,-89.28576115292618
18023,"Clinton, IN",IN,40.30169517995556,-86.47514275048589
18063,"Hendricks, IN",IN,39.76951990450325,-86.50997023079225
18145,"Shelby, IN",IN,39.523715306495326,-85.79166262943131
26161,"Washtenaw, MI",MI,42.25321807258668,-83.8387648775043
38041,"Hettinger, ND",ND,46.43252409621887,-102.4603530932752
40063,"Hughes, OK",OK,35.04833712694762,-96.25026111595297
35023,"Hidalgo, NM",NM,31.914038052854487,-108.71477735549637
37157,"Rockingham, NC",NC,36.39601372383345,-79.77499283885614
37195,"Wilson, NC",NC,35.70514620035894,-77.91866574431376
72027,"Camuy, PR",PR,18.419041284386406,-66.86035204173449
31181,"Webster, NE",NE,40.176440847188985,-98.49996270651889
37151,"Randolph, NC",NC,35.710340053646895,-79.80600737122684
17101,"Lawrence, IL",IL,38.71995569643991,-87.72678065245977
12003,"Baker, FL",FL,30.331097919902273,-82.28462852125189
53003,"Asotin, WA",WA,46.191820745554644,-117.20303346496166
19011,"Benton, IA",IA,42.08018645568502,-92.06574296651894
31007,"Banner, NE",NE,41.54604323310969,-103.71051626109715
40025,"Cimarron, OK",OK,36.74826237832645,-102.51774524621148
40147,"Washington, OK",OK,36.715236183522855,-95.90436046795305
41053,"Polk, OR",OR,44.90353634440175,-123.41321718720438
51840,"Winchester, VA",VA,39.1735134207124,-78.17461170764297
13175,"Laurens, GA",GA,32.46365198549267,-82.92223333826969
08123,"Weld, CO",CO,40.554834286519224,-104.39246146555696
27009,"Benton, MN",MN,45.699105761377105,-93.99882914520045
27057,"Hubbard, MN",MN,47.10863790768501,-94.9166373270321
26069,"Iosco, MI",MI,44.35584286069495,-83.63585219965866
18135,"Randolph, IN",IN,40.1575877429863,-85.0114427391063
31027,"Cedar, NE",NE,42.599254220998276,-97.2524182083718
31043,"Dakota, NE",NE,42.391129034983706,-96.56456903631862
55045,"Green, WI",WI,42.67997954831674,-89.6022100076906
46025,"Clark, SD",SD,44.858240661767574,-97.72950099021674
17117,"Macoupin, IL",IL,39.2610041650631,-89.9244317102756
56009,"Converse, WY",WY,42.97233569012719,-105.50715798405226
72049,"Culebra, PR",PR,18.313873582531247,-65.28618296640387
72095,"Maunabo, PR",PR,18.017958564124143,-65.9219489534026
42077,"Lehigh, PA",PA,40.61270161207004,-75.59232908169194
49053,"Washington, UT",UT,37.280376593305405,-113.50476930763368
18153,"Sullivan, IN",IN,39.08884212786491,-87.41471967132526
19123,"Mahaska, IA",IA,41.33521489341655,-92.64091015653413
21117,"Kenton, KY",KY,38.93339565485879,-84.53331131636233
29186,"Ste. Genevieve, MO",MO,37.894409111648734,-90.1945236522636
72009,"Aibonito, PR",PR,18.131119651612725,-66.26441683787431
31099,"Kearney, NE",NE,40.50670322034536,-98.948014282701
21105,"Hickman, KY",KY,36.678129569697646,-88.9761445546238
13247,"Rockdale, GA",GA,33.65425070435243,-84.0265900693865
17077,"Jackson, IL",IL,37.78514443322731,-89.38212877276194
18183,"Whitley, IN",IN,41.139380405482115,-85.50512035141435
27007,"Beltrami, MN",MN,47.97375422574804,-94.93765105507488
19015,"Boone, IA",IA,42.03650207443015,-93.93163339378236
31045,"Dawes, NE",NE,42.71971563363532,-103.13543406382837
29229,"Wright, MO",MO,37.270152520310106,-92.4687229818754
30041,"Hill, MT",MT,48.628225285486685,-110.11118669879379
31005,"Arthur, NE",NE,41.56894337991416,-101.69580582451482
12043,"Glades, FL",FL,26.95643070782842,-81.18907378189233
39015,"Brown, OH",OH,38.934033138776364,-83.8674375283522
35025,"Lea, NM",NM,32.79210291911856,-103.4124725939301
38031,"Foster, ND",ND,47.45706424577021,-98.88298096382981
13147,"Hart, GA",GA,34.350834817028144,-82.96422076152128
05097,"Montgomery, AR",AR,34.538810773692305,-93.65952878075149
06105,"Trinity, CA",CA,40.65069929372209,-123.11263968581837
08107,"Routt, CO",CO,40.48514360967252,-106.99125344979767
12103,"Pinellas, FL",FL,27.919601540135314,-82.72559904167669
13017,"Ben Hill, GA",GA,31.75979096552452,-83.22050662751855
51183,"Sussex, VA",VA,36.92177680103805,-77.26181123877747
13071,"Colquitt, GA",GA,31.188376864146942,-83.76879848979921
41063,"Wallowa, OR",OR,45.579891494681775,-117.18105056752934
39029,"Columbiana, OH",OH,40.768425136722605,-80.77719635775082
48027,"Bell, TX",TX,31.03766574291572,-97.47823821690832
19065,"Fayette, IA",IA,42.862611086611714,-91.84435518006352
19093,"Ida, IA",IA,42.386898436170405,-95.51349742998879
13033,"Burke, GA",GA,33.06108149647406,-82.00090102559142
48375,"Potter, TX",TX,35.40129099357256,-101.89392655633917
48461,"Upton, TX",TX,31.36880186618325,-102.04313991403151
48495,"Winkler, TX",TX,31.850060607094964,-103.0483406584058
19119,"Lyon, IA",IA,43.380530580536465,-96.21023288253764
17087,"Johnson, IL",IL,37.459629315302514,-88.88092569353789
51590,"Danville, VA",VA,36.583079058083015,-79.40875275885129
27079,"Le Sueur, MN",MN,44.37143503871269,-93.73009897909009
42087,"Mifflin, PA",PA,40.61042364821018,-77.61703355075204
20007,"Barber, KS",KS,37.22885962809355,-98.68482281643057
20117,"Marshall, KS",KS,39.78356676290934,-96.52294060891873
19121,"Madison, IA",IA,41.33071142429786,-94.01554263480166
19151,"Pocahontas, IA",IA,42.73416444916401,-94.67874432702364
72067,"Hormigueros, PR",PR,18.13418177516188,-67.1140425268149
19179,"Wapello, IA",IA,41.03058136685314,-92.40946505100025
27039,"Dodge, MN",MN,44.02260691963992,-92.8620469501195
27063,"Jackson, MN",MN,43.67411861409195,-95.15401903915101
48415,"Scurry, TX",TX,32.746282682110675,-100.91642954007072
27111,"Otter Tail, MN",MN,46.40880096787833,-95.7079938654845
27165,"Watonwan, MN",MN,43.97843767055016,-94.61407412152276
72091,"Manatí, PR",PR,18.42070206421871,-66.49026178177293
19107,"Keokuk, IA",IA,41.3364575032478,-92.17863866653911
20207,"Woodson, KS",KS,37.88669687608426,-95.74013435622687
21061,"Edmonson, KY",KY,37.20879862721897,-86.23842222167913
38079,"Rolette, ND",ND,48.77245428661973,-99.84096633105251
48193,"Hamilton, TX",TX,31.70480809828472,-98.11069179072867
48433,"Stonewall, TX",TX,33.17918976479651,-100.25336395377626
48505,"Zapata, TX",TX,27.00077886072772,-99.16864636711614
13297,"Walton, GA",GA,33.78155675435902,-83.73386980893855
15005,"Kalawao, HI",HI,21.170883092903033,-156.94753437928256
19033,"Cerro Gordo, IA",IA,43.081557527751315,-93.2608136360143
17201,"Winnebago, IL",IL,42.336258922179724,-89.16086010839521
19059,"Dickinson, IA",IA,43.37791095821516,-95.15088080785755
19183,"Washington, IA",IA,41.33560631507609,-91.71785985029969
20075,"Hamilton, KS",KS,37.99912300479694,-101.7912405694022
01011,"Bullock, AL",AL,32.10052546439408,-85.71567933028645
39113,"Montgomery, OH",OH,39.75460325166446,-84.29064546935479
18167,"Vigo, IN",IN,39.4306355791122,-87.38997396415559
37067,"Forsyth, NC",NC,36.13062135156725,-80.25629771983718
19063,"Emmet, IA",IA,43.377943543605085,-94.67842860370597
27115,"Pine, MN",MN,46.12075693963078,-92.7413348138627
13231,"Pike, GA",GA,33.09228331201116,-84.38925956576274
26021,"Berrien, MI",MI,41.95467785265564,-86.41226759942244
39141,"Ross, OH",OH,39.337593609865785,-83.05702253582037
51820,"Waynesboro, VA",VA,38.067410662847664,-78.9013556744502
48059,"Callahan, TX",TX,32.297644002317526,-99.37347936424337
55033,"Dunn, WI",WI,44.94656070997548,-91.89641427605704
72139,"Trujillo Alto, PR",PR,18.33633130212251,-65.99912137260195
28045,"Hancock, MS",MS,30.416006181692786,-89.48851198756381
27143,"Sibley, MN",MN,44.57949765531178,-94.23212716811706
20039,"Decatur, KS",KS,39.784737511965865,-100.45993907281454
27105,"Nobles, MN",MN,43.67423332021646,-95.7533659633845
72073,"Jayuya, PR",PR,18.210654977846158,-66.58845237482686
19177,"Van Buren, IA",IA,40.75321809871581,-91.9499662803536
20011,"Bourbon, KS",KS,37.85520326753363,-94.84932868796622
55087,"Outagamie, WI",WI,44.41609215634503,-88.46494824553355
39063,"Hancock, OH",OH,41.001920551397184,-83.66654032011336
39149,"Shelby, OH",OH,40.331554275270406,-84.20475870996812
28079,"Leake, MS",MS,32.753519971396486,-89.52402352103951
29155,"Pemiscot, MO",MO,36.21138389245578,-89.78540088416214
54053,"Mason, WV",WV,38.769721069920365,-82.02656336987266
27149,"Stevens, MN",MN,45.586122583058255,-96.00030565805017
36023,"Cortland, NY",NY,42.59501365823196,-76.07027860398979
01003,"Baldwin, AL",AL,30.72747876693927,-87.72256353282204
01109,"Pike, AL",AL,31.802723141778166,-85.94091891113248
04015,"Mohave, AZ",AZ,35.704095159106224,-113.75795269664282
05091,"Miller, AR",AR,33.31209066913729,-93.8915527124611
72063,"Gurabo, PR",PR,18.266421208009298,-65.97928840142211
55017,"Chippewa, WI",WI,45.06940795359891,-91.27984423185916
55019,"Clark, WI",WI,44.734737132626286,-90.61207331349482
38047,"Logan, ND",ND,46.45735484352514,-99.47742304715699
38049,"McHenry, ND",ND,48.234568933417926,-100.636279574912
47171,"Unicoi, TN",TN,36.110741183996694,-82.4323057905845
26059,"Hillsdale, MI",MI,41.88778448980544,-84.59294121082296
28139,"Tippah, MS",MS,34.768354155691384,-88.90889374867118
26029,"Charlevoix, MI",MI,45.30215350185555,-85.12633662004583
26111,"Midland, MI",MI,43.6468432666558,-84.38811932010194
35059,"Union, NM",NM,36.48160046836011,-103.47099928606802
39085,"Lake, OH",OH,41.69656006685818,-81.23734278310228
35031,"McKinley, NM",NM,35.58066510157788,-108.26179435292354
41071,"Yamhill, OR",OR,45.23262604960898,-123.30813797215941
27025,"Chisago, MN",MN,45.50246011376292,-92.90833136842159
12085,"Martin, FL",FL,27.077522043942032,-80.43147131544296
40029,"Coal, OK",OK,34.588218631871214,-96.29782653516334
28009,"Benton, MS",MS,34.817293501470786,-89.18846406492385
33011,"Hillsborough, NH",NH,42.91533315606714,-71.7160846564973
36001,"Albany, NY",NY,42.600176751602,-73.97355542101843
23029,"Washington, ME",ME,45.030636613536174,-67.62879048433516
50023,"Washington, VT",VT,44.27344615648012,-72.6149455293951
01127,"Walker, AL",AL,33.803311239964835,-87.29732387115185
02164,"Lake and Peninsula, AK",AK,58.65291903396731,-156.18684615195443
29059,"Dallas, MO",MO,37.680419790179656,-93.02367036805022
29063,"DeKalb, MO",MO,39.89315456384355,-94.40472385482147
36007,"Broome, NY",NY,42.16024936542585,-75.81961998061949
28131,"Stone, MS",MS,30.78996735901088,-89.11766734497041
29049,"Clinton, MO",MO,39.6017727822206,-94.40458454740266
72145,"Vega Baja, PR",PR,18.42846060516822,-66.39792637868777
48099,"Coryell, TX",TX,31.39090691335565,-97.79922003511025
22027,"Claiborne, LA",LA,32.822635081345254,-92.99575993474208
24037,"St. Mary's, MD",MD,38.30239758454196,-76.60584716144635
26047,"Emmet, MI",MI,45.520958023054554,-84.89079686224036
29217,"Vernon, MO",MO,37.85058239597904,-94.3424358853782
04019,"Pima, AZ",AZ,32.097427295651826,-111.78990488515119
56043,"Washakie, WY",WY,43.90496992686379,-107.68281867797705
20005,"Atchison, KS",KS,39.53175192857556,-95.31348731253351
46013,"Brown, SD",SD,45.5897907215531,-98.3515979839462
46017,"Buffalo, SD",SD,44.076287843639406,-99.20483202090425
31049,"Deuel, NE",NE,41.111556153920425,-102.33378428012983
55109,"St. Croix, WI",WI,45.03407067087219,-92.4527963759755
55137,"Waushara, WI",WI,44.11312967517223,-89.24289699047547
56025,"Natrona, WY",WY,42.96206493756999,-106.79849998069722
40049,"Garvin, OK",OK,34.70456250523661,-97.30932339525835
72055,"Guánica, PR",PR,17.981964369394483,-66.91955935482756
51800,"Suffolk, VA",VA,36.695318122407954,-76.63983900498263
17045,"Edgar, IL",IL,39.678551888750505,-87.7455924670323
50001,"Addison, VT",VT,44.03090367559911,-73.14081598764317
47007,"Bledsoe, TN",TN,35.59640888412684,-85.20516155745138
26113,"Missaukee, MI",MI,44.33738905979475,-85.09472247755562
26129,"Ogemaw, MI",MI,44.33496372914927,-84.12644419285914
36037,"Genesee, NY",NY,43.00093172032094,-78.19375273874314
50013,"Grand Isle, VT",VT,44.79675860516276,-73.2948541811107
38073,"Ransom, ND",ND,46.45616096567882,-97.6574645047116
46069,"Hyde, SD",SD,44.54730051578739,-99.48705852270217
56021,"Laramie, WY",WY,41.306944273580854,-104.68949193051846
31185,"York, NE",NE,40.87274207933923,-97.59711776254863
33019,"Sullivan, NH",NH,43.36142640863237,-72.22217146106598
19193,"Woodbury, IA",IA,42.38970362478928,-96.044774644598
55115,"Shawano, WI",WI,44.78914999559765,-88.76540956266675
51035,"Carroll, VA",VA,36.73157852773856,-80.73388375976691
01031,"Coffee, AL",AL,31.402649421681172,-85.98815267828464
01123,"Tallapoosa, AL",AL,32.862350624195244,-85.79750899281659
35049,"Santa Fe, NM",NM,35.506913180431994,-105.97626432232404
47011,"Bradley, TN",TN,35.15411015279418,-84.85959765050292
31107,"Knox, NE",NE,42.63681867109078,-97.89190471016444
21233,"Webster, KY",KY,37.51844353431828,-87.68316316664009
53069,"Wahkiakum, WA",WA,46.291769177581735,-123.42442016299121
55095,"Polk, WI",WI,45.46141825672946,-92.44134465230695
55125,"Vilas, WI",WI,46.0529069879058,-89.51483953883552
41013,"Crook, OR",OR,44.14219191599323,-120.35659411138433
36005,"Bronx, NY",NY,40.850023158031526,-73.86598287156437
36055,"Monroe, NY",NY,43.14644638266002,-77.6960894661507
48319,"Mason, TX",TX,30.717712469489395,-99.22614434623964
48359,"Oldham, TX",TX,35.40504562257054,-102.60276666280328
48425,"Somervell, TX",TX,32.22225654347433,-97.77435475608017
51670,"Hopewell, VA",VA,37.291479963517325,-77.29852871625803
54029,"Hancock, WV",WV,40.52186152733722,-80.57389981356093
28119,"Quitman, MS",MS,34.25139532462742,-90.28909958218333
55053,"Jackson, WI",WI,44.31916668493585,-90.80524770162916
72109,"Patillas, PR",PR,18.031892485690832,-66.01250971553432
19039,"Clarke, IA",IA,41.029014285048746,-93.78515370107519
12091,"Okaloosa, FL",FL,30.69128365967258,-86.59172167469083
36035,"Fulton, NY",NY,43.113834867797365,-74.42216177849555
39109,"Miami, OH",OH,40.053495778828136,-84.22886706073437
31085,"Hayes, NE",NE,40.52477449166454,-101.06185726697684
31147,"Richardson, NE",NE,40.125043570442394,-95.7175477459433
51530,"Buena Vista, VA",VA,37.73189522317431,-79.35685968206595
28057,"Itawamba, MS",MS,34.279982043332524,-88.36130636231294
29037,"Cass, MO",MO,38.64698720071734,-94.35489154075098
47051,"Franklin, TN",TN,35.15503588556183,-86.09218777341367
16017,"Bonner, ID",ID,48.30004320072049,-116.60107557638287
20099,"Labette, KS",KS,37.19130785318974,-95.2975707000028
31017,"Brown, NE",NE,42.429998218644485,-99.9295005050793
40015,"Caddo, OK",OK,35.17438242690788,-98.37514046680815
19091,"Humboldt, IA",IA,42.77646003700154,-94.20716002649134
29209,"Stone, MO",MO,36.74692687622523,-93.45598935757911
28081,"Lee, MS",MS,34.289900577372904,-88.68041850792326
55047,"Green Lake, WI",WI,43.80040174076643,-89.04486894128627
55055,"Jefferson, WI",WI,43.02082846610267,-88.77588315426726
05087,"Madison, AR",AR,36.01095244456229,-93.72455118259842
08087,"Morgan, CO",CO,40.26264077234999,-103.8097164777117
39093,"Lorain, OH",OH,41.29562989089003,-82.15119700054261
46053,"Gregory, SD",SD,43.192416311399995,-99.18561069418479
46102,"Oglala Lakota, SD",SD,43.33554852390856,-102.55164330570923
48393,"Roberts, TX",TX,35.83842430057228,-100.81357042565799
36089,"St. Lawrence, NY",NY,44.496395152284606,-75.06908179337911
38025,"Dunn, ND",ND,47.35676924000523,-102.61826706589314
35035,"Otero, NM",NM,32.61319476955468,-105.74146231733677
06029,"Kern, CA",CA,35.342864363470284,-118.72991638751208
06071,"San Bernardino, CA",CA,34.84139921238718,-116.17840998570632
08063,"Kit Carson, CO",CO,39.30549435244091,-102.60294572338047
54009,"Brooke, WV",WV,40.273868865754366,-80.5764521299657
31135,"Perkins, NE",NE,40.85096590539524,-101.64979642902458
17001,"Adams, IL",IL,39.98787833459664,-91.18855698686085
51071,"Giles, VA",VA,37.31424646341328,-80.70293917317055
32019,"Lyon, NV",NV,39.020283360842626,-119.18912155353827
48013,"Atascosa, TX",TX,28.893509198441826,-98.52715240809088
48023,"Baylor, TX",TX,33.616504480633736,-99.21353889558232
48033,"Borden, TX",TX,32.74363987767022,-101.43171744180812
48071,"Chambers, TX",TX,29.738597641627848,-94.61100059523598
55041,"Forest, WI",WI,45.66734375328014,-88.77042824432922
39045,"Fairfield, OH",OH,39.751632390459584,-82.6305775456441
05033,"Crawford, AR",AR,35.58908630761966,-94.24282113342362
29163,"Pike, MO",MO,39.34383003910034,-91.17137211137458
36083,"Rensselaer, NY",NY,42.711078530813616,-73.50971810323966
72075,"Juana Díaz, PR",PR,18.051160017325127,-66.49517079271571
72071,"Isabela, PR",PR,18.450129296067157,-67.00519397263758
54105,"Wirt, WV",WV,39.022446865899546,-81.37868924801539
48019,"Bandera, TX",TX,29.74721062318023,-99.24630536389965
51770,"Roanoke, VA",VA,37.278486130857964,-79.95803917031868
51775,"Salem, VA",VA,37.286422655697145,-80.05546176142217
13275,"Thomas, GA",GA,30.863763927045305,-83.9193277570933
72085,"Las Piedras, PR",PR,18.18757385929837,-65.86929741356509
31079,"Hall, NE",NE,40.872577838714065,-98.50216662464125
72117,"Rincón, PR",PR,18.33567818746034,-67.23172336182346
08045,"Garfield, CO",CO,39.599315365500594,-107.9040311803862
02198,"Prince of Wales-Hyder, AK",AK,55.79972761062082,-133.01919913685265
13227,"Pickens, GA",GA,34.46432655915882,-84.46555468723135
48181,"Grayson, TX",TX,33.62677605446757,-96.67772629687609
48195,"Hansford, TX",TX,36.2774294299283,-101.35457239924534
48211,"Hemphill, TX",TX,35.83753899186873,-100.27061239635115
48295,"Lipscomb, TX",TX,36.27763952911882,-100.27314838706877
51620,"Franklin, VA",VA,36.68308444991232,-76.93861442912271
55103,"Richland, WI",WI,43.375634733783016,-90.42948051919869
55065,"Lafayette, WI",WI,42.66048835615173,-90.13169964937879
13281,"Towns, GA",GA,34.916710683206986,-83.73730602696065
47137,"Pickett, TN",TN,36.558402672010004,-85.07488149079083
46083,"Lincoln, SD",SD,43.27892777703191,-96.72176973754627
31129,"Nuckolls, NE",NE,40.176389236244965,-98.04718735246178
31157,"Scotts Bluff, NE",NE,41.8505871982942,-103.70799024105894
48297,"Live Oak, TX",TX,28.351400990977957,-98.12482865076383
46081,"Lawrence, SD",SD,44.358632666732326,-103.79228791697399
31001,"Adams, NE",NE,40.52447611392715,-98.50120921088981
55078,"Menominee, WI",WI,45.00437743143281,-88.71004163326674
51710,"Norfolk, VA",VA,36.89452163684652,-76.25901676567955
51735,"Poquoson, VA",VA,37.13178476941527,-76.35687106425218
29169,"Pulaski, MO",MO,37.82458078384015,-92.20763840580707
20103,"Leavenworth, KS",KS,39.199308667132264,-95.03798734274793
51660,"Harrisonburg, VA",VA,38.436205248273566,-78.87345309974245
38063,"Nelson, ND",ND,47.921700629149136,-98.19205659436996
38081,"Sargent, ND",ND,46.10782593308688,-97.63055638428337
31019,"Buffalo, NE",NE,40.85515478859214,-99.07497831004139
31011,"Boone, NE",NE,41.706783918057546,-98.06723996235583
31015,"Boyd, NE",NE,42.89969629230695,-98.76654088789627
29175,"Randolph, MO",MO,39.44013584862049,-92.49707867886957
30025,"Fallon, MT",MT,46.334003796265286,-104.41738291506879
48101,"Cottle, TX",TX,34.077643417487835,-100.27879212688607
48259,"Kendall, TX",TX,29.944659239505206,-98.71155151872696
48463,"Uvalde, TX",TX,29.357307363415558,-99.76230117650907
72129,"San Lorenzo, PR",PR,18.14802390365189,-65.97645196198515
19145,"Page, IA",IA,40.73913258351384,-95.15020276582291
31101,"Keith, NE",NE,41.19883824121414,-101.66128214457484
55013,"Burnett, WI",WI,45.86266969274587,-92.36757937209974
36003,"Allegany, NY",NY,42.25740172332472,-78.02758161648093
29065,"Dent, MO",MO,37.60663057323756,-91.50791278507243
55009,"Brown, WI",WI,44.45294303999048,-88.00373326610257
47017,"Carroll, TN",TN,35.973156685393725,-88.4502757532705
51640,"Galax, VA",VA,36.666009959383416,-80.91760190206384
55061,"Kewaunee, WI",WI,44.51607781429865,-87.61528358579086
20197,"Wabaunsee, KS",KS,38.95326993358754,-96.20499592102692
51700,"Newport News, VA",VA,37.10514981599662,-76.51848559760111
55063,"La Crosse, WI",WI,43.90657567582268,-91.11521540161961
50021,"Rutland, VT",VT,43.580075628732054,-73.03661801178542
46019,"Butte, SD",SD,44.905772075563014,-103.50792825383547
48325,"Medina, TX",TX,29.355693043429522,-99.11016728993762
48329,"Midland, TX",TX,31.869136907270242,-102.03159524665242
48335,"Mitchell, TX",TX,32.306201533138115,-100.92113847388714
51077,"Grayson, VA",VA,36.65655451019596,-81.22477509975226
08025,"Crowley, CO",CO,38.32658632505793,-103.7844708388175
55131,"Washington, WI",WI,43.36847519860362,-88.23072509206617
34017,"Hudson, NJ",NJ,40.735102362186204,-74.07770569139788
17037,"DeKalb, IL",IL,41.8935293758552,-88.77031406180186
29153,"Ozark, MO",MO,36.64931291517177,-92.44468627746596
30011,"Carter, MT",MT,45.516790338905665,-104.5361595283471
31069,"Garden, NE",NE,41.619401069064146,-102.33545837767801
12017,"Citrus, FL",FL,28.848910853746606,-82.47939451581992
20161,"Riley, KS",KS,39.29656769317891,-96.73515678683286
21059,"Daviess, KY",KY,37.73178563624608,-87.08726981130886
39173,"Wood, OH",OH,41.361696956012366,-83.62298917396862
17093,"Kendall, IL",IL,41.590565477890486,-88.4287969179681
17127,"Massac, IL",IL,37.21896984324482,-88.7077219383499
39087,"Lawrence, OH",OH,38.59841852014224,-82.5367786606436
35043,"Sandoval, NM",NM,35.68857594929251,-106.86594121840271
37045,"Cleveland, NC",NC,35.33408479895232,-81.55554656739817
55035,"Eau Claire, WI",WI,44.72678037921127,-91.28598002887193
55099,"Price, WI",WI,45.680393341290376,-90.361399539054
31057,"Dundy, NE",NE,40.17620051868395,-101.68794739598594
31075,"Grant, NE",NE,41.91497070098233,-101.74054369810973
31105,"Kimball, NE",NE,41.197767991816484,-103.71491727076256
28061,"Jasper, MS",MS,32.01912853370288,-89.1188367207382
17119,"Madison, IL",IL,38.829867178573,-89.90513714788156
21121,"Knox, KY",KY,36.89064843281336,-83.85404403118106
21177,"Muhlenberg, KY",KY,37.21578974706442,-87.14203054728934
54103,"Wetzel, WV",WV,39.60528121404712,-80.63911410575787
55107,"Rusk, WI",WI,45.475143004374814,-91.13316554806518
48443,"Terrell, TX",TX,30.224999915617374,-102.07648491088435
48491,"Williamson, TX",TX,30.648033159755386,-97.60075125165237
51009,"Amherst, VA",VA,37.60479924691893,-79.14514648924205
51047,"Culpeper, VA",VA,38.486029021173486,-77.95583367127404
39145,"Scioto, OH",OH,38.80399918082426,-82.99282759277435
40003,"Alfalfa, OK",OK,36.73103816414096,-98.32400838255708
46119,"Sully, SD",SD,44.715569568706975,-100.13223213010109
19031,"Cedar, IA",IA,41.772320438971384,-91.13243116629921
20019,"Chautauqua, KS",KS,37.150025458144796,-96.24538277313769
20079,"Harvey, KS",KS,38.04321375981529,-97.42723286352559
20107,"Linn, KS",KS,38.21226066566053,-94.84297032065915
46101,"Moody, SD",SD,44.0219692586521,-96.67088887513421
55117,"Sheboygan, WI",WI,43.72117335143764,-87.94536569366878
55139,"Winnebago, WI",WI,44.06888991370729,-88.64464869291888
05081,"Little River, AR",AR,33.700511447751154,-94.23434658306978
12083,"Marion, FL",FL,29.21020747879416,-82.05665151069297
13127,"Glynn, GA",GA,31.230896488306307,-81.54071676718564
29115,"Linn, MO",MO,39.87020238128844,-93.10719868298659
51119,"Middlesex, VA",VA,37.63027567140618,-76.56974806269298
51139,"Page, VA",VA,38.619436933989185,-78.48438942029328
51730,"Petersburg, VA",VA,37.20429553517465,-77.39129856178641
37129,"New Hanover, NC",NC,34.23277287573914,-77.88471177124862
37167,"Stanly, NC",NC,35.31198126499317,-80.25098429450301
38077,"Richland, ND",ND,46.26460621527204,-96.94829461306571
45079,"Richland, SC",SC,34.02184955483959,-80.90309595107837
06017,"El Dorado, CA",CA,38.77873549714167,-120.52465737213436
12125,"Union, FL",FL,30.043854965375022,-82.37143421304569
19085,"Harrison, IA",IA,41.68285868214177,-95.81683521170251
47015,"Cannon, TN",TN,35.808670499829006,-86.06173582006797
48159,"Franklin, TX",TX,33.17552532800489,-95.21843429680315
32007,"Elko, NV",NV,41.14581553726847,-115.35776453771656
17163,"St. Clair, IL",IL,38.47033002908368,-89.92838112467138
30111,"Yellowstone, MT",MT,45.93734437039294,-108.27441580045297
31025,"Cass, NE",NE,40.909711487732395,-96.14087548318192
22019,"Calcasieu, LA",LA,30.22927163338553,-93.35801271230397
47141,"Putnam, TN",TN,36.14081595138281,-85.49515123073688
47175,"Van Buren, TN",TN,35.695970991211944,-85.45263162650677
48039,"Brazoria, TX",TX,29.189654972967393,-95.451925771854
48223,"Hopkins, TX",TX,33.149554401275864,-95.56395295766536
48321,"Matagorda, TX",TX,28.821159278518145,-96.0109980277259
48387,"Red River, TX",TX,33.620746647636466,-95.05026589437524
46137,"Ziebach, SD",SD,44.98041410443453,-101.66579972426156
47059,"Greene, TN",TN,36.175337602385206,-82.84582904266234
01099,"Monroe, AL",AL,31.57087541673853,-87.36543633099075
42129,"Westmoreland, PA",PA,40.31072399496628,-79.46696261485496
48003,"Andrews, TX",TX,32.3050303065035,-102.63773744304801
48265,"Kerr, TX",TX,30.061455258795046,-99.35001215727924
48293,"Limestone, TX",TX,31.545456802623765,-96.58050711895096
48437,"Swisher, TX",TX,34.530393659209786,-101.7349941459169
06067,"Sacramento, CA",CA,38.44931684885277,-121.34425336568765
17143,"Peoria, IL",IL,40.78804569197607,-89.7599627388572
01079,"Lawrence, AL",AL,34.52167795535142,-87.31099055710466
19069,"Franklin, IA",IA,42.73254379612189,-93.26247472244144
16067,"Minidoka, ID",ID,42.85429247244846,-113.63747008364714
42057,"Fulton, PA",PA,39.925356531125416,-78.11268552531664
27037,"Dakota, MN",MN,44.671870416384216,-93.0654345002742
05139,"Union, AR",AR,33.17130192417115,-92.59726943648324
27051,"Grant, MN",MN,45.93405115098191,-96.01217476386006
48075,"Childress, TX",TX,34.529140040604794,-100.20761794142128
45031,"Darlington, SC",SC,34.33251449166289,-79.95771336435612
17169,"Schuyler, IL",IL,40.15802994896193,-90.61507353843079
17171,"Scott, IL",IL,39.644124026968996,-90.47470012895272
54091,"Taylor, WV",WV,39.335980079006696,-80.04618853706661
13173,"Lanier, GA",GA,31.037873014197757,-83.06275656378837
48237,"Jack, TX",TX,33.233467660672886,-98.17246749092483
20035,"Cowley, KS",KS,37.23770918886446,-96.83752845410318
13131,"Grady, GA",GA,30.874665907997098,-84.23444072471816
20155,"Reno, KS",KS,37.95295884789992,-98.08598674367595
12117,"Seminole, FL",FL,28.716972758150618,-81.23631749629911
13013,"Barrow, GA",GA,33.99318851194388,-83.71273176520245
45049,"Hampton, SC",SC,32.77629138414447,-81.14069480019994
48063,"Camp, TX",TX,32.97320759211422,-94.97851988137793
16077,"Power, ID",ID,42.693644414612734,-112.84066931679524
49015,"Emery, UT",UT,38.996739359944854,-110.70059843760184
02105,"Hoonah-Angoon, AK",AK,58.28835669160456,-135.64299333971255
22039,"Evangeline, LA",LA,30.728949844805722,-92.40590574867467
51097,"King and Queen, VA",VA,37.71863566722168,-76.89528219892067
06007,"Butte, CA",CA,39.6669353446951,-121.60068082611362
13241,"Rabun, GA",GA,34.88173555762309,-83.40208021933655
01025,"Clarke, AL",AL,31.67667781209924,-87.83080861554338
08067,"La Plata, CO",CO,37.28655413856314,-107.84332957991037
13263,"Talbot, GA",GA,32.69949851204999,-84.53300952425894
21037,"Campbell, KY",KY,38.946514687879436,-84.37951741018956
16047,"Gooding, ID",ID,42.97102592237642,-114.81153827830833
48255,"Karnes, TX",TX,28.905729254640317,-97.85938066078562
47111,"Macon, TN",TN,36.53200013497039,-86.00727161260424
48153,"Floyd, TX",TX,34.072427053883175,-101.30323487596705
48169,"Garza, TX",TX,33.1798664548793,-101.29845677415351
17199,"Williamson, IL",IL,37.73025419311814,-88.92991758511597
46021,"Campbell, SD",SD,45.77117219462508,-100.05161197597022
28093,"Marshall, MS",MS,34.76228189567693,-89.50306493107271
29089,"Howard, MO",MO,39.14250043944092,-92.69627275237794
36101,"Steuben, NY",NY,42.267808860581404,-77.3837932352066
37063,"Durham, NC",NC,36.036016820763216,-78.87662142973515
35029,"Luna, NM",NM,32.182226457684955,-107.74980809748074
29003,"Andrew, MO",MO,39.98353756295316,-94.80209503373119
29015,"Benton, MO",MO,38.29484861094397,-93.2879273709085
51690,"Martinsville, VA",VA,36.682652205246804,-79.86362136573443
19129,"Mills, IA",IA,41.03343007546713,-95.62131842820664
21023,"Bracken, KY",KY,38.68879489397331,-84.09014459480437
37135,"Orange, NC",NC,36.06110474900705,-79.12065991858002
38091,"Steele, ND",ND,47.456166841504846,-97.72469897815513
08095,"Phillips, CO",CO,40.593973317232724,-102.35760124500776
48207,"Haskell, TX",TX,33.17823036065782,-99.73030384349107
54075,"Pocahontas, WV",WV,38.331798617393865,-80.0077819962417
25015,"Hampshire, MA",MA,42.34015350159336,-72.6637858344468
21115,"Johnson, KY",KY,37.84664100717844,-82.83151469721984
39161,"Van Wert, OH",OH,40.855407383576896,-84.58611591198941
29043,"Christian, MO",MO,36.96956913740036,-93.18885852063833
13097,"Douglas, GA",GA,33.70184254125166,-84.76795534667156
13155,"Irwin, GA",GA,31.60221363525994,-83.27635387196311
38075,"Renville, ND",ND,48.71906618265789,-101.65780564622636
38093,"Stutsman, ND",ND,46.979234267538786,-98.95883534915775
39003,"Allen, OH",OH,40.77153930419597,-84.10579194618808
39021,"Champaign, OH",OH,40.137708956954086,-83.76952765051811
01081,"Lee, AL",AL,32.6011356475738,-85.35547858790139
26127,"Oceana, MI",MI,43.6409336429488,-86.26757844064224
26145,"Saginaw, MI",MI,43.335042041673496,-84.05316962608013
49039,"Sanpete, UT",UT,39.373949674765186,-111.57627385081089
50005,"Caledonia, VT",VT,44.464687037965305,-72.10221130175543
51167,"Russell, VA",VA,36.93385793785242,-82.09537328793365
51595,"Emporia, VA",VA,36.6953440180471,-77.53558946564446
51678,"Lexington, VA",VA,37.7825062536846,-79.44398355045766
41069,"Wheeler, OR",OR,44.72599234272007,-120.02750451375654
42085,"Mercer, PA",PA,41.30218691956238,-80.2576811661662
22061,"Lincoln, LA",LA,32.60161626031195,-92.66483582632878
28027,"Coahoma, MS",MS,34.22918304474265,-90.60268275219155
51061,"Fauquier, VA",VA,38.7386482690818,-77.80923849580698
55029,"Door, WI",WI,44.94729999756531,-87.31350351862093
21095,"Harlan, KY",KY,36.856945509152546,-83.21799385909364
47079,"Henry, TN",TN,36.33177881543896,-88.30127838157453
42125,"Washington, PA",PA,40.18940354138588,-80.24823903278072
06015,"Del Norte, CA",CA,41.74313490327899,-123.8972400230874
16003,"Adams, ID",ID,44.889593222254135,-116.45382543640274
21107,"Hopkins, KY",KY,37.30883958333233,-87.540836611603
16049,"Idaho, ID",ID,45.84406963114124,-115.46750875765208
36063,"Niagara, NY",NY,43.20006122999729,-78.74524868960145
51117,"Mecklenburg, VA",VA,36.68035567515906,-78.3627450706829
13153,"Houston, GA",GA,32.45900724874561,-83.6662261769682
23001,"Androscoggin, ME",ME,44.165791019348994,-70.20647121027937
21185,"Oldham, KY",KY,38.399438050651725,-85.4483391565282
27047,"Freeborn, MN",MN,43.67380835483273,-93.34882080380032
28003,"Alcorn, MS",MS,34.880810037431765,-88.58026288877173
28123,"Scott, MS",MS,32.406385450648344,-89.53763030730657
42039,"Crawford, PA",PA,41.68470617557998,-80.10624937241566
18025,"Crawford, IN",IN,38.29238156814547,-86.45172410530243
21161,"Mason, KY",KY,38.59518639387623,-83.82408709096578
27003,"Anoka, MN",MN,45.27325655172094,-93.24647728347087
31155,"Saunders, NE",NE,41.22636520025663,-96.63737948989281
45075,"Orangeburg, SC",SC,33.438996606460705,-80.80029801501533
48201,"Harris, TX",TX,29.857738864822473,-95.39360995119391
39011,"Auglaize, OH",OH,40.56091870358066,-84.22172795879216
20115,"Marion, KS",KS,38.35886741141062,-97.09688686837393
20165,"Rush, KS",KS,38.52312790320487,-99.30915300755582
26107,"Mecosta, MI",MI,43.640772355297045,-85.3246034042141
40051,"Grady, OK",OK,35.01694167808249,-97.88411647719104
40077,"Latimer, OK",OK,34.87609208221694,-95.25039054705385
18081,"Johnson, IN",IN,39.489962242061225,-86.10159622311738
29103,"Knox, MO",MO,40.12824220012403,-92.14806315626167
29127,"Marion, MO",MO,39.80594396626462,-91.62243354962895
29161,"Phelps, MO",MO,37.877166731402376,-91.79233714515854
39049,"Franklin, OH",OH,39.96954220974807,-83.00929574699312
22007,"Assumption, LA",LA,29.900782621804474,-91.06258774626066
05059,"Hot Spring, AR",AR,34.31762873758588,-92.94594016282792
05143,"Washington, AR",AR,35.97906307205256,-94.21557553246848
40011,"Blaine, OK",OK,35.87521065786427,-98.43344145145703
29179,"Reynolds, MO",MO,37.36231936987459,-90.96908594093216
40097,"Mayes, OK",OK,36.3018662034364,-95.2308455024509
26049,"Genesee, MI",MI,43.02172072778064,-83.70670934605141
21057,"Cumberland, KY",KY,36.78659786357602,-85.38851234787884
39111,"Monroe, OH",OH,39.72735638318527,-81.08292522051066
46105,"Perkins, SD",SD,45.490467571232465,-102.47569308928813
42093,"Montour, PA",PA,41.027866789426476,-76.65858584414516
08057,"Jackson, CO",CO,40.66644567596359,-106.3427900482807
33009,"Grafton, NH",NH,43.94066039232836,-71.8207475995904
39101,"Marion, OH",OH,40.58718719835259,-83.16087529843536
30063,"Missoula, MT",MT,47.03651207348742,-113.92370398680254
36111,"Ulster, NY",NY,41.88813880579084,-74.25854439664687
23017,"Oxford, ME",ME,44.49987253844617,-70.75660576738426
45013,"Beaufort, SC",SC,32.38554044539781,-80.73021038913531
34011,"Cumberland, NJ",NJ,39.37383947046901,-75.11075138928764
48345,"Motley, TX",TX,34.074063249705425,-100.77981382092818
25027,"Worcester, MA",MA,42.35142184415481,-71.90774264600631
47187,"Williamson, TN",TN,35.89383742915307,-86.89864309373002
04025,"Yavapai, AZ",AZ,34.59990365784673,-112.55390468776022
08079,"Mineral, CO",CO,37.66894228649348,-106.92412193366985
41067,"Washington, OR",OR,45.56005544824611,-123.09837999724968
18013,"Brown, IN",IN,39.19623153578478,-86.22737678006371
26081,"Kent, MI",MI,43.032150746298676,-85.54929358545455
26085,"Lake, MI",MI,43.99011423998927,-85.80163340089419
55081,"Monroe, WI",WI,43.94574599348095,-90.6177958350602
21149,"McLean, KY",KY,37.529192909117064,-87.26360911090019
29071,"Franklin, MO",MO,38.41111999690784,-91.0750308054533
29213,"Taney, MO",MO,36.654760054478146,-93.04113448895528
30091,"Sheridan, MT",MT,48.721233169177935,-104.5046732135951
19155,"Pottawattamie, IA",IA,41.336622830927375,-95.54229497238848
18087,"LaGrange, IN",IN,41.64262145134996,-85.42649136538262
18113,"Noble, IN",IN,41.398602836637686,-85.41749644845041
29101,"Johnson, MO",MO,38.74405968958984,-93.80641474251073
18151,"Steuben, IN",IN,41.64389192707598,-85.00085915878145
26157,"Tuscola, MI",MI,43.46452228344518,-83.41688333230306
29129,"Mercer, MO",MO,40.422333724338934,-93.56855068400645
36087,"Rockland, NY",NY,41.15237652277932,-74.0240618425228
47067,"Hancock, TN",TN,36.52361267995013,-83.22189584444179
47033,"Crockett, TN",TN,35.813534378707494,-89.13950382801559
47159,"Smith, TN",TN,36.250506415704784,-85.95671182682197
48073,"Cherokee, TX",TX,31.83696740195851,-95.16518981003709
30047,"Lake, MT",MT,47.645905830038174,-114.08934168344373
31059,"Fillmore, NE",NE,40.524656889845566,-97.59649990043216
22013,"Bienville, LA",LA,32.34717072866756,-93.05597977046475
22085,"Sabine, LA",LA,31.56400056386607,-93.55459812197542
24013,"Carroll, MD",MD,39.562884093915955,-77.02254594636807
26109,"Menominee, MI",MI,45.580033723837154,-87.55656863414795
04027,"Yuma, AZ",AZ,32.76937662032427,-113.9055555770482
13105,"Elbert, GA",GA,34.11679503971489,-82.84014598002615
21223,"Trimble, KY",KY,38.6129971059655,-85.33754103060927
31061,"Franklin, NE",NE,40.176326760244415,-98.95279855630152
47077,"Henderson, TN",TN,35.65423189614695,-88.38802703964545
48031,"Blanco, TX",TX,30.266355365595228,-98.39987955320352
16057,"Latah, ID",ID,46.81617003676458,-116.71168186657472
37011,"Avery, NC",NC,36.07654208790326,-81.92258339217938
21225,"Union, KY",KY,37.65846199114369,-87.94534461799584
48501,"Yoakum, TX",TX,33.17299442262301,-102.82778297821753
37077,"Granville, NC",NC,36.30404948593293,-78.65272269937773
13163,"Jefferson, GA",GA,33.054865346172456,-82.41817746894817
13221,"Oglethorpe, GA",GA,33.880668194202116,-83.08070771617628
24041,"Talbot, MD",MD,38.771346017291904,-76.09710010326232
26083,"Keweenaw, MI",MI,47.627912427296636,-88.43455698913674
16005,"Bannock, ID",ID,42.66848736883945,-112.2246106315902
49013,"Duchesne, UT",UT,40.29822784023471,-110.42516778404432
51001,"Accomack, VA",VA,37.764260232097335,-75.63327003791106
51109,"Louisa, VA",VA,37.97819672088258,-77.96289165896472
51163,"Rockbridge, VA",VA,37.81452202072419,-79.44727340837018
53017,"Douglas, WA",WA,47.73610351683246,-119.69178815551307
05075,"Lawrence, AR",AR,36.04122681848132,-91.10709583181772
05131,"Sebastian, AR",AR,35.199660327844946,-94.27417847062952
06065,"Riverside, CA",CA,33.74366319247109,-115.99380653350666
01069,"Houston, AL",AL,31.153200882578385,-85.30247404303597
01121,"Talladega, AL",AL,33.38007938419927,-86.16588537343468
04012,"La Paz, AZ",AZ,33.729243716591746,-113.98132415701498
13039,"Camden, GA",GA,30.9305629089952,-81.66997639236853
40087,"McClain, OK",OK,35.00933604720479,-97.44430463613928
27027,"Clay, MN",MN,46.89235047355705,-96.49064955433415
27113,"Pennington, MN",MN,48.066232207837544,-96.03669990648172
29099,"Jefferson, MO",MO,38.261059801880634,-90.53773141033935
48117,"Deaf Smith, TX",TX,34.966031857378354,-102.60498391986245
48147,"Fannin, TX",TX,33.59383164106463,-96.10686471580756
17065,"Hamilton, IL",IL,38.08154030998644,-88.53910015803606
45033,"Dillon, SC",SC,34.39149489308276,-79.37892526567698
31073,"Gosper, NE",NE,40.51481873658771,-99.83070272142194
39075,"Holmes, OH",OH,40.56120787095739,-81.92934087401707
48171,"Gillespie, TX",TX,30.318037051602637,-98.94655484362227
55079,"Milwaukee, WI",WI,43.00719656824836,-87.96677179509463
26139,"Ottawa, MI",MI,42.959848666118766,-85.99610113275752
